24.03.2016,13:55:00,OL,24.3,25.1,OL.1
24.03.2016,13:55:02,OL,23.4,24.4,OL
24.03.2016,13:55:04,OL,23.9,25.0,OL
24.03.2016,13:55:06,OL,24.4,25.4,OL
24.03.2016,13:55:08,OL,24.1,25.5,OL
24.03.2016,13:55:10,OL,24.4,25.2,OL
24.03.2016,13:55:12,OL,24.9,24.9,OL
24.03.2016,13:55:14,OL,23.9,25.7,OL
24.03.2016,13:55:16,OL,24.5,25.3,OL
24.03.2016,13:55:18,OL,24.2,25.2,OL
24.03.2016,13:55:20,OL,24.3,24.8,OL
24.03.2016,13:55:22,OL,24.4,24.8,OL
24.03.2016,13:55:24,OL,24.2,25.3,OL
24.03.2016,13:55:26,OL,24.4,25.1,OL
24.03.2016,13:55:28,OL,24.4,25.0,OL
24.03.2016,13:55:30,OL,23.8,25.4,OL
24.03.2016,13:55:32,OL,24.2,25.4,OL
24.03.2016,13:55:34,OL,24.0,25.2,OL
24.03.2016,13:55:36,OL,23.7,25.3,OL
24.03.2016,13:55:38,OL,24.2,25.0,OL
24.03.2016,13:55:40,OL,24.1,24.6,OL
24.03.2016,13:55:42,OL,24.1,24.9,OL
24.03.2016,13:55:44,OL,23.1,25.7,OL
24.03.2016,13:55:46,OL,23.3,25.3,OL
24.03.2016,13:55:48,OL,23.5,25.1,OL
24.03.2016,13:55:50,OL,24.2,25.1,OL
24.03.2016,13:55:52,OL,23.5,25.4,OL
24.03.2016,13:55:54,OL,23.2,25.2,OL
24.03.2016,13:55:56,OL,23.3,25.5,OL
24.03.2016,13:55:58,OL,24.4,25.0,OL
24.03.2016,13:56:00,OL,23.3,24.7,OL
24.03.2016,13:56:02,OL,24.1,24.6,OL
24.03.2016,13:56:04,OL,23.5,25.6,OL
24.03.2016,13:56:06,OL,23.9,25.6,OL
24.03.2016,13:56:08,OL,23.4,25.2,OL
24.03.2016,13:56:10,OL,23.1,24.5,OL
24.03.2016,13:56:12,OL,23.3,24.4,OL
24.03.2016,13:56:14,OL,23.5,24.7,OL
24.03.2016,13:56:16,OL,22.8,24.3,OL
24.03.2016,13:56:18,OL,23.8,24.7,OL
24.03.2016,13:56:20,OL,23.2,24.4,OL
24.03.2016,13:56:22,OL,22.7,24.2,OL
24.03.2016,13:56:24,OL,23.3,24.7,OL
24.03.2016,13:56:26,OL,23.1,24.6,OL
24.03.2016,13:56:28,OL,23.0,24.6,OL
24.03.2016,13:56:30,OL,24.0,24.7,OL
24.03.2016,13:56:32,OL,24.1,24.2,OL
24.03.2016,13:56:34,OL,,23.9,OL
24.03.2016,13:56:36,OL,22.8,25.2,OL
24.03.2016,13:56:38,OL,23.0,25.8,OL
24.03.2016,13:56:40,OL,23.3,26.8,OL
24.03.2016,13:56:42,OL,23.0,26.9,OL
24.03.2016,13:56:44,OL,23.4,28.1,OL
24.03.2016,13:56:46,OL,22.9,28.8,OL
24.03.2016,13:56:48,OL,23.7,28.8,OL
24.03.2016,13:56:50,OL,24.3,29.9,OL
24.03.2016,13:56:52,OL,24.5,30.8,OL
24.03.2016,13:56:54,OL,24.4,32.0,OL
24.03.2016,13:56:56,OL,23.7,32.4,OL
24.03.2016,13:56:58,OL,23.8,33.6,OL
24.03.2016,13:57:00,OL,24.3,35.1,OL
24.03.2016,13:57:02,OL,25.0,35.0,OL
24.03.2016,13:57:04,OL,25.5,34.8,OL
24.03.2016,13:57:06,OL,25.9,34.7,OL
24.03.2016,13:57:08,OL,25.7,34.4,OL
24.03.2016,13:57:10,OL,25.2,34.0,OL
24.03.2016,13:57:12,OL,25.1,33.3,OL
24.03.2016,13:57:14,OL,25.4,33.9,OL
24.03.2016,13:57:16,OL,24.7,32.5,OL
24.03.2016,13:57:18,OL,25.3,32.7,OL
24.03.2016,13:57:20,OL,24.9,32.8,OL
24.03.2016,13:57:22,OL,24.4,32.7,OL
24.03.2016,13:57:24,OL,25.2,32.5,OL
24.03.2016,13:57:26,OL,24.9,32.5,OL
24.03.2016,13:57:28,OL,24.6,31.1,OL
24.03.2016,13:57:30,OL,24.3,32.4,OL
24.03.2016,13:57:32,OL,24.7,31.6,OL
24.03.2016,13:57:34,OL,23.5,31.6,OL
24.03.2016,13:57:36,OL,24.2,31.5,OL
24.03.2016,13:57:38,OL,25.5,32.2,OL
24.03.2016,13:57:40,OL,26.8,32.1,OL
24.03.2016,13:57:42,OL,28.4,33.8,OL
24.03.2016,13:57:44,OL,31.0,34.9,OL
24.03.2016,13:57:46,OL,32.8,36.6,OL
24.03.2016,13:57:48,OL,34.9,38.1,OL
24.03.2016,13:57:50,OL,36.6,37.8,OL
24.03.2016,13:57:52,OL,40.2,39.5,OL
24.03.2016,13:57:54,OL,42.0,39.4,OL
24.03.2016,13:57:56,OL,44.3,41.5,OL
24.03.2016,13:57:58,OL,45.5,43.0,OL
24.03.2016,13:58:00,OL,46.6,44.9,OL
24.03.2016,13:58:02,OL,47.5,46.4,OL
24.03.2016,13:58:04,OL,50.3,48.6,OL
24.03.2016,13:58:06,OL,52.6,50.0,OL
24.03.2016,13:58:08,OL,53.4,51.1,OL
24.03.2016,13:58:10,OL,55.5,52.1,OL
24.03.2016,13:58:12,OL,55.6,54.5,OL
24.03.2016,13:58:14,OL,57.9,55.2,OL
24.03.2016,13:58:16,OL,59.8,56.4,OL
24.03.2016,13:58:18,OL,61.4,57.2,OL
24.03.2016,13:58:20,OL,63.0,59.0,OL
24.03.2016,13:58:22,OL,65.8,59.3,OL
24.03.2016,13:58:24,OL,67.3,61.9,OL
24.03.2016,13:58:26,OL,69.6,62.9,OL
24.03.2016,13:58:28,OL,72.6,64.0,OL
24.03.2016,13:58:30,OL,74.4,65.0,OL
24.03.2016,13:58:32,OL,77.4,66.1,OL
24.03.2016,13:58:34,OL,79.6,68.2,OL
24.03.2016,13:58:36,OL,82.5,70.8,OL
24.03.2016,13:58:38,OL,85.9,73.3,OL
24.03.2016,13:58:40,OL,89.0,75.6,OL
24.03.2016,13:58:42,OL,92.4,76.7,OL
24.03.2016,13:58:44,OL,95.4,78.8,OL
24.03.2016,13:58:46,OL,97.9,80.6,OL
24.03.2016,13:58:48,OL,101.4,82.9,OL
24.03.2016,13:58:50,OL,103.4,84.8,OL
24.03.2016,13:58:52,OL,105.7,86.2,OL
24.03.2016,13:58:54,OL,107.7,88.1,OL
24.03.2016,13:58:56,OL,110.3,89.7,OL
24.03.2016,13:58:58,OL,112.7,91.3,OL
24.03.2016,13:59:00,OL,115.7,92.9,OL
24.03.2016,13:59:02,OL,118.7,95.3,OL
24.03.2016,13:59:04,OL,119.9,95.6,OL
24.03.2016,13:59:06,OL,122.2,98.2,OL
24.03.2016,13:59:08,OL,124.8,99.9,OL
24.03.2016,13:59:10,OL,126.0,101.8,OL
24.03.2016,13:59:12,OL,127.6,103.1,OL
24.03.2016,13:59:14,OL,129.0,104.7,OL
24.03.2016,13:59:16,OL,131.9,105.9,OL
24.03.2016,13:59:18,OL,133.8,106.4,OL
24.03.2016,13:59:20,OL,135.4,108.0,OL
24.03.2016,13:59:22,OL,137.5,109.8,OL
24.03.2016,13:59:24,OL,139.3,110.9,OL
24.03.2016,13:59:26,OL,140.5,112.5,OL
24.03.2016,13:59:28,OL,142.5,113.2,OL
24.03.2016,13:59:30,OL,144.2,114.7,OL
24.03.2016,13:59:32,OL,146.7,116.6,OL
24.03.2016,13:59:34,OL,148.9,118.6,OL
24.03.2016,13:59:36,OL,150.8,119.1,OL
24.03.2016,13:59:38,OL,152.6,121.1,OL
24.03.2016,13:59:40,OL,154.1,121.5,OL
24.03.2016,13:59:42,OL,154.3,123.2,OL
24.03.2016,13:59:44,OL,156.7,124.3,OL
24.03.2016,13:59:46,OL,158.2,126.2,OL
24.03.2016,13:59:48,OL,159.9,127.3,OL
24.03.2016,13:59:50,OL,161.6,128.3,OL
24.03.2016,13:59:52,OL,163.7,129.6,OL
24.03.2016,13:59:54,OL,164.1,130.6,OL
24.03.2016,13:59:56,OL,165.9,132.1,OL
24.03.2016,13:59:58,OL,168.7,134.5,OL
24.03.2016,14:00:00,OL,170.2,135.2,OL
24.03.2016,14:00:02,OL,170.4,135.1,OL
24.03.2016,14:00:04,OL,171.5,136.3,OL
24.03.2016,14:00:06,OL,172.1,136.4,OL
24.03.2016,14:00:08,OL,172.5,138.1,OL
24.03.2016,14:00:10,OL,173.4,138.5,OL
24.03.2016,14:00:12,OL,175.2,139.1,OL
24.03.2016,14:00:14,OL,174.9,139.2,OL
24.03.2016,14:00:16,OL,176.6,140.1,OL
24.03.2016,14:00:18,OL,176.7,141.3,OL
24.03.2016,14:00:20,OL,177.3,141.1,OL
24.03.2016,14:00:22,OL,179.1,142.9,OL
24.03.2016,14:00:24,OL,179.9,142.5,OL
24.03.2016,14:00:26,OL,180.8,143.9,OL
24.03.2016,14:00:28,OL,181.7,144.8,OL
24.03.2016,14:00:30,OL,181.8,144.9,OL
24.03.2016,14:00:32,OL,183.7,146.6,OL
24.03.2016,14:00:34,OL,184.3,147.3,OL
24.03.2016,14:00:36,OL,185.1,147.3,OL
24.03.2016,14:00:38,OL,183.1,146.4,OL
24.03.2016,14:00:40,OL,178.5,144.3,OL
24.03.2016,14:00:42,OL,174.1,141.0,OL
24.03.2016,14:00:44,OL,100.8,138.3,OL
24.03.2016,14:00:46,OL,161.7,133.4,OL
24.03.2016,14:00:48,OL,157.5,131.0,OL
24.03.2016,14:00:50,OL,152.8,130.1,OL
24.03.2016,14:00:52,OL,149.1,127.7,OL
24.03.2016,14:00:54,OL,144.1,125.6,OL
24.03.2016,14:00:56,OL,139.7,124.9,OL
24.03.2016,14:00:58,OL,135.4,122.8,OL
24.03.2016,14:01:00,OL,131.7,121.2,OL
24.03.2016,14:01:02,OL,127.0,123.4,OL
24.03.2016,14:01:04,OL,123.8,132.4,OL
24.03.2016,14:01:06,OL,121.1,131.6,OL
24.03.2016,14:01:08,OL,118.7,129.5,OL
24.03.2016,14:01:10,OL,117.7,129.6,OL
24.03.2016,14:01:12,OL,120.6,128.7,OL
24.03.2016,14:01:14,OL,122.0,131.1,OL
24.03.2016,14:01:16,OL,125.2,132.5,OL
24.03.2016,14:01:18,OL,130.7,136.2,OL
24.03.2016,14:01:20,OL,135.4,138.5,OL
24.03.2016,14:01:22,OL,141.0,140.7,OL
24.03.2016,14:01:24,OL,146.8,143.1,OL
24.03.2016,14:01:26,OL,151.3,145.9,OL
24.03.2016,14:01:28,OL,155.9,149.4,OL
24.03.2016,14:01:30,OL,162.3,151.8,OL
24.03.2016,14:01:32,OL,166.3,153.3,OL
24.03.2016,14:01:34,OL,171.3,158.5,OL
24.03.2016,14:01:36,OL,176.5,162.7,OL
24.03.2016,14:01:38,OL,181.4,166.8,OL
24.03.2016,14:01:40,OL,186.7,169.5,OL
24.03.2016,14:01:42,OL,191.4,173.9,OL
24.03.2016,14:01:44,OL,196.4,179.3,OL
24.03.2016,14:01:46,OL,200.6,183.7,OL
24.03.2016,14:01:48,OL,204.9,188.8,OL
24.03.2016,14:01:50,OL,208.5,195.3,OL
24.03.2016,14:01:52,OL,214.4,197.7,OL
24.03.2016,14:01:54,OL,218.2,204.5,OL
24.03.2016,14:01:56,OL,222.0,209.8,OL
24.03.2016,14:01:58,OL,224.7,217.0,OL
24.03.2016,14:02:00,OL,228.2,220.4,OL
24.03.2016,14:02:02,OL,230.8,224.1,OL
24.03.2016,14:02:04,OL,234.4,226.6,OL
24.03.2016,14:02:06,OL,237.5,228.9,OL
24.03.2016,14:02:08,OL,238.7,233.3,OL
24.03.2016,14:02:10,OL,241.9,236.8,OL
24.03.2016,14:02:12,OL,245.0,239.1,OL
24.03.2016,14:02:14,OL,248.2,245.5,OL
24.03.2016,14:02:16,OL,250.6,249.3,OL
24.03.2016,14:02:18,OL,253.3,251.8,OL
24.03.2016,14:02:20,OL,257.6,251.7,OL
24.03.2016,14:02:22,OL,260.6,252.4,OL
24.03.2016,14:02:24,OL,263.9,255.3,OL
24.03.2016,14:02:26,OL,267.8,260.2,OL
24.03.2016,14:02:28,OL,272.9,265.8,OL
24.03.2016,14:02:30,OL,277.1,277.0,OL
24.03.2016,14:02:32,OL,286.0,288.6,OL
24.03.2016,14:02:34,OL,307.8,299.0,OL
24.03.2016,14:02:36,OL,326.6,313.8,OL
24.03.2016,14:02:38,OL,347.5,320.5,OL
24.03.2016,14:02:40,OL,362.0,325.6,OL
24.03.2016,14:02:42,OL,371.5,331.0,OL
24.03.2016,14:02:44,OL,381.3,336.7,OL
24.03.2016,14:02:46,OL,390.9,339.7,OL
24.03.2016,14:02:48,OL,398.0,343.9,OL
24.03.2016,14:02:50,OL,406.3,349.9,OL
24.03.2016,14:02:52,OL,413.2,355.3,OL
24.03.2016,14:02:54,OL,421.2,358.8,OL
24.03.2016,14:02:56,OL,426.6,360.9,OL
24.03.2016,14:02:58,OL,430.1,361.6,OL
24.03.2016,14:03:00,OL,434.4,364.2,OL
24.03.2016,14:03:02,OL,438.9,366.4,OL
24.03.2016,14:03:04,OL,440.8,368.6,OL
24.03.2016,14:03:06,OL,441.8,368.5,OL
24.03.2016,14:03:08,OL,446.4,369.1,OL
24.03.2016,14:03:10,OL,449.0,369.6,OL
24.03.2016,14:03:12,OL,448.6,371.7,OL
24.03.2016,14:03:14,OL,448.1,373.4,OL
24.03.2016,14:03:16,OL,452.5,375.7,OL
24.03.2016,14:03:18,OL,458.9,376.8,OL
24.03.2016,14:03:20,OL,459.7,378.2,OL
24.03.2016,14:03:22,OL,462.2,377.3,OL
24.03.2016,14:03:24,OL,460.7,375.6,OL
24.03.2016,14:03:26,OL,464.2,375.3,OL
24.03.2016,14:03:28,OL,462.4,378.5,OL
24.03.2016,14:03:30,OL,462.2,380.9,OL
24.03.2016,14:03:32,OL,460.4,382.1,OL
24.03.2016,14:03:34,OL,455.6,384.7,OL
24.03.2016,14:03:36,OL,446.8,387.4,OL
24.03.2016,14:03:38,OL,437.3,386.4,OL
24.03.2016,14:03:40,OL,425.8,384.9,OL
24.03.2016,14:03:42,OL,420.3,383.8,OL
24.03.2016,14:03:44,OL,415.1,385.0,OL
24.03.2016,14:03:46,OL,415.6,388.2,OL
24.03.2016,14:03:48,OL,415.9,391.6,OL
24.03.2016,14:03:50,OL,416.0,398.1,OL
24.03.2016,14:03:52,OL,412.6,401.1,OL
24.03.2016,14:03:54,OL,407.6,402.8,OL
24.03.2016,14:03:56,OL,401.6,403.5,OL
24.03.2016,14:03:58,OL,396.1,401.2,OL
24.03.2016,14:04:00,OL,389.9,399.4,OL
24.03.2016,14:04:02,OL,385.8,397.5,OL
24.03.2016,14:04:04,OL,380.4,395.6,OL
24.03.2016,14:04:06,OL,377.0,393.5,OL
24.03.2016,14:04:08,OL,372.5,393.4,OL
24.03.2016,14:04:10,OL,370.0,392.1,OL
24.03.2016,14:04:12,OL,367.2,392.6,OL
24.03.2016,14:04:14,OL,365.5,393.8,OL
24.03.2016,14:04:16,OL,361.8,390.9,OL
24.03.2016,14:04:18,OL,358.2,388.5,OL
24.03.2016,14:04:20,OL,357.0,387.4,OL
24.03.2016,14:04:22,OL,353.8,386.7,OL
24.03.2016,14:04:24,OL,351.6,383.4,OL
24.03.2016,14:04:26,OL,350.0,379.6,OL
24.03.2016,14:04:28,OL,351.0,374.3,OL
24.03.2016,14:04:30,OL,344.7,365.8,OL
24.03.2016,14:04:32,OL,338.7,359.8,OL
24.03.2016,14:04:34,OL,315.2,363.3,OL
24.03.2016,14:04:36,OL,330.0,359.0,OL
24.03.2016,14:04:38,OL,326.4,357.2,OL
24.03.2016,14:04:40,OL,329.7,356.5,OL
24.03.2016,14:04:42,OL,338.2,355.0,OL
24.03.2016,14:04:44,OL,337.5,356.5,OL
24.03.2016,14:04:46,OL,337.7,356.6,OL
24.03.2016,14:04:48,OL,340.8,355.6,OL
24.03.2016,14:04:50,OL,341.8,351.7,OL
24.03.2016,14:04:52,OL,340.9,349.9,OL
24.03.2016,14:04:54,OL,342.2,349.0,OL
24.03.2016,14:04:56,OL,343.8,345.4,OL
24.03.2016,14:04:58,OL,347.4,342.3,OL
24.03.2016,14:05:00,OL,353.4,339.4,OL
24.03.2016,14:05:02,OL,365.0,335.9,OL
24.03.2016,14:05:04,OL,378.0,331.9,OL
24.03.2016,14:05:06,OL,387.0,328.0,OL
24.03.2016,14:05:08,OL,398.7,325.8,OL
24.03.2016,14:05:10,OL,406.6,323.5,OL
24.03.2016,14:05:12,OL,411.0,321.9,OL
24.03.2016,14:05:14,OL,420.8,320.0,OL
24.03.2016,14:05:16,OL,427.4,319.4,OL
24.03.2016,14:05:18,OL,437.6,316.7,OL
24.03.2016,14:05:20,OL,447.9,316.0,OL
24.03.2016,14:05:22,OL,448.6,314.7,OL
24.03.2016,14:05:24,OL,449.7,313.1,OL
24.03.2016,14:05:26,OL,454.8,311.9,OL
24.03.2016,14:05:28,OL,455.0,311.8,OL
24.03.2016,14:05:30,OL,463.1,311.1,OL
24.03.2016,14:05:32,OL,465.0,309.6,OL
24.03.2016,14:05:34,OL,468.2,308.8,OL
24.03.2016,14:05:36,OL,465.0,309.1,OL
24.03.2016,14:05:38,OL,464.6,306.7,OL
24.03.2016,14:05:40,OL,463.8,306.6,OL
24.03.2016,14:05:42,OL,463.5,306.2,OL
24.03.2016,14:05:44,OL,464.7,305.2,OL
24.03.2016,14:05:46,OL,461.2,304.1,OL
24.03.2016,14:05:48,OL,456.8,304.1,OL
24.03.2016,14:05:50,OL,454.7,303.1,OL
24.03.2016,14:05:52,OL,455.7,302.1,OL
24.03.2016,14:05:54,OL,454.7,300.6,OL
24.03.2016,14:05:56,OL,450.7,302.1,OL
24.03.2016,14:05:58,OL,445.1,301.7,OL
24.03.2016,14:06:00,OL,443.1,300.9,OL
24.03.2016,14:06:02,OL,441.8,299.9,OL
24.03.2016,14:06:04,OL,438.0,298.1,OL
24.03.2016,14:06:06,OL,432.6,295.8,OL
24.03.2016,14:06:08,OL,427.2,292.6,OL
24.03.2016,14:06:10,OL,421.5,290.6,OL
24.03.2016,14:06:12,OL,418.8,288.3,OL
24.03.2016,14:06:14,OL,417.5,286.6,OL
24.03.2016,14:06:16,OL,412.5,283.6,OL
24.03.2016,14:06:18,OL,407.6,280.7,OL
24.03.2016,14:06:20,OL,403.7,278.5,OL
24.03.2016,14:06:22,OL,398.9,277.4,OL
24.03.2016,14:06:24,OL,396.8,276.5,OL
24.03.2016,14:06:26,OL,396.1,274.0,OL
24.03.2016,14:06:28,OL,394.4,273.0,OL
24.03.2016,14:06:30,OL,396.1,270.4,OL
24.03.2016,14:06:32,OL,395.8,268.0,OL
24.03.2016,14:06:34,OL,395.3,266.7,OL
24.03.2016,14:06:36,OL,390.9,264.5,OL
24.03.2016,14:06:38,OL,390.2,263.3,OL
24.03.2016,14:06:40,OL,389.1,261.7,OL
24.03.2016,14:06:42,OL,385.2,259.2,OL
24.03.2016,14:06:44,OL,380.9,258.2,OL
24.03.2016,14:06:46,OL,379.7,256.1,OL
24.03.2016,14:06:48,OL,377.4,255.1,OL
24.03.2016,14:06:50,OL,376.3,254.5,OL
24.03.2016,14:06:52,OL,379.3,252.9,OL
24.03.2016,14:06:54,OL,376.0,252.2,OL
24.03.2016,14:06:56,OL,373.0,250.2,OL
24.03.2016,14:06:58,OL,369.5,248.9,OL
24.03.2016,14:07:00,OL,371.0,248.9,OL
24.03.2016,14:07:02,OL,369.6,247.9,OL
24.03.2016,14:07:04,OL,367.2,247.1,OL
24.03.2016,14:07:06,OL,363.8,246.2,OL
24.03.2016,14:07:08,OL,361.1,244.7,OL
24.03.2016,14:07:10,OL,357.3,243.1,OL
24.03.2016,14:07:12,OL,354.6,243.4,OL
24.03.2016,14:07:14,OL,351.7,242.1,OL
24.03.2016,14:07:16,OL,347.7,241.1,OL
24.03.2016,14:07:18,OL,344.7,239.2,OL
24.03.2016,14:07:20,OL,339.9,239.8,OL
24.03.2016,14:07:22,OL,337.3,237.9,OL
24.03.2016,14:07:24,OL,334.9,236.6,OL
24.03.2016,14:07:26,OL,332.0,235.3,OL
24.03.2016,14:07:28,OL,330.8,233.5,OL
24.03.2016,14:07:30,OL,328.4,233.1,OL
24.03.2016,14:07:32,OL,326.0,232.0,OL
24.03.2016,14:07:34,OL,324.1,230.9,OL
24.03.2016,14:07:36,OL,322.8,229.2,OL
24.03.2016,14:07:38,OL,322.2,229.2,OL
24.03.2016,14:07:40,OL,321.7,227.7,OL
24.03.2016,14:07:42,OL,319.8,227.4,OL
24.03.2016,14:07:44,OL,319.3,226.2,OL
24.03.2016,14:07:46,OL,316.4,225.3,OL
24.03.2016,14:07:48,OL,315.5,224.7,OL
24.03.2016,14:07:50,OL,313.6,224.0,OL
24.03.2016,14:07:52,OL,311.8,222.5,OL
24.03.2016,14:07:54,OL,309.8,221.5,OL
24.03.2016,14:07:56,OL,309.1,221.0,OL
24.03.2016,14:07:58,OL,305.5,220.6,OL
24.03.2016,14:08:00,OL,303.3,219.9,OL
24.03.2016,14:08:02,OL,301.1,219.2,OL
24.03.2016,14:08:04,OL,299.9,217.6,OL
24.03.2016,14:08:06,OL,299.1,217.4,OL
24.03.2016,14:08:08,OL,298.6,216.5,OL
24.03.2016,14:08:10,OL,296.8,215.8,OL
24.03.2016,14:08:12,OL,295.1,215.4,OL
24.03.2016,14:08:14,OL,294.9,214.8,OL
24.03.2016,14:08:16,OL,294.8,214.4,OL
24.03.2016,14:08:18,OL,296.8,213.0,OL
24.03.2016,14:08:20,OL,296.0,213.2,OL
24.03.2016,14:08:22,OL,296.8,212.2,OL
24.03.2016,14:08:24,OL,295.8,211.7,OL
24.03.2016,14:08:26,OL,296.3,211.6,OL
24.03.2016,14:08:28,OL,294.9,211.6,OL
24.03.2016,14:08:30,OL,294.5,209.9,OL
24.03.2016,14:08:32,OL,295.0,209.0,OL
24.03.2016,14:08:34,OL,293.7,209.5,OL
24.03.2016,14:08:36,OL,291.8,208.8,OL
24.03.2016,14:08:38,OL,291.4,208.0,OL
24.03.2016,14:08:40,OL,289.7,208.0,OL
24.03.2016,14:08:42,OL,289.7,206.8,OL
24.03.2016,14:08:44,OL,288.4,207.0,OL
24.03.2016,14:08:46,OL,286.0,206.7,OL
24.03.2016,14:08:48,OL,286.7,205.8,OL
24.03.2016,14:08:50,OL,286.9,205.3,OL
24.03.2016,14:08:52,OL,285.8,205.0,OL
24.03.2016,14:08:54,OL,284.9,204.3,OL
24.03.2016,14:08:56,OL,284.4,204.2,OL
24.03.2016,14:08:58,OL,285.1,203.6,OL
24.03.2016,14:09:00,OL,285.6,203.1,OL
24.03.2016,14:09:02,OL,284.0,203.4,OL
24.03.2016,14:09:04,OL,284.3,203.1,OL
24.03.2016,14:09:06,OL,282.0,202.6,OL
24.03.2016,14:09:08,OL,281.6,202.1,OL
24.03.2016,14:09:10,OL,278.3,200.7,OL
24.03.2016,14:09:12,OL,274.1,200.2,OL
24.03.2016,14:09:14,OL,272.3,199.0,OL
24.03.2016,14:09:16,OL,-114.9,197.3,OL
24.03.2016,14:09:18,OL,42.8,196.1,OL
24.03.2016,14:09:20,OL,276.5,197.6,OL
24.03.2016,14:09:22,OL,278.5,201.9,OL
24.03.2016,14:09:24,OL,276.7,203.1,OL
24.03.2016,14:09:26,OL,273.9,206.0,OL
24.03.2016,14:09:28,OL,271.6,208.0,OL
24.03.2016,14:09:30,OL,270.4,207.7,OL
24.03.2016,14:09:32,OL,269.7,207.5,OL
24.03.2016,14:09:34,OL,269.2,206.1,OL
24.03.2016,14:09:36,OL,269.6,206.4,OL
24.03.2016,14:09:38,OL,269.2,205.9,OL
24.03.2016,14:09:40,OL,269.0,205.3,OL
24.03.2016,14:09:42,OL,267.8,205.5,OL
24.03.2016,14:09:44,OL,266.3,203.7,OL
24.03.2016,14:09:46,OL,266.1,203.7,OL
24.03.2016,14:09:48,OL,265.5,203.8,OL
24.03.2016,14:09:50,OL,266.2,204.8,OL
24.03.2016,14:09:52,OL,267.2,204.8,OL
24.03.2016,14:09:54,OL,267.6,205.2,OL
24.03.2016,14:09:56,OL,267.7,205.3,OL
24.03.2016,14:09:58,OL,266.2,205.1,OL
24.03.2016,14:10:00,OL,265.9,204.3,OL
24.03.2016,14:10:02,OL,265.2,203.6,OL
24.03.2016,14:10:04,OL,264.9,203.3,OL
24.03.2016,14:10:06,OL,263.9,202.7,OL
24.03.2016,14:10:08,OL,263.0,203.1,OL
24.03.2016,14:10:10,OL,262.5,203.2,OL
24.03.2016,14:10:12,OL,261.8,202.6,OL
24.03.2016,14:10:14,OL,261.3,201.2,OL
24.03.2016,14:10:16,OL,261.1,201.2,OL
24.03.2016,14:10:18,OL,260.6,201.2,OL
24.03.2016,14:10:20,OL,259.3,200.5,OL
24.03.2016,14:10:22,OL,258.2,200.9,OL
24.03.2016,14:10:24,OL,257.2,199.5,OL
24.03.2016,14:10:26,OL,256.0,199.6,OL
24.03.2016,14:10:28,OL,254.9,199.3,OL
24.03.2016,14:10:30,OL,253.5,198.4,OL
24.03.2016,14:10:32,OL,253.1,198.2,OL
24.03.2016,14:10:34,OL,253.5,198.5,OL
24.03.2016,14:10:36,OL,253.4,197.7,OL
24.03.2016,14:10:38,OL,253.3,197.9,OL
24.03.2016,14:10:40,OL,252.6,196.8,OL
24.03.2016,14:10:42,OL,252.4,196.8,OL
24.03.2016,14:10:44,OL,253.9,197.0,OL
24.03.2016,14:10:46,OL,253.5,196.5,OL
24.03.2016,14:10:48,OL,252.9,196.0,OL
24.03.2016,14:10:50,OL,251.9,196.5,OL
24.03.2016,14:10:52,OL,251.1,195.6,OL
24.03.2016,14:10:54,OL,249.9,195.8,OL
24.03.2016,14:10:56,OL,249.1,195.2,OL
24.03.2016,14:10:58,OL,247.4,195.4,OL
24.03.2016,14:11:00,OL,247.3,195.5,OL
24.03.2016,14:11:02,OL,246.6,195.5,OL
24.03.2016,14:11:04,OL,245.7,194.3,OL
24.03.2016,14:11:06,OL,245.3,194.6,OL
24.03.2016,14:11:08,OL,246.5,195.8,OL
24.03.2016,14:11:10,OL,247.8,194.7,OL
24.03.2016,14:11:12,OL,248.8,194.4,OL
24.03.2016,14:11:14,OL,250.0,194.4,OL
24.03.2016,14:11:16,OL,250.1,194.4,OL
24.03.2016,14:11:18,OL,250.8,194.4,OL
24.03.2016,14:11:20,OL,251.7,195.0,OL
24.03.2016,14:11:22,OL,253.2,194.9,OL
24.03.2016,14:11:24,OL,253.7,194.8,OL
24.03.2016,14:11:26,OL,254.8,193.9,OL
24.03.2016,14:11:28,OL,255.5,193.5,OL
24.03.2016,14:11:30,OL,254.9,195.3,OL
24.03.2016,14:11:32,OL,255.2,194.4,OL
24.03.2016,14:11:34,OL,256.1,194.6,OL
24.03.2016,14:11:36,OL,256.5,194.4,OL
24.03.2016,14:11:38,OL,256.1,194.4,OL
24.03.2016,14:11:40,OL,255.7,194.2,OL
24.03.2016,14:11:42,OL,255.7,194.3,OL
24.03.2016,14:11:44,OL,256.2,195.2,OL
24.03.2016,14:11:46,OL,256.8,194.9,OL
24.03.2016,14:11:48,OL,257.6,194.1,OL
24.03.2016,14:11:50,OL,257.6,194.4,OL
24.03.2016,14:11:52,OL,258.0,194.6,OL
24.03.2016,14:11:54,OL,258.7,194.9,OL
24.03.2016,14:11:56,OL,259.6,195.1,OL
24.03.2016,14:11:58,OL,259.9,194.8,OL
24.03.2016,14:12:00,OL,261.3,195.3,OL
24.03.2016,14:12:02,OL,259.5,195.5,OL
24.03.2016,14:12:04,OL,261.3,195.5,OL
24.03.2016,14:12:06,OL,262.1,196.0,OL
24.03.2016,14:12:08,OL,262.9,196.0,OL
24.03.2016,14:12:10,OL,263.9,196.2,OL
24.03.2016,14:12:12,OL,262.9,196.5,OL
24.03.2016,14:12:14,OL,264.4,196.7,OL
24.03.2016,14:12:16,OL,264.9,197.2,OL
24.03.2016,14:12:18,OL,264.7,197.8,OL
24.03.2016,14:12:20,OL,264.8,197.2,OL
24.03.2016,14:12:22,OL,265.0,197.7,OL
24.03.2016,14:12:24,OL,264.4,197.8,OL
24.03.2016,14:12:26,OL,264.5,197.6,OL
24.03.2016,14:12:28,OL,264.8,197.3,OL
24.03.2016,14:12:30,OL,264.0,197.7,OL
24.03.2016,14:12:32,OL,264.7,198.0,OL
24.03.2016,14:12:34,OL,263.2,198.3,OL
24.03.2016,14:12:36,OL,263.7,198.1,OL
24.03.2016,14:12:38,OL,264.2,198.6,OL
24.03.2016,14:12:40,OL,263.4,198.3,OL
24.03.2016,14:12:42,OL,263.8,198.7,OL
24.03.2016,14:12:44,OL,262.3,198.4,OL
24.03.2016,14:12:46,OL,261.9,199.2,OL
24.03.2016,14:12:48,OL,262.1,198.6,OL
24.03.2016,14:12:50,OL,260.3,198.6,OL
24.03.2016,14:12:52,OL,259.2,199.8,OL
24.03.2016,14:12:54,OL,259.7,198.9,OL
24.03.2016,14:12:56,OL,259.9,199.4,OL
24.03.2016,14:12:58,OL,259.9,199.4,OL
24.03.2016,14:13:00,OL,262.0,201.1,OL
24.03.2016,14:13:02,OL,262.3,200.7,OL
24.03.2016,14:13:04,OL,264.1,201.6,OL
24.03.2016,14:13:06,OL,264.0,201.6,OL
24.03.2016,14:13:08,OL,265.1,201.1,OL
24.03.2016,14:13:10,OL,264.8,202.1,OL
24.03.2016,14:13:12,OL,265.5,203.2,OL
24.03.2016,14:13:14,OL,265.0,203.5,OL
24.03.2016,14:13:16,OL,264.7,203.0,OL
24.03.2016,14:13:18,OL,264.5,203.0,OL
24.03.2016,14:13:20,OL,264.2,203.9,OL
24.03.2016,14:13:22,OL,264.1,202.9,OL
24.03.2016,14:13:24,OL,264.1,204.7,OL
24.03.2016,14:13:26,OL,265.1,204.1,OL
24.03.2016,14:13:28,OL,264.4,204.1,OL
24.03.2016,14:13:30,OL,265.0,204.2,OL
24.03.2016,14:13:32,OL,264.3,204.9,OL
24.03.2016,14:13:34,OL,264.7,205.4,OL
24.03.2016,14:13:36,OL,265.8,205.9,OL
24.03.2016,14:13:38,OL,266.1,206.4,OL
24.03.2016,14:13:40,OL,267.3,205.9,OL
24.03.2016,14:13:42,OL,268.0,207.0,OL
24.03.2016,14:13:44,OL,267.2,206.3,OL
24.03.2016,14:13:46,OL,266.6,207.5,OL
24.03.2016,14:13:48,OL,267.8,206.9,OL
24.03.2016,14:13:50,OL,267.7,207.4,OL
24.03.2016,14:13:52,OL,267.1,207.5,OL
24.03.2016,14:13:54,OL,267.0,208.7,OL
24.03.2016,14:13:56,OL,267.7,208.3,OL
24.03.2016,14:13:58,OL,268.6,209.4,OL
24.03.2016,14:14:00,OL,270.4,209.9,OL
24.03.2016,14:14:02,OL,270.8,210.5,OL
24.03.2016,14:14:04,OL,271.5,212.2,OL
24.03.2016,14:14:06,OL,271.0,212.2,OL
24.03.2016,14:14:08,OL,271.5,212.7,OL
24.03.2016,14:14:10,OL,272.0,212.4,OL
24.03.2016,14:14:12,OL,273.5,213.2,OL
24.03.2016,14:14:14,OL,273.3,212.4,OL
24.03.2016,14:14:16,OL,272.2,213.6,OL
24.03.2016,14:14:18,OL,273.6,213.3,OL
24.03.2016,14:14:20,OL,273.5,214.1,OL
24.03.2016,14:14:22,OL,274.5,214.1,OL
24.03.2016,14:14:24,OL,274.7,214.1,OL
24.03.2016,14:14:26,OL,274.5,218.3,OL
24.03.2016,14:14:28,OL,275.4,230.6,OL
24.03.2016,14:14:30,OL,272.1,233.7,OL
24.03.2016,14:14:32,OL,267.7,235.1,OL
24.03.2016,14:14:34,OL,264.0,235.4,OL
24.03.2016,14:14:36,OL,264.9,239.4,OL
24.03.2016,14:14:38,OL,266.4,237.9,OL
24.03.2016,14:14:40,OL,263.3,233.1,OL
24.03.2016,14:14:42,OL,263.1,229.2,OL
24.03.2016,14:14:44,OL,261.9,226.0,OL
24.03.2016,14:14:46,OL,256.7,224.7,OL
24.03.2016,14:14:48,OL,254.1,223.3,OL
24.03.2016,14:14:50,OL,250.0,225.5,OL
24.03.2016,14:14:52,OL,253.9,229.3,OL
24.03.2016,14:14:54,OL,257.7,234.8,OL
24.03.2016,14:14:56,OL,263.1,236.7,OL
24.03.2016,14:14:58,OL,270.2,233.9,OL
24.03.2016,14:15:00,OL,272.7,233.4,OL
24.03.2016,14:15:02,OL,268.9,236.4,OL
24.03.2016,14:15:04,OL,266.4,236.1,OL
24.03.2016,14:15:06,OL,263.2,238.8,OL
24.03.2016,14:15:08,OL,267.2,239.8,OL
24.03.2016,14:15:10,OL,267.1,241.4,OL
24.03.2016,14:15:12,OL,265.4,239.0,OL
24.03.2016,14:15:14,OL,263.1,244.8,OL
24.03.2016,14:15:16,OL,273.3,242.5,OL
24.03.2016,14:15:18,OL,274.7,239.6,OL
24.03.2016,14:15:20,OL,224.3,235.0,OL
24.03.2016,14:15:22,OL,222.5,230.4,OL
24.03.2016,14:15:24,OL,218.4,226.6,OL
24.03.2016,14:15:26,OL,215.8,221.3,OL
24.03.2016,14:15:28,OL,212.4,216.9,OL
24.03.2016,14:15:30,OL,209.1,212.2,OL
24.03.2016,14:15:32,OL,204.3,210.5,OL
24.03.2016,14:15:34,OL,199.4,206.5,OL
24.03.2016,14:15:36,OL,196.7,203.0,OL
24.03.2016,14:15:38,OL,192.7,200.9,OL
24.03.2016,14:15:40,OL,190.6,197.2,OL
24.03.2016,14:15:42,OL,187.3,192.3,OL
24.03.2016,14:15:44,OL,185.4,189.6,OL
24.03.2016,14:15:46,OL,183.9,187.4,OL
24.03.2016,14:15:48,OL,,185.9,OL
24.03.2016,14:15:50,OL,,185.3,OL
24.03.2016,14:15:52,OL,,184.6,OL
24.03.2016,14:15:54,OL,,185.0,OL
24.03.2016,14:15:56,OL,,186.3,OL
24.03.2016,14:15:58,OL,,186.8,OL
24.03.2016,14:16:00,OL,,186.7,OL
24.03.2016,14:16:02,OL,,187.1,OL
24.03.2016,14:16:04,OL,,188.4,OL
24.03.2016,14:16:06,OL,,187.2,OL
24.03.2016,14:16:08,OL,,187.9,OL
24.03.2016,14:16:10,OL,,188.6,OL
24.03.2016,14:16:12,OL,,189.2,OL
24.03.2016,14:16:14,OL,,188.7,OL
24.03.2016,14:16:16,OL,,189.6,OL
24.03.2016,14:16:18,OL,,191.0,OL
24.03.2016,14:16:20,OL,69.3,191.9,OL
24.03.2016,14:16:22,OL,-100.7,193.3,OL
24.03.2016,14:16:24,OL,,193.1,OL
24.03.2016,14:16:26,OL,-217.9,192.7,OL
24.03.2016,14:16:28,OL,,193.6,OL
24.03.2016,14:16:30,OL,,196.5,OL
24.03.2016,14:16:32,OL,,196.4,OL
24.03.2016,14:16:34,OL,,196.2,OL
24.03.2016,14:16:36,OL,,196.3,OL
24.03.2016,14:16:38,OL,,200.4,OL
24.03.2016,14:16:40,OL,,202.6,OL
24.03.2016,14:16:42,OL,,207.1,OL
24.03.2016,14:16:44,OL,,209.1,OL
24.03.2016,14:16:46,OL,,211.4,OL
24.03.2016,14:16:48,OL,,211.9,OL
24.03.2016,14:16:50,OL,,214.9,OL
24.03.2016,14:16:52,OL,,217.1,OL
24.03.2016,14:16:54,OL,,219.5,OL
24.03.2016,14:16:56,OL,,222.1,OL
24.03.2016,14:16:58,OL,,225.1,OL
24.03.2016,14:17:00,OL,,227.5,OL
24.03.2016,14:17:02,OL,,229.7,OL
24.03.2016,14:17:04,OL,,231.8,OL
24.03.2016,14:17:06,OL,,234.6,OL
24.03.2016,14:17:08,OL,,235.5,OL
24.03.2016,14:17:10,OL,362.6,235.6,OL
24.03.2016,14:17:12,OL,429.3,237.5,OL
24.03.2016,14:17:14,OL,430.5,238.8,OL
24.03.2016,14:17:16,OL,432.8,240.0,OL
24.03.2016,14:17:18,OL,433.0,240.1,OL
24.03.2016,14:17:20,OL,433.5,242.3,OL
24.03.2016,14:17:22,OL,436.4,242.9,OL
24.03.2016,14:17:24,OL,437.7,243.6,OL
24.03.2016,14:17:26,OL,439.9,245.1,OL
24.03.2016,14:17:28,OL,444.3,245.8,OL
24.03.2016,14:17:30,OL,449.6,248.4,OL
24.03.2016,14:17:32,OL,416.3,249.3,OL
24.03.2016,14:17:34,OL,,250.2,OL
24.03.2016,14:17:36,OL,-59.7,251.9,OL
24.03.2016,14:17:38,OL,-39.9,252.1,OL
24.03.2016,14:17:40,OL,,254.8,OL
24.03.2016,14:17:42,OL,,254.5,OL
24.03.2016,14:17:44,OL,382.2,255.0,OL
24.03.2016,14:17:46,OL,458.5,255.6,OL
24.03.2016,14:17:48,OL,462.6,255.0,OL
24.03.2016,14:17:50,OL,257.1,254.8,OL
24.03.2016,14:17:52,OL,,254.9,OL
24.03.2016,14:17:54,OL,,256.0,OL
24.03.2016,14:17:56,OL,,255.7,OL
24.03.2016,14:17:58,OL,,255.3,OL
24.03.2016,14:18:00,OL,,255.2,OL
24.03.2016,14:18:02,OL,,255.7,OL
24.03.2016,14:18:04,OL,,256.2,OL
24.03.2016,14:18:06,OL,,256.9,OL
24.03.2016,14:18:08,OL,,257.5,OL
24.03.2016,14:18:10,OL,,258.4,OL
24.03.2016,14:18:12,OL,,258.9,OL
24.03.2016,14:18:14,OL,,261.1,OL
24.03.2016,14:18:16,OL,,261.7,OL
24.03.2016,14:18:18,OL,,261.7,OL
24.03.2016,14:18:20,OL,,261.6,OL
24.03.2016,14:18:22,OL,,261.4,OL
24.03.2016,14:18:24,OL,,262.8,OL
24.03.2016,14:18:26,OL,,263.1,OL
24.03.2016,14:18:28,OL,,262.6,OL
24.03.2016,14:18:30,OL,,263.0,OL
24.03.2016,14:18:32,OL,,262.7,OL
24.03.2016,14:18:34,OL,,263.4,OL
24.03.2016,14:18:36,OL,,263.1,OL
24.03.2016,14:18:38,OL,,263.5,OL
24.03.2016,14:18:40,OL,,263.6,OL
24.03.2016,14:18:42,OL,,262.9,OL
24.03.2016,14:18:44,OL,,262.6,OL
24.03.2016,14:18:46,OL,,262.5,OL
24.03.2016,14:18:48,OL,,262.9,OL
24.03.2016,14:18:50,OL,,262.1,OL
24.03.2016,14:18:52,OL,,262.3,OL
24.03.2016,14:18:54,OL,,261.7,OL
24.03.2016,14:18:56,OL,,261.4,OL
24.03.2016,14:18:58,OL,,261.3,OL
24.03.2016,14:19:00,OL,,261.2,OL
24.03.2016,14:19:02,OL,,261.1,OL
24.03.2016,14:19:04,OL,,261.7,OL
24.03.2016,14:19:06,OL,,262.0,OL
24.03.2016,14:19:08,OL,,262.7,OL
24.03.2016,14:19:10,OL,,262.6,OL
24.03.2016,14:19:12,OL,,261.7,OL
24.03.2016,14:19:14,OL,,260.6,OL
24.03.2016,14:19:16,OL,,260.9,OL
24.03.2016,14:19:18,OL,,261.1,OL
24.03.2016,14:19:20,OL,,260.6,OL
24.03.2016,14:19:22,OL,,259.6,OL
24.03.2016,14:19:24,OL,,259.9,OL
24.03.2016,14:19:26,OL,,259.0,OL
24.03.2016,14:19:28,OL,,258.1,OL
24.03.2016,14:19:30,OL,,258.0,OL
24.03.2016,14:19:32,OL,,257.2,OL
24.03.2016,14:19:34,OL,,258.0,OL
24.03.2016,14:19:36,OL,,256.6,OL
24.03.2016,14:19:38,OL,,256.7,OL
24.03.2016,14:19:40,OL,,255.7,OL
24.03.2016,14:19:42,OL,,254.8,OL
24.03.2016,14:19:44,OL,,254.9,OL
24.03.2016,14:19:46,OL,,255.0,OL
24.03.2016,14:19:48,OL,,254.0,OL
24.03.2016,14:19:50,OL,,254.1,OL
24.03.2016,14:19:52,OL,,254.3,OL
24.03.2016,14:19:54,OL,,255.1,OL
24.03.2016,14:19:56,OL,,255.6,OL
24.03.2016,14:19:58,OL,,256.1,OL
24.03.2016,14:20:00,OL,,254.9,OL
24.03.2016,14:20:02,OL,,253.5,OL
24.03.2016,14:20:04,OL,,253.7,OL
24.03.2016,14:20:06,OL,,253.9,OL
24.03.2016,14:20:08,OL,,253.7,OL
24.03.2016,14:20:10,OL,,253.3,OL
24.03.2016,14:20:12,OL,,252.4,OL
24.03.2016,14:20:14,OL,,252.7,OL
24.03.2016,14:20:16,OL,,252.9,OL
24.03.2016,14:20:18,OL,,253.5,OL
24.03.2016,14:20:20,OL,,251.9,OL
24.03.2016,14:20:22,OL,309.6,252.1,OL
24.03.2016,14:20:24,OL,312.3,253.3,OL
24.03.2016,14:20:26,OL,259.2,251.9,OL
24.03.2016,14:20:28,OL,257.4,247.1,OL
24.03.2016,14:20:30,OL,254.2,242.6,OL
24.03.2016,14:20:32,OL,232.2,239.0,OL
24.03.2016,14:20:34,OL,233.5,236.0,OL
24.03.2016,14:20:36,OL,230.1,232.6,OL
24.03.2016,14:20:38,OL,227.7,228.9,OL
24.03.2016,14:20:40,OL,227.7,225.9,OL
24.03.2016,14:20:42,OL,162.9,229.6,OL
24.03.2016,14:20:44,OL,318.5,247.2,OL
24.03.2016,14:20:46,OL,313.2,247.7,OL
24.03.2016,14:20:48,OL,309.3,248.8,OL
24.03.2016,14:20:50,OL,308.9,252.3,OL
24.03.2016,14:20:52,OL,308.5,255.3,OL
24.03.2016,14:20:54,OL,307.5,258.2,OL
24.03.2016,14:20:56,OL,308.1,262.1,OL
24.03.2016,14:20:58,OL,308.1,267.2,OL
24.03.2016,14:21:00,OL,308.8,269.4,OL
24.03.2016,14:21:02,OL,307.9,273.0,OL
24.03.2016,14:21:04,OL,308.4,276.0,OL
24.03.2016,14:21:06,OL,308.7,279.3,OL
24.03.2016,14:21:08,OL,308.6,281.9,OL
24.03.2016,14:21:10,OL,308.1,283.5,OL
24.03.2016,14:21:12,OL,308.3,285.9,OL
24.03.2016,14:21:14,OL,308.7,287.0,OL
24.03.2016,14:21:16,OL,307.8,288.3,OL
24.03.2016,14:21:18,OL,309.2,290.6,OL
24.03.2016,14:21:20,OL,308.5,291.8,OL
24.03.2016,14:21:22,OL,307.3,292.2,OL
24.03.2016,14:21:24,OL,307.3,293.3,OL
24.03.2016,14:21:26,OL,305.6,294.3,OL
24.03.2016,14:21:28,OL,306.2,295.6,OL
24.03.2016,14:21:30,OL,305.2,297.1,OL
24.03.2016,14:21:32,OL,305.1,297.6,OL
24.03.2016,14:21:34,OL,305.3,298.0,OL
24.03.2016,14:21:36,OL,304.4,298.6,OL
24.03.2016,14:21:38,OL,303.8,300.4,OL
24.03.2016,14:21:40,OL,304.2,300.7,OL
24.03.2016,14:21:42,OL,302.9,300.3,OL
24.03.2016,14:21:44,OL,302.6,302.9,OL
24.03.2016,14:21:46,OL,303.4,303.1,OL
24.03.2016,14:21:48,OL,302.5,302.6,OL
24.03.2016,14:21:50,OL,301.8,304.9,OL
24.03.2016,14:21:52,OL,301.2,304.2,OL
24.03.2016,14:21:54,OL,302.3,304.6,OL
24.03.2016,14:21:56,OL,301.6,305.7,OL
24.03.2016,14:21:58,OL,301.6,305.6,OL
24.03.2016,14:22:00,OL,300.7,305.9,OL
24.03.2016,14:22:02,OL,301.4,306.9,OL
24.03.2016,14:22:04,OL,301.0,307.0,OL
24.03.2016,14:22:06,OL,301.1,306.6,OL
24.03.2016,14:22:08,OL,301.0,308.4,OL
24.03.2016,14:22:10,OL,300.4,308.5,OL
24.03.2016,14:22:12,OL,301.5,308.2,OL
24.03.2016,14:22:14,OL,300.4,308.9,OL
24.03.2016,14:22:16,OL,300.3,309.1,OL
24.03.2016,14:22:18,OL,300.2,309.2,OL
24.03.2016,14:22:20,OL,300.2,309.4,OL
24.03.2016,14:22:22,OL,300.2,309.7,OL
24.03.2016,14:22:24,OL,299.4,308.9,OL
24.03.2016,14:22:26,OL,300.0,309.6,OL
24.03.2016,14:22:28,OL,299.0,310.2,OL
24.03.2016,14:22:30,OL,299.7,309.4,OL
24.03.2016,14:22:32,OL,299.8,310.5,OL
24.03.2016,14:22:34,OL,300.4,311.9,OL
24.03.2016,14:22:36,OL,301.1,311.4,OL
24.03.2016,14:22:38,OL,299.7,311.6,OL
24.03.2016,14:22:40,OL,299.3,309.7,OL
24.03.2016,14:22:42,OL,299.7,309.2,OL
24.03.2016,14:22:44,OL,298.6,309.8,OL
24.03.2016,14:22:46,OL,298.6,309.4,OL
24.03.2016,14:22:48,OL,298.5,309.5,OL
24.03.2016,14:22:50,OL,298.6,309.9,OL
24.03.2016,14:22:52,OL,298.1,309.8,OL
24.03.2016,14:22:54,OL,298.5,308.8,OL
24.03.2016,14:22:56,OL,297.5,309.1,OL
24.03.2016,14:22:58,OL,298.4,309.8,OL
24.03.2016,14:23:00,OL,298.3,311.0,OL
24.03.2016,14:23:02,OL,298.6,310.2,OL
24.03.2016,14:23:04,OL,298.2,311.0,OL
24.03.2016,14:23:06,OL,298.3,310.6,OL
24.03.2016,14:23:08,OL,298.4,311.7,OL
24.03.2016,14:23:10,OL,299.3,312.6,OL
24.03.2016,14:23:12,OL,299.4,313.4,OL
24.03.2016,14:23:14,OL,299.1,312.9,OL
24.03.2016,14:23:16,OL,299.7,313.4,OL
24.03.2016,14:23:18,OL,299.2,313.0,OL
24.03.2016,14:23:20,OL,299.2,312.1,OL
24.03.2016,14:23:22,OL,299.2,312.1,OL
24.03.2016,14:23:24,OL,298.8,311.8,OL
24.03.2016,14:23:26,OL,298.8,311.5,OL
24.03.2016,14:23:28,OL,298.3,310.6,OL
24.03.2016,14:23:30,OL,298.2,311.2,OL
24.03.2016,14:23:32,OL,298.1,311.2,OL
24.03.2016,14:23:34,OL,297.8,310.6,OL
24.03.2016,14:23:36,OL,297.5,309.9,OL
24.03.2016,14:23:38,OL,296.8,309.7,OL
24.03.2016,14:23:40,OL,296.7,309.3,OL
24.03.2016,14:23:42,OL,294.9,309.1,OL
24.03.2016,14:23:44,OL,295.8,308.2,OL
24.03.2016,14:23:46,OL,295.9,307.1,OL
24.03.2016,14:23:48,OL,295.9,308.5,OL
24.03.2016,14:23:50,OL,295.9,308.2,OL
24.03.2016,14:23:52,OL,295.4,308.6,OL
24.03.2016,14:23:54,OL,295.6,308.3,OL
24.03.2016,14:23:56,OL,295.8,308.6,OL
24.03.2016,14:23:58,OL,296.3,309.5,OL
24.03.2016,14:24:00,OL,296.1,308.4,OL
24.03.2016,14:24:02,OL,296.2,308.8,OL
24.03.2016,14:24:04,OL,295.4,308.7,OL
24.03.2016,14:24:06,OL,295.5,308.5,OL
24.03.2016,14:24:08,OL,295.6,308.0,OL
24.03.2016,14:24:10,OL,294.8,308.2,OL
24.03.2016,14:24:12,OL,294.4,307.9,OL
24.03.2016,14:24:14,OL,294.3,307.0,OL
24.03.2016,14:24:16,OL,293.8,306.7,OL
24.03.2016,14:24:18,OL,293.6,306.2,OL
24.03.2016,14:24:20,OL,293.5,306.5,OL
24.03.2016,14:24:22,OL,293.2,306.4,OL
24.03.2016,14:24:24,OL,292.5,305.6,OL
24.03.2016,14:24:26,OL,293.0,305.2,OL
24.03.2016,14:24:28,OL,292.8,307.5,OL
24.03.2016,14:24:30,OL,293.1,312.7,OL
24.03.2016,14:24:32,OL,290.5,317.7,OL
24.03.2016,14:24:34,OL,286.7,320.1,OL
24.03.2016,14:24:36,OL,281.1,316.8,OL
24.03.2016,14:24:38,OL,275.9,308.4,OL
24.03.2016,14:24:40,OL,274.7,304.8,OL
24.03.2016,14:24:42,OL,274.5,304.8,OL
24.03.2016,14:24:44,OL,274.4,303.9,OL
24.03.2016,14:24:46,OL,275.7,303.7,OL
24.03.2016,14:24:48,OL,277.2,303.9,OL
24.03.2016,14:24:50,OL,277.5,303.6,OL
24.03.2016,14:24:52,OL,279.1,304.5,OL
24.03.2016,14:24:54,OL,279.9,304.6,OL
24.03.2016,14:24:56,OL,281.2,305.2,OL
24.03.2016,14:24:58,OL,281.8,304.2,OL
24.03.2016,14:25:00,OL,283.1,304.8,OL
24.03.2016,14:25:02,OL,284.4,305.9,OL
24.03.2016,14:25:04,OL,284.8,306.6,OL
24.03.2016,14:25:06,OL,285.5,306.6,OL
24.03.2016,14:25:08,OL,285.4,306.6,OL
24.03.2016,14:25:10,OL,286.7,306.2,OL
24.03.2016,14:25:12,OL,287.5,306.3,OL
24.03.2016,14:25:14,OL,288.7,305.9,OL
24.03.2016,14:25:16,OL,287.8,306.1,OL
24.03.2016,14:25:18,OL,288.0,306.6,OL
24.03.2016,14:25:20,OL,288.1,306.2,OL
24.03.2016,14:25:22,OL,288.7,306.3,OL
24.03.2016,14:25:24,OL,289.3,306.9,OL
24.03.2016,14:25:26,OL,290.0,305.8,OL
24.03.2016,14:25:28,OL,289.8,306.1,OL
24.03.2016,14:25:30,OL,290.4,304.4,OL
24.03.2016,14:25:32,OL,289.9,304.7,OL
24.03.2016,14:25:34,OL,290.2,303.8,OL
24.03.2016,14:25:36,OL,290.0,303.7,OL
24.03.2016,14:25:38,OL,289.4,303.7,OL
24.03.2016,14:25:40,OL,290.3,302.3,OL
24.03.2016,14:25:42,OL,288.8,302.0,OL
24.03.2016,14:25:44,OL,289.3,301.6,OL
24.03.2016,14:25:46,OL,288.3,300.6,OL
24.03.2016,14:25:48,OL,287.5,299.8,OL
24.03.2016,14:25:50,OL,287.7,299.7,OL
24.03.2016,14:25:52,OL,287.6,298.5,OL
24.03.2016,14:25:54,OL,286.5,297.9,OL
24.03.2016,14:25:56,OL,286.5,297.5,OL
24.03.2016,14:25:58,OL,286.5,295.6,OL
24.03.2016,14:26:00,OL,285.5,295.3,OL
24.03.2016,14:26:02,OL,284.4,293.6,OL
24.03.2016,14:26:04,OL,283.9,292.2,OL
24.03.2016,14:26:06,OL,282.9,292.4,OL
24.03.2016,14:26:08,OL,282.6,290.7,OL
24.03.2016,14:26:10,OL,281.3,290.5,OL
24.03.2016,14:26:12,OL,280.7,289.1,OL
24.03.2016,14:26:14,OL,282.3,288.2,OL
24.03.2016,14:26:16,OL,279.7,288.3,OL
24.03.2016,14:26:18,OL,280.8,288.8,OL
24.03.2016,14:26:20,OL,280.5,289.0,OL
24.03.2016,14:26:22,OL,280.8,288.8,OL
24.03.2016,14:26:24,OL,280.6,289.2,OL
24.03.2016,14:26:26,OL,280.0,290.8,OL
24.03.2016,14:26:28,OL,279.5,290.0,OL
24.03.2016,14:26:30,OL,279.8,289.4,OL
24.03.2016,14:26:32,OL,280.3,288.7,OL
24.03.2016,14:26:34,OL,279.9,288.4,OL
24.03.2016,14:26:36,OL,278.5,287.7,OL
24.03.2016,14:26:38,OL,279.0,286.7,OL
24.03.2016,14:26:40,OL,278.1,287.5,OL
24.03.2016,14:26:42,OL,277.6,287.0,OL
24.03.2016,14:26:44,OL,277.4,287.0,OL
24.03.2016,14:26:46,OL,277.0,286.0,OL
24.03.2016,14:26:48,OL,277.2,285.8,OL
24.03.2016,14:26:50,OL,276.6,287.3,OL
24.03.2016,14:26:52,OL,276.7,287.1,OL
24.03.2016,14:26:54,OL,277.6,287.1,OL
24.03.2016,14:26:56,OL,276.8,287.4,OL
24.03.2016,14:26:58,OL,277.1,287.2,OL
24.03.2016,14:27:00,OL,276.6,286.9,OL
24.03.2016,14:27:02,OL,276.5,286.6,OL
24.03.2016,14:27:04,OL,275.8,286.4,OL
24.03.2016,14:27:06,OL,275.9,286.1,OL
24.03.2016,14:27:08,OL,275.2,283.5,OL
24.03.2016,14:27:10,OL,274.2,283.1,OL
24.03.2016,14:27:12,OL,274.0,282.0,OL
24.03.2016,14:27:14,OL,274.2,283.1,OL
24.03.2016,14:27:16,OL,273.2,282.9,OL
24.03.2016,14:27:18,OL,272.7,281.9,OL
24.03.2016,14:27:20,OL,273.8,282.2,OL
24.03.2016,14:27:22,OL,273.8,283.6,OL
24.03.2016,14:27:24,OL,273.1,284.9,OL
24.03.2016,14:27:26,OL,272.5,283.8,OL
24.03.2016,14:27:28,OL,272.6,283.0,OL
24.03.2016,14:27:30,OL,272.5,282.9,OL
24.03.2016,14:27:32,OL,272.7,282.2,OL
24.03.2016,14:27:34,OL,272.6,281.4,OL
24.03.2016,14:27:36,OL,271.9,280.8,OL
24.03.2016,14:27:38,OL,271.7,282.0,OL
24.03.2016,14:27:40,OL,271.6,280.5,OL
24.03.2016,14:27:42,OL,271.7,281.2,OL
24.03.2016,14:27:44,OL,272.0,282.8,OL
24.03.2016,14:27:46,OL,271.9,281.8,OL
24.03.2016,14:27:48,OL,271.6,282.0,OL
24.03.2016,14:27:50,OL,272.0,280.7,OL
24.03.2016,14:27:52,OL,272.0,282.1,OL
24.03.2016,14:27:54,OL,272.1,283.0,OL
24.03.2016,14:27:56,OL,270.4,284.3,OL
24.03.2016,14:27:58,OL,271.3,284.2,OL
24.03.2016,14:28:00,OL,271.5,284.2,OL
24.03.2016,14:28:02,OL,270.4,282.8,OL
24.03.2016,14:28:04,OL,270.6,282.7,OL
24.03.2016,14:28:06,OL,270.7,282.4,OL
24.03.2016,14:28:08,OL,269.9,282.0,OL
24.03.2016,14:28:10,OL,269.3,281.8,OL
24.03.2016,14:28:12,OL,269.6,281.1,OL
24.03.2016,14:28:14,OL,268.5,280.8,OL
24.03.2016,14:28:16,OL,269.4,280.7,OL
24.03.2016,14:28:18,OL,268.4,280.7,OL
24.03.2016,14:28:20,OL,267.8,280.7,OL
24.03.2016,14:28:22,OL,268.4,279.9,OL
24.03.2016,14:28:24,OL,266.4,280.7,OL
24.03.2016,14:28:26,OL,267.1,278.9,OL
24.03.2016,14:28:28,OL,267.4,279.6,OL
24.03.2016,14:28:30,OL,266.4,279.0,OL
24.03.2016,14:28:32,OL,266.0,278.5,OL
24.03.2016,14:28:34,OL,267.4,278.1,OL
24.03.2016,14:28:36,OL,265.5,278.1,OL
24.03.2016,14:28:38,OL,265.4,277.5,OL
24.03.2016,14:28:40,OL,265.9,277.5,OL
24.03.2016,14:28:42,OL,265.1,277.8,OL
24.03.2016,14:28:44,OL,264.2,276.2,OL
24.03.2016,14:28:46,OL,264.3,276.9,OL
24.03.2016,14:28:48,OL,264.5,276.2,OL
24.03.2016,14:28:50,OL,263.3,275.4,OL
24.03.2016,14:28:52,OL,263.5,276.5,OL
24.03.2016,14:28:54,OL,262.9,277.6,OL
24.03.2016,14:28:56,OL,262.7,277.2,OL
24.03.2016,14:28:58,OL,263.1,278.0,OL
24.03.2016,14:29:00,OL,263.4,277.3,OL
24.03.2016,14:29:02,OL,263.1,277.3,OL
24.03.2016,14:29:04,OL,261.5,275.1,OL
24.03.2016,14:29:06,OL,261.7,274.3,OL
24.03.2016,14:29:08,OL,262.1,275.3,OL
24.03.2016,14:29:10,OL,262.3,274.6,OL
24.03.2016,14:29:12,OL,261.3,273.6,OL
24.03.2016,14:29:14,OL,260.2,273.2,OL
24.03.2016,14:29:16,OL,260.2,271.3,OL
24.03.2016,14:29:18,OL,259.9,270.4,OL
24.03.2016,14:29:20,OL,259.4,270.7,OL
24.03.2016,14:29:22,OL,259.5,269.7,OL
24.03.2016,14:29:24,OL,258.7,270.7,OL
24.03.2016,14:29:26,OL,258.6,270.8,OL
24.03.2016,14:29:28,OL,258.5,272.2,OL
24.03.2016,14:29:30,OL,258.6,271.2,OL
24.03.2016,14:29:32,OL,258.7,271.1,OL
24.03.2016,14:29:34,OL,258.6,269.8,OL
24.03.2016,14:29:36,OL,258.3,270.5,OL
24.03.2016,14:29:38,OL,258.0,269.3,OL
24.03.2016,14:29:40,OL,257.4,270.1,OL
24.03.2016,14:29:42,OL,257.1,270.5,OL
24.03.2016,14:29:44,OL,256.6,270.1,OL
24.03.2016,14:29:46,OL,256.4,269.7,OL
24.03.2016,14:29:48,OL,256.0,268.1,OL
24.03.2016,14:29:50,OL,256.3,267.8,OL
24.03.2016,14:29:52,OL,254.9,266.3,OL
24.03.2016,14:29:54,OL,254.5,266.2,OL
24.03.2016,14:29:56,OL,254.2,264.5,OL
24.03.2016,14:29:58,OL,252.5,263.6,OL
24.03.2016,14:30:00,OL,252.3,263.1,OL
24.03.2016,14:30:02,OL,252.7,263.1,OL
24.03.2016,14:30:04,OL,251.6,261.9,OL
24.03.2016,14:30:06,OL,252.3,263.1,OL
24.03.2016,14:30:08,OL,251.5,261.6,OL
24.03.2016,14:30:10,OL,250.9,261.1,OL
24.03.2016,14:30:12,OL,250.6,260.2,OL
24.03.2016,14:30:14,OL,250.2,259.0,OL
24.03.2016,14:30:16,OL,249.8,258.0,OL
24.03.2016,14:30:18,OL,249.0,257.2,OL
24.03.2016,14:30:20,OL,248.9,257.1,OL
24.03.2016,14:30:22,OL,247.6,256.9,OL
24.03.2016,14:30:24,OL,246.7,256.3,OL
24.03.2016,14:30:26,OL,246.9,256.0,OL
24.03.2016,14:30:28,OL,247.3,255.2,OL
24.03.2016,14:30:30,OL,246.5,253.7,OL
24.03.2016,14:30:32,OL,245.7,252.9,OL
24.03.2016,14:30:34,OL,245.7,252.4,OL
24.03.2016,14:30:36,OL,245.5,251.7,OL
24.03.2016,14:30:38,OL,244.7,252.2,OL
24.03.2016,14:30:40,OL,244.5,252.2,OL
24.03.2016,14:30:42,OL,243.7,251.3,OL
24.03.2016,14:30:44,OL,242.7,250.1,OL
24.03.2016,14:30:46,OL,243.6,250.2,OL
24.03.2016,14:30:48,OL,242.3,249.4,OL
24.03.2016,14:30:50,OL,241.1,249.5,OL
24.03.2016,14:30:52,OL,241.5,248.6,OL
24.03.2016,14:30:54,OL,241.0,247.5,OL
24.03.2016,14:30:56,OL,241.0,246.5,OL
24.03.2016,14:30:58,OL,240.3,246.6,OL
24.03.2016,14:31:00,OL,239.7,244.7,OL
24.03.2016,14:31:02,OL,239.1,245.8,OL
24.03.2016,14:31:04,OL,239.5,244.7,OL
24.03.2016,14:31:06,OL,239.0,245.0,OL
24.03.2016,14:31:08,OL,239.7,244.7,OL
24.03.2016,14:31:10,OL,239.2,244.8,OL
24.03.2016,14:31:12,OL,239.0,244.7,OL
24.03.2016,14:31:14,OL,237.9,244.9,OL
24.03.2016,14:31:16,OL,237.4,244.1,OL
24.03.2016,14:31:18,OL,237.6,244.0,OL
24.03.2016,14:31:20,OL,236.7,243.9,OL
24.03.2016,14:31:22,OL,236.4,243.0,OL
24.03.2016,14:31:24,OL,236.4,242.5,OL
24.03.2016,14:31:26,OL,235.6,242.2,OL
24.03.2016,14:31:28,OL,235.8,241.9,OL
24.03.2016,14:31:30,OL,235.0,241.5,OL
24.03.2016,14:31:32,OL,234.6,240.5,OL
24.03.2016,14:31:34,OL,234.7,240.1,OL
24.03.2016,14:31:36,OL,233.9,240.4,OL
24.03.2016,14:31:38,OL,233.7,240.2,OL
24.03.2016,14:31:40,OL,232.8,238.5,OL
24.03.2016,14:31:42,OL,233.2,237.8,OL
24.03.2016,14:31:44,OL,231.9,237.2,OL
24.03.2016,14:31:46,OL,231.9,237.0,OL
24.03.2016,14:31:48,OL,231.5,235.4,OL
24.03.2016,14:31:50,OL,231.0,234.6,OL
24.03.2016,14:31:52,OL,230.3,234.9,OL
24.03.2016,14:31:54,OL,230.7,234.4,OL
24.03.2016,14:31:56,OL,229.7,234.0,OL
24.03.2016,14:31:58,OL,229.9,233.3,OL
24.03.2016,14:32:00,OL,228.4,232.4,OL
24.03.2016,14:32:02,OL,228.1,232.4,OL
24.03.2016,14:32:04,OL,227.3,231.1,OL
24.03.2016,14:32:06,OL,226.8,231.5,OL
24.03.2016,14:32:08,OL,226.1,229.9,OL
24.03.2016,14:32:10,OL,225.5,228.8,OL
24.03.2016,14:32:12,OL,225.3,228.2,OL
24.03.2016,14:32:14,OL,225.3,227.6,OL
24.03.2016,14:32:16,OL,225.3,226.6,OL
24.03.2016,14:32:18,OL,223.8,227.2,OL
24.03.2016,14:32:20,OL,223.6,226.1,OL
24.03.2016,14:32:22,OL,223.2,225.9,OL
24.03.2016,14:32:24,OL,222.4,224.1,OL
24.03.2016,14:32:26,OL,221.6,224.0,OL
24.03.2016,14:32:28,OL,221.2,223.9,OL
24.03.2016,14:32:30,OL,221.3,222.4,OL
24.03.2016,14:32:32,OL,219.6,223.1,OL
24.03.2016,14:32:34,OL,220.1,221.5,OL
24.03.2016,14:32:36,OL,219.3,221.2,OL
24.03.2016,14:32:38,OL,217.9,220.6,OL
24.03.2016,14:32:40,OL,218.6,220.2,OL
24.03.2016,14:32:42,OL,218.0,220.1,OL
24.03.2016,14:32:44,OL,217.0,218.4,OL
24.03.2016,14:32:46,OL,217.0,218.7,OL
24.03.2016,14:32:48,OL,216.3,216.9,OL
24.03.2016,14:32:50,OL,216.4,217.0,OL
24.03.2016,14:32:52,OL,215.4,215.6,OL
24.03.2016,14:32:54,OL,214.2,215.6,OL
24.03.2016,14:32:56,OL,214.1,214.5,OL
24.03.2016,14:32:58,OL,213.8,214.4,OL
24.03.2016,14:33:00,OL,213.4,213.5,OL
24.03.2016,14:33:02,OL,213.0,212.6,OL
24.03.2016,14:33:04,OL,211.9,211.2,OL
24.03.2016,14:33:06,OL,210.9,211.5,OL
24.03.2016,14:33:08,OL,210.5,210.8,OL
24.03.2016,14:33:10,OL,210.4,210.3,OL
24.03.2016,14:33:12,OL,208.7,209.2,OL
24.03.2016,14:33:14,OL,208.5,208.8,OL
24.03.2016,14:33:16,OL,207.2,207.4,OL
24.03.2016,14:33:18,OL,206.7,206.4,OL
24.03.2016,14:33:20,OL,207.4,205.7,OL
24.03.2016,14:33:22,OL,206.4,205.2,OL
24.03.2016,14:33:24,OL,205.1,205.9,OL
24.03.2016,14:33:26,OL,205.4,204.0,OL
24.03.2016,14:33:28,OL,204.4,204.1,OL
24.03.2016,14:33:30,OL,204.0,203.2,OL
24.03.2016,14:33:32,OL,203.1,203.2,OL
24.03.2016,14:33:34,OL,203.5,202.2,OL
24.03.2016,14:33:36,OL,201.7,201.6,OL
24.03.2016,14:33:38,OL,201.1,201.1,OL
24.03.2016,14:33:40,OL,200.2,200.0,OL
24.03.2016,14:33:42,OL,199.7,200.0,OL
24.03.2016,14:33:44,OL,200.0,199.5,OL
24.03.2016,14:33:46,OL,199.7,199.1,OL
24.03.2016,14:33:48,OL,198.9,198.8,OL
24.03.2016,14:33:50,OL,198.5,196.9,OL
24.03.2016,14:33:52,OL,198.3,197.0,OL
24.03.2016,14:33:54,OL,197.3,195.5,OL
24.03.2016,14:33:56,OL,197.4,195.9,OL
24.03.2016,14:33:58,OL,197.1,195.3,OL
24.03.2016,14:34:00,OL,196.8,194.9,OL
24.03.2016,14:34:02,OL,195.4,194.0,OL
24.03.2016,14:34:04,OL,195.2,193.0,OL
24.03.2016,14:34:06,OL,194.4,193.9,OL
24.03.2016,14:34:08,OL,194.3,193.2,OL
24.03.2016,14:34:10,OL,193.5,191.4,OL
24.03.2016,14:34:12,OL,192.6,191.5,OL
24.03.2016,14:34:14,OL,192.6,190.2,OL
24.03.2016,14:34:16,OL,192.1,189.4,OL
24.03.2016,14:34:18,OL,191.8,189.5,OL
24.03.2016,14:34:20,OL,190.6,188.5,OL
24.03.2016,14:34:22,OL,190.8,188.3,OL
24.03.2016,14:34:24,OL,189.3,187.6,OL
24.03.2016,14:34:26,OL,190.1,188.0,OL
24.03.2016,14:34:28,OL,189.1,187.9,OL
24.03.2016,14:34:30,OL,188.7,186.7,OL
24.03.2016,14:34:32,OL,188.1,186.2,OL
24.03.2016,14:34:34,OL,188.7,186.1,OL
24.03.2016,14:34:36,OL,187.4,185.6,OL
24.03.2016,14:34:38,OL,187.2,184.7,OL
24.03.2016,14:34:40,OL,186.7,185.0,OL
24.03.2016,14:34:42,OL,186.5,184.2,OL
24.03.2016,14:34:44,OL,186.3,184.2,OL
24.03.2016,14:34:46,OL,185.4,183.0,OL
24.03.2016,14:34:48,OL,184.7,182.5,OL
24.03.2016,14:34:50,OL,184.5,181.7,OL
24.03.2016,14:34:52,OL,183.7,181.1,OL
24.03.2016,14:34:54,OL,183.3,180.1,OL
24.03.2016,14:34:56,OL,182.7,180.6,OL
24.03.2016,14:34:58,OL,182.6,180.6,OL
24.03.2016,14:35:00,OL,182.5,179.9,OL
24.03.2016,14:35:02,OL,182.3,179.2,OL
24.03.2016,14:35:04,OL,181.7,178.6,OL
24.03.2016,14:35:06,OL,180.7,178.2,OL
24.03.2016,14:35:08,OL,180.4,178.1,OL
24.03.2016,14:35:10,OL,181.3,178.7,OL
24.03.2016,14:35:12,OL,179.7,176.6,OL
24.03.2016,14:35:14,OL,179.9,176.7,OL
24.03.2016,14:35:16,OL,179.4,176.0,OL
24.03.2016,14:35:18,OL,178.9,175.8,OL
24.03.2016,14:35:20,OL,179.5,175.6,OL
24.03.2016,14:35:22,OL,178.5,175.9,OL
24.03.2016,14:35:24,OL,178.7,175.9,OL
24.03.2016,14:35:26,OL,177.6,176.4,OL
24.03.2016,14:35:28,OL,177.6,176.2,OL
24.03.2016,14:35:30,OL,177.1,175.2,OL
24.03.2016,14:35:32,OL,177.2,176.0,OL
24.03.2016,14:35:34,OL,177.3,176.0,OL
24.03.2016,14:35:36,OL,177.2,175.5,OL
24.03.2016,14:35:38,OL,177.2,175.1,OL
24.03.2016,14:35:40,OL,176.5,175.4,OL
24.03.2016,14:35:42,OL,175.8,175.6,OL
24.03.2016,14:35:44,OL,176.4,173.9,OL
24.03.2016,14:35:46,OL,176.4,173.7,OL
24.03.2016,14:35:48,OL,175.3,173.8,OL
24.03.2016,14:35:50,OL,174.5,174.0,OL
24.03.2016,14:35:52,OL,175.1,173.1,OL
24.03.2016,14:35:54,OL,175.3,173.2,OL
24.03.2016,14:35:56,OL,174.9,173.1,OL
24.03.2016,14:35:58,OL,173.7,172.0,OL
24.03.2016,14:36:00,OL,174.0,172.4,OL
24.03.2016,14:36:02,OL,173.5,172.1,OL
24.03.2016,14:36:04,OL,172.5,171.2,OL
24.03.2016,14:36:06,OL,173.4,171.4,OL
24.03.2016,14:36:08,OL,172.2,169.7,OL
24.03.2016,14:36:10,OL,171.8,169.3,OL
24.03.2016,14:36:12,OL,171.6,169.2,OL
24.03.2016,14:36:14,OL,171.7,169.5,OL
24.03.2016,14:36:16,OL,171.4,169.3,OL
24.03.2016,14:36:18,OL,170.5,167.7,OL
24.03.2016,14:36:20,OL,170.0,168.9,OL
24.03.2016,14:36:22,OL,170.0,168.0,OL
24.03.2016,14:36:24,OL,169.6,167.2,OL
24.03.2016,14:36:26,OL,169.4,166.2,OL
24.03.2016,14:36:28,OL,168.8,166.8,OL
24.03.2016,14:36:30,OL,168.8,165.5,OL
24.03.2016,14:36:32,OL,168.6,165.8,OL
24.03.2016,14:36:34,OL,167.7,165.3,OL
24.03.2016,14:36:36,OL,167.2,164.3,OL
24.03.2016,14:36:38,OL,167.6,165.3,OL
24.03.2016,14:36:40,OL,166.6,164.6,OL
24.03.2016,14:36:42,OL,166.8,165.4,OL
24.03.2016,14:36:44,OL,166.1,164.1,OL
24.03.2016,14:36:46,OL,166.5,164.4,OL
24.03.2016,14:36:48,OL,166.2,163.7,OL
24.03.2016,14:36:50,OL,166.1,164.3,OL
24.03.2016,14:36:52,OL,165.4,163.4,OL
24.03.2016,14:36:54,OL,164.8,163.3,OL
24.03.2016,14:36:56,OL,164.6,163.4,OL
24.03.2016,14:36:58,OL,164.1,162.7,OL
24.03.2016,14:37:00,OL,164.2,162.8,OL
24.03.2016,14:37:02,OL,163.4,162.2,OL
24.03.2016,14:37:04,OL,164.1,161.9,OL
24.03.2016,14:37:06,OL,163.7,161.9,OL
24.03.2016,14:37:08,OL,163.4,161.4,OL
24.03.2016,14:37:10,OL,163.7,161.1,OL
24.03.2016,14:37:12,OL,162.3,161.1,OL
24.03.2016,14:37:14,OL,163.4,161.2,OL
24.03.2016,14:37:16,OL,161.8,160.3,OL
24.03.2016,14:37:18,OL,162.4,160.5,OL
24.03.2016,14:37:20,OL,162.8,160.6,OL
24.03.2016,14:37:22,OL,161.9,160.4,OL
24.03.2016,14:37:24,OL,161.7,159.8,OL
24.03.2016,14:37:26,OL,161.9,159.6,OL
24.03.2016,14:37:28,OL,161.4,159.6,OL
24.03.2016,14:37:30,OL,161.3,159.3,OL
24.03.2016,14:37:32,OL,161.1,158.9,OL
24.03.2016,14:37:34,OL,161.9,159.8,OL
24.03.2016,14:37:36,OL,161.2,159.4,OL
24.03.2016,14:37:38,OL,160.7,158.8,OL
24.03.2016,14:37:40,OL,160.8,159.3,OL
24.03.2016,14:37:42,OL,160.8,158.9,OL
24.03.2016,14:37:44,OL,160.2,159.3,OL
24.03.2016,14:37:46,OL,160.2,158.6,OL
24.03.2016,14:37:48,OL,159.2,157.9,OL
24.03.2016,14:37:50,OL,159.8,158.4,OL
24.03.2016,14:37:52,OL,159.4,157.4,OL
24.03.2016,14:37:54,OL,159.6,157.5,OL
24.03.2016,14:37:56,OL,159.5,157.4,OL
24.03.2016,14:37:58,OL,158.9,156.7,OL
24.03.2016,14:38:00,OL,158.7,157.3,OL
24.03.2016,14:38:02,OL,158.5,157.8,OL
24.03.2016,14:38:04,OL,158.9,156.5,OL
24.03.2016,14:38:06,OL,158.5,156.5,OL
24.03.2016,14:38:08,OL,158.4,155.4,OL
24.03.2016,14:38:10,OL,158.4,156.5,OL
24.03.2016,14:38:12,OL,158.6,156.0,OL
24.03.2016,14:38:14,OL,156.9,155.4,OL
24.03.2016,14:38:16,OL,157.0,155.2,OL
24.03.2016,14:38:18,OL,158.2,154.7,OL
24.03.2016,14:38:20,OL,157.0,155.3,OL
24.03.2016,14:38:22,OL,157.5,154.7,OL
24.03.2016,14:38:24,OL,156.7,155.1,OL
24.03.2016,14:38:26,OL,156.6,155.0,OL
24.03.2016,14:38:28,OL,156.4,154.1,OL
24.03.2016,14:38:30,OL,156.8,154.9,OL
24.03.2016,14:38:32,OL,156.4,153.8,OL
24.03.2016,14:38:34,OL,156.8,154.1,OL
24.03.2016,14:38:36,OL,155.7,153.6,OL
24.03.2016,14:38:38,OL,155.9,154.0,OL
24.03.2016,14:38:40,OL,155.8,153.5,OL
24.03.2016,14:38:42,OL,155.0,153.7,OL
24.03.2016,14:38:44,OL,155.0,153.7,OL
24.03.2016,14:38:46,OL,155.2,153.6,OL
24.03.2016,14:38:48,OL,156.3,152.7,OL
24.03.2016,14:38:50,OL,155.2,152.5,OL
24.03.2016,14:38:52,OL,155.1,153.3,OL
24.03.2016,14:38:54,OL,155.3,153.5,OL
24.03.2016,14:38:56,OL,153.9,152.9,OL
24.03.2016,14:38:58,OL,154.2,153.4,OL
24.03.2016,14:39:00,OL,154.3,152.6,OL
24.03.2016,14:39:02,OL,153.4,152.2,OL
24.03.2016,14:39:04,OL,153.6,152.1,OL
24.03.2016,14:39:06,OL,152.9,152.2,OL
24.03.2016,14:39:08,OL,153.0,152.9,OL
24.03.2016,14:39:10,OL,153.2,151.5,OL
24.03.2016,14:39:12,OL,152.9,152.3,OL
24.03.2016,14:39:14,OL,153.2,152.4,OL
24.03.2016,14:39:16,OL,153.8,152.3,OL
24.03.2016,14:39:18,OL,152.7,151.5,OL
24.03.2016,14:39:20,OL,152.6,150.6,OL
24.03.2016,14:39:22,OL,152.5,150.8,OL
24.03.2016,14:39:24,OL,152.3,150.0,OL
24.03.2016,14:39:26,OL,152.3,150.3,OL
24.03.2016,14:39:28,OL,151.6,150.2,OL
24.03.2016,14:39:30,OL,151.8,150.1,OL
24.03.2016,14:39:32,OL,150.8,149.7,OL
24.03.2016,14:39:34,OL,150.7,150.5,OL
24.03.2016,14:39:36,OL,150.5,150.4,OL
24.03.2016,14:39:38,OL,150.7,149.8,OL
24.03.2016,14:39:40,OL,150.4,148.7,OL
24.03.2016,14:39:42,OL,150.2,149.3,OL
24.03.2016,14:39:44,OL,150.5,149.4,OL
24.03.2016,14:39:46,OL,149.8,148.7,OL
24.03.2016,14:39:48,OL,149.6,149.0,OL
24.03.2016,14:39:50,OL,149.4,148.0,OL
24.03.2016,14:39:52,OL,150.0,148.2,OL
24.03.2016,14:39:54,OL,149.0,148.3,OL
24.03.2016,14:39:56,OL,148.8,147.9,OL
24.03.2016,14:39:58,OL,149.0,147.3,OL
24.03.2016,14:40:00,OL,148.9,147.4,OL
24.03.2016,14:40:02,OL,147.8,147.3,OL
24.03.2016,14:40:04,OL,147.8,146.5,OL
24.03.2016,14:40:06,OL,146.9,147.7,OL
24.03.2016,14:40:08,OL,147.3,146.8,OL
24.03.2016,14:40:10,OL,148.1,147.0,OL
24.03.2016,14:40:12,OL,147.6,145.8,OL
24.03.2016,14:40:14,OL,146.9,145.8,OL
24.03.2016,14:40:16,OL,146.6,145.1,OL
24.03.2016,14:40:18,OL,147.3,146.7,OL
24.03.2016,14:40:20,OL,146.8,146.1,OL
24.03.2016,14:40:22,OL,146.5,145.9,OL
24.03.2016,14:40:24,OL,146.3,144.7,OL
24.03.2016,14:40:26,OL,146.0,144.7,OL
24.03.2016,14:40:28,OL,145.8,144.1,OL
24.03.2016,14:40:30,OL,145.0,144.2,OL
24.03.2016,14:40:32,OL,145.8,143.9,OL
24.03.2016,14:40:34,OL,145.8,143.2,OL
24.03.2016,14:40:36,OL,144.5,142.6,OL
24.03.2016,14:40:38,OL,144.5,143.6,OL
24.03.2016,14:40:40,OL,143.8,142.3,OL
24.03.2016,14:40:42,OL,143.3,142.0,OL
24.03.2016,14:40:44,OL,143.5,142.4,OL
24.03.2016,14:40:46,OL,143.7,141.6,OL
24.03.2016,14:40:48,OL,143.7,142.0,OL
24.03.2016,14:40:50,OL,143.3,141.4,OL
24.03.2016,14:40:52,OL,142.9,141.3,OL
24.03.2016,14:40:54,OL,142.5,141.0,OL
24.03.2016,14:40:56,OL,142.7,142.0,OL
24.03.2016,14:40:58,OL,141.4,141.8,OL
24.03.2016,14:41:00,OL,141.8,140.5,OL
24.03.2016,14:41:02,OL,141.5,140.8,OL
24.03.2016,14:41:04,OL,141.6,139.8,OL
24.03.2016,14:41:06,OL,141.3,139.9,OL
24.03.2016,14:41:08,OL,142.0,139.9,OL
24.03.2016,14:41:10,OL,140.9,139.3,OL
24.03.2016,14:41:12,OL,140.0,139.1,OL
24.03.2016,14:41:14,OL,140.8,139.2,OL
24.03.2016,14:41:16,OL,140.2,138.9,OL
24.03.2016,14:41:18,OL,139.5,138.0,OL
24.03.2016,14:41:20,OL,139.9,138.6,OL
24.03.2016,14:41:22,OL,139.3,137.9,OL
24.03.2016,14:41:24,OL,139.3,138.8,OL
24.03.2016,14:41:26,OL,139.2,137.8,OL
24.03.2016,14:41:28,OL,138.6,137.6,OL
24.03.2016,14:41:30,OL,138.8,137.8,OL
24.03.2016,14:41:32,OL,138.6,137.1,OL
24.03.2016,14:41:34,OL,138.5,137.3,OL
24.03.2016,14:41:36,OL,138.8,137.2,OL
24.03.2016,14:41:38,OL,138.9,137.6,OL
24.03.2016,14:41:40,OL,137.9,137.4,OL
24.03.2016,14:41:42,OL,137.8,136.2,OL
24.03.2016,14:41:44,OL,138.9,137.1,OL
24.03.2016,14:41:46,OL,137.9,136.7,OL
24.03.2016,14:41:48,OL,137.8,137.1,OL
24.03.2016,14:41:50,OL,136.2,134.8,OL
24.03.2016,14:41:52,OL,133.9,134.6,OL
24.03.2016,14:41:54,OL,116.7,132.8,OL
24.03.2016,14:41:56,OL,-297.8,128.3,OL
24.03.2016,14:41:58,OL,,123.0,OL
24.03.2016,14:42:00,OL,,117.3,OL
24.03.2016,14:42:02,OL,,112.6,OL
24.03.2016,14:42:04,OL,,109.6,OL
24.03.2016,14:42:06,OL,,104.7,OL
24.03.2016,14:42:08,OL,,99.6,OL
24.03.2016,14:42:10,OL,,94.3,OL
24.03.2016,14:42:12,OL,,90.4,OL
24.03.2016,14:42:14,OL,,88.3,OL
24.03.2016,14:42:16,OL,,85.1,OL
24.03.2016,14:42:18,OL,,82.6,OL
24.03.2016,14:02:30,OL,275.7,277.3,OL
24.03.2016,14:03:28,OL,462.7,378.3,OL
24.03.2016,14:29:38,OL,257.8,270.0,OL
24.03.2016,13:59:28,OL,142.9,114.0,OL
24.03.2016,14:03:12,OL,448.7,372.0,OL
24.03.2016,14:10:48,OL,252.7,196.3,OL
24.03.2016,14:26:08,OL,282.0,290.4,OL
24.03.2016,14:18:56,OL,,260.8,OL
24.03.2016,14:32:40,OL,218.2,219.6,OL
24.03.2016,14:37:54,OL,159.5,157.8,OL
24.03.2016,14:03:56,OL,401.4,402.3,OL
24.03.2016,14:25:36,OL,290.0,303.7,OL
24.03.2016,13:57:54,OL,42.1,40.4,OL
24.03.2016,14:29:26,OL,259.3,270.8,OL
24.03.2016,14:29:56,OL,253.5,264.5,OL
24.03.2016,14:21:56,OL,301.1,305.3,OL
24.03.2016,14:24:10,OL,294.7,307.9,OL
24.03.2016,14:32:06,OL,227.5,230.9,OL
24.03.2016,14:20:26,OL,257.9,252.0,OL
24.03.2016,14:26:22,OL,280.6,289.7,OL
24.03.2016,14:29:52,OL,254.8,266.9,OL
24.03.2016,14:27:38,OL,272.4,280.9,OL
24.03.2016,14:21:56,OL,301.6,304.6,OL
24.03.2016,13:58:48,OL,101.6,82.6,OL
24.03.2016,13:56:04,OL,23.4,25.0,OL
24.03.2016,14:04:24,OL,352.8,383.7,OL
24.03.2016,14:25:58,OL,286.3,295.9,OL
24.03.2016,14:12:00,OL,260.9,195.6,OL
24.03.2016,14:06:14,OL,417.8,285.9,OL
24.03.2016,14:11:16,OL,250.0,194.7,OL
24.03.2016,14:31:56,OL,229.2,235.4,OL
24.03.2016,14:20:00,OL,,254.8,OL
24.03.2016,14:23:58,OL,295.9,308.9,OL
24.03.2016,14:25:36,OL,290.0,303.8,OL
24.03.2016,14:20:04,OL,,254.0,OL
24.03.2016,14:17:26,OL,440.4,244.9,OL
24.03.2016,14:01:44,OL,196.4,179.4,OL
24.03.2016,14:30:30,OL,246.1,253.3,OL
24.03.2016,13:59:28,OL,142.2,114.7,OL
24.03.2016,14:05:00,OL,352.6,339.3,OL
24.03.2016,14:00:04,OL,171.7,136.8,OL
24.03.2016,14:38:32,OL,156.2,154.3,OL
24.03.2016,14:33:22,OL,206.1,206.1,OL
24.03.2016,14:24:36,OL,280.2,317.0,OL
24.03.2016,14:05:40,OL,463.5,305.2,OL
24.03.2016,14:05:24,OL,448.9,313.8,OL
24.03.2016,14:32:10,OL,225.3,228.9,OL
24.03.2016,14:39:18,OL,152.8,151.8,OL
24.03.2016,14:25:02,OL,283.8,305.5,OL
24.03.2016,14:02:12,OL,245.1,239.8,OL
24.03.2016,14:09:26,OL,273.6,205.0,OL
24.03.2016,14:29:26,OL,258.7,270.0,OL
24.03.2016,14:06:26,OL,395.9,274.2,OL
24.03.2016,14:14:22,OL,274.4,213.8,OL
24.03.2016,14:08:16,OL,295.2,214.0,OL
24.03.2016,14:27:52,OL,271.1,282.2,OL
24.03.2016,14:19:14,OL,,261.1,OL
24.03.2016,14:40:06,OL,147.8,147.5,OL
24.03.2016,14:13:46,OL,267.4,207.2,OL
24.03.2016,13:59:36,OL,150.6,118.7,OL
24.03.2016,14:20:58,OL,308.6,266.0,OL
24.03.2016,14:35:34,OL,178.0,175.1,OL
24.03.2016,13:56:40,OL,23.9,27.1,OL
24.03.2016,14:07:14,OL,352.0,240.7,OL
24.03.2016,14:34:56,OL,182.9,181.5,OL
24.03.2016,14:04:40,OL,329.0,355.0,OL
24.03.2016,14:32:12,OL,225.3,228.3,OL
24.03.2016,14:28:20,OL,268.1,281.1,OL
24.03.2016,14:26:48,OL,276.0,285.8,OL
24.03.2016,14:18:34,OL,,264.1,OL
24.03.2016,14:32:58,OL,213.5,214.1,OL
24.03.2016,14:05:24,OL,448.9,313.0,OL
24.03.2016,14:06:48,OL,377.8,255.1,OL
24.03.2016,14:36:38,OL,166.8,165.2,OL
24.03.2016,14:26:40,OL,278.6,286.7,OL
24.03.2016,14:19:20,OL,,260.3,OL
24.03.2016,14:31:58,OL,229.2,233.4,OL
24.03.2016,14:35:34,OL,176.7,174.4,OL
24.03.2016,13:59:38,OL,152.6,120.7,OL
24.03.2016,14:32:42,OL,217.5,219.5,OL
24.03.2016,14:32:52,OL,215.9,215.3,OL
24.03.2016,14:21:32,OL,305.3,297.4,OL
24.03.2016,14:24:40,OL,274.7,306.3,OL
24.03.2016,14:05:10,OL,406.9,323.9,OL
24.03.2016,14:11:00,OL,247.6,195.4,OL
24.03.2016,14:11:32,OL,255.6,194.1,OL
24.03.2016,14:27:28,OL,272.2,283.6,OL
24.03.2016,14:28:56,OL,262.7,277.0,OL
24.03.2016,14:10:02,OL,265.9,204.5,OL
24.03.2016,13:57:20,OL,25.5,32.7,OL
24.03.2016,14:04:24,OL,351.9,383.6,OL
24.03.2016,14:24:58,OL,281.8,304.8,OL
24.03.2016,13:58:50,OL,103.8,84.4,OL
24.03.2016,14:31:12,OL,239.0,245.5,OL
24.03.2016,14:14:52,OL,253.8,228.7,OL
24.03.2016,14:36:18,OL,170.5,169.0,OL
24.03.2016,14:31:02,OL,240.0,245.4,OL
24.03.2016,14:23:12,OL,300.0,313.9,OL
24.03.2016,14:24:32,OL,290.0,318.3,OL
24.03.2016,14:07:20,OL,340.6,239.2,OL
24.03.2016,13:57:16,OL,25.4,32.6,OL
24.03.2016,14:13:54,OL,267.1,207.5,OL
24.03.2016,14:24:54,OL,281.8,304.4,OL
24.03.2016,14:04:40,OL,328.5,355.2,OL
24.03.2016,14:37:34,OL,160.7,159.6,OL
24.03.2016,14:12:14,OL,264.0,196.7,OL
24.03.2016,14:20:08,OL,,253.6,OL
24.03.2016,14:05:16,OL,428.0,320.2,OL
24.03.2016,13:56:40,OL,23.1,26.8,OL
24.03.2016,13:57:56,OL,43.6,41.0,OL
24.03.2016,14:20:16,OL,,252.6,OL
24.03.2016,14:00:26,OL,180.6,144.1,OL
24.03.2016,14:16:28,OL,,194.5,OL
24.03.2016,14:11:54,OL,258.1,195.1,OL
24.03.2016,14:26:36,OL,278.5,288.0,OL
24.03.2016,14:03:24,OL,461.2,376.4,OL
24.03.2016,14:12:40,OL,263.7,198.2,OL
24.03.2016,14:41:42,OL,138.2,136.6,OL
24.03.2016,14:09:58,OL,266.2,204.3,OL
24.03.2016,14:27:12,OL,274.6,283.3,OL
24.03.2016,14:42:16,OL,,85.5,OL
24.03.2016,14:28:26,OL,267.1,279.5,OL
24.03.2016,14:07:10,OL,357.6,243.7,OL
24.03.2016,14:02:12,OL,244.1,239.0,OL
24.03.2016,14:03:42,OL,418.9,384.2,OL
24.03.2016,14:11:40,OL,255.6,195.2,OL
24.03.2016,14:21:14,OL,307.8,286.6,OL
24.03.2016,14:27:28,OL,273.0,283.4,OL
24.03.2016,14:19:40,OL,,255.9,OL
24.03.2016,13:57:54,OL,42.2,39.8,OL
24.03.2016,14:09:16,OL,-114.5,196.8,OL
24.03.2016,14:06:54,OL,375.6,251.5,OL
24.03.2016,14:24:50,OL,277.3,303.0,OL
24.03.2016,14:36:48,OL,166.7,164.1,OL
24.03.2016,13:55:14,OL,23.7,24.7,OL
24.03.2016,14:17:10,OL,362.5,237.1,OL
24.03.2016,14:36:28,OL,169.3,167.0,OL
24.03.2016,14:01:06,OL,120.7,131.0,OL
24.03.2016,14:11:48,OL,257.2,194.4,OL
24.03.2016,14:20:06,OL,,252.6,OL
24.03.2016,14:09:24,OL,275.8,203.0,OL
24.03.2016,14:29:54,OL,253.6,266.5,OL
24.03.2016,14:23:06,OL,298.9,311.2,OL
24.03.2016,13:56:54,OL,24.3,32.0,OL
24.03.2016,14:00:24,OL,179.5,143.1,OL
24.03.2016,14:32:18,OL,224.2,226.4,OL
24.03.2016,14:13:08,OL,264.1,202.1,OL
24.03.2016,14:34:36,OL,187.8,185.0,OL
24.03.2016,14:11:48,OL,257.9,194.3,OL
24.03.2016,14:25:10,OL,285.8,306.4,OL
24.03.2016,14:19:06,OL,,261.6,OL
24.03.2016,14:14:28,OL,275.2,231.1,OL
24.03.2016,14:23:58,OL,296.0,307.8,OL
24.03.2016,14:30:16,OL,249.7,258.0,OL
24.03.2016,14:10:00,OL,265.4,204.9,OL
24.03.2016,14:16:48,OL,,212.9,OL
24.03.2016,14:22:50,OL,298.1,309.6,OL
24.03.2016,13:57:30,OL,24.6,31.7,OL
24.03.2016,14:06:46,OL,380.0,256.1,OL
24.03.2016,14:37:46,OL,159.6,158.4,OL
24.03.2016,14:28:32,OL,266.3,278.5,OL
24.03.2016,14:30:40,OL,244.0,251.9,OL
24.03.2016,14:10:28,OL,255.7,199.0,OL
24.03.2016,14:29:36,OL,257.9,269.8,OL
24.03.2016,14:30:34,OL,245.4,252.5,OL
24.03.2016,14:37:26,OL,161.8,160.3,OL
24.03.2016,14:13:36,OL,266.0,205.9,OL
24.03.2016,14:13:36,OL,266.0,205.2,OL
24.03.2016,14:05:26,OL,454.6,310.9,OL
24.03.2016,14:37:12,OL,161.4,161.4,OL
24.03.2016,13:55:48,OL,24.1,24.9,OL
24.03.2016,14:07:20,OL,339.2,239.0,OL
24.03.2016,14:28:12,OL,269.4,281.1,OL
24.03.2016,14:08:12,OL,295.8,215.7,OL
24.03.2016,14:08:20,OL,295.7,212.7,OL
24.03.2016,14:37:42,OL,160.4,159.3,OL
24.03.2016,14:33:56,OL,197.1,195.6,OL
24.03.2016,14:09:28,OL,271.3,208.3,OL
24.03.2016,14:17:40,OL,,254.6,OL
24.03.2016,14:15:48,OL,,186.1,OL
24.03.2016,14:36:42,OL,166.9,165.3,OL
24.03.2016,14:12:16,OL,264.7,197.1,OL
24.03.2016,14:03:42,OL,419.7,383.2,OL
24.03.2016,14:16:54,OL,,220.0,OL
24.03.2016,14:11:38,OL,256.6,195.1,OL
24.03.2016,14:40:34,OL,145.2,143.1,OL
24.03.2016,14:14:22,OL,274.5,214.2,OL
24.03.2016,14:17:28,OL,443.9,245.9,OL
24.03.2016,14:12:52,OL,259.7,199.4,OL
24.03.2016,14:07:38,OL,322.7,228.7,OL
24.03.2016,14:37:48,OL,160.7,158.3,OL
24.03.2016,14:03:06,OL,442.5,368.1,OL
24.03.2016,14:04:42,OL,338.8,354.8,OL
24.03.2016,14:03:24,OL,460.9,375.6,OL
24.03.2016,14:27:48,OL,271.6,280.7,OL
24.03.2016,14:24:38,OL,276.0,309.1,OL
24.03.2016,14:04:40,OL,328.9,356.1,OL
24.03.2016,14:23:08,OL,298.8,311.7,OL
24.03.2016,14:38:42,OL,156.5,153.7,OL
24.03.2016,14:24:58,OL,281.9,304.5,OL
24.03.2016,14:29:10,OL,261.6,274.4,OL
24.03.2016,14:34:24,OL,189.9,188.1,OL
24.03.2016,14:12:04,OL,261.6,195.4,OL
24.03.2016,14:34:58,OL,182.9,180.0,OL
24.03.2016,14:32:24,OL,222.2,224.4,OL
24.03.2016,14:01:20,OL,135.4,138.1,OL
24.03.2016,14:13:20,OL,264.2,203.3,OL
24.03.2016,14:39:00,OL,154.4,153.7,OL
24.03.2016,13:55:38,OL,23.0,25.7,OL
24.03.2016,14:32:32,OL,219.9,223.5,OL
24.03.2016,14:21:08,OL,307.8,281.4,OL
24.03.2016,13:56:34,OL,,24.0,OL
24.03.2016,14:16:40,OL,,202.7,OL
24.03.2016,14:22:44,OL,298.7,310.0,OL
24.03.2016,14:07:44,OL,319.3,226.2,OL
24.03.2016,14:11:32,OL,256.1,194.7,OL
24.03.2016,14:41:38,OL,138.3,137.1,OL
24.03.2016,14:08:04,OL,299.3,217.9,OL
24.03.2016,14:39:04,OL,152.9,153.0,OL
24.03.2016,14:04:48,OL,340.8,355.3,OL
24.03.2016,14:17:06,OL,,234.8,OL
24.03.2016,14:06:34,OL,395.4,266.5,OL
24.03.2016,14:00:48,OL,157.7,132.2,OL
24.03.2016,14:10:52,OL,251.3,195.8,OL
24.03.2016,14:32:54,OL,214.3,215.5,OL
24.03.2016,14:13:44,OL,268.0,206.9,OL
24.03.2016,14:08:22,OL,296.1,211.9,OL
24.03.2016,14:32:08,OL,225.9,230.3,OL
24.03.2016,13:59:08,OL,124.7,99.6,OL
24.03.2016,14:22:54,OL,298.3,309.5,OL
24.03.2016,14:05:50,OL,454.0,303.8,OL
24.03.2016,14:37:14,OL,163.1,161.0,OL
24.03.2016,14:25:00,OL,283.0,304.7,OL
24.03.2016,14:10:22,OL,258.4,200.8,OL
24.03.2016,14:05:04,OL,378.0,331.5,OL
24.03.2016,14:13:16,OL,265.4,203.6,OL
24.03.2016,14:16:50,OL,,214.8,OL
24.03.2016,14:41:52,OL,134.4,133.3,OL
24.03.2016,13:56:10,OL,23.2,25.3,OL
24.03.2016,14:27:04,OL,276.0,285.7,OL
24.03.2016,14:08:28,OL,294.6,211.0,OL
24.03.2016,14:31:18,OL,238.0,244.4,OL
24.03.2016,14:21:28,OL,306.2,295.5,OL
24.03.2016,14:14:24,OL,274.9,214.2,OL
24.03.2016,14:29:32,OL,258.2,270.6,OL
24.03.2016,14:34:58,OL,182.3,180.2,OL
24.03.2016,14:13:38,OL,267.2,205.4,OL
24.03.2016,14:33:14,OL,208.7,208.5,OL
24.03.2016,14:35:48,OL,175.4,173.9,OL
