date,time,bin00,bin01,bin02,bin03,bin04,bin05,bin06,bin07,bin08,bin09,bin10,bin11,bin12,bin13,bin14,bin15,bin16,bin17,bin18,bin19,bin20,bin21,bin22,bin23,SP(s),SFR(ml/s),T(C),RH(%),PM_A(ug/m^3),PM_B(ug/m^3),PM_C(ug/m^3),CSmatch
2025-01-14,04:49:42,0,0,0,0,0,0,0,0,0,0,0,0,0,0,0,0,0,0,0,0,0,0,0,0,5.89,3.70,27.20,81.10,0.00,0.00,0.00,1
2025-01-14,04:49:52,0,0,0,0,0,0,0,0,0,0,0,0,0,0,0,0,0,0,0,0,0,0,0,0,4.99,3.70,27.58,81.71,0.00,0.00,0.00,1
2025-01-14,04:50:02,1,0,0,0,0,0,0,0,0,0,0,0,0,0,0,0,0,0,0,0,0,0,0,0,4.99,3.70,27.87,85.08,0.00,0.00,0.00,1
2025-01-14,04:50:12,0,0,0,0,0,0,0,0,0,4,3,11,0,0,0,0,0,0,0,0,0,0,0,0,4.99,3.70,28.11,85.67,0.00,0.72,242.15,1
2025-01-14,04:50:22,0,0,0,0,0,0,0,2,4,1,0,2,0,0,0,0,0,0,0,0,0,0,0,0,4.99,3.70,28.39,84.98,0.00,1.94,58.89,1
2025-01-14,04:50:32,0,0,0,0,0,0,0,3,2,1,0,0,0,0,0,0,0,0,0,0,0,0,0,0,4.99,3.70,28.62,83.83,0.00,1.78,20.44,1
2025-01-14,04:50:42,0,0,0,0,0,0,0,5,3,2,0,1,0,0,0,0,0,0,0,0,0,0,0,0,4.99,3.70,28.86,83.05,0.00,2.92,51.41,1
2025-01-14,04:50:52,0,0,0,0,0,0,0,0,0,0,1,1,0,0,0,0,0,0,0,0,0,0,0,0,4.99,3.70,29.06,82.26,0.00,0.05,27.77,1
2025-01-14,04:51:02,0,0,0,0,0,0,1,7,11,9,2,2,0,0,0,0,0,0,0,0,0,0,0,0,4.99,3.70,29.25,81.30,0.01,7.22,176.92,1
2025-01-14,04:51:13,0,0,0,0,0,0,0,7,7,4,2,1,0,0,0,0,0,0,0,0,0,0,0,0,4.99,3.70,29.44,80.55,0.00,5.10,108.14,1
2025-01-14,04:51:23,0,0,0,0,0,0,0,5,17,12,5,10,0,0,0,0,0,0,1,0,1,0,0,0,4.99,3.70,29.60,79.91,0.00,8.29,390.55,1
2025-01-14,04:51:33,0,0,0,0,0,0,0,4,1,3,2,6,0,0,0,0,0,0,0,0,0,0,0,0,4.99,3.70,29.76,79.26,0.00,2.27,153.31,1
2025-01-14,04:51:43,0,0,0,0,0,0,0,3,0,0,0,1,0,0,0,0,0,0,0,0,0,0,0,0,4.99,3.70,29.90,78.45,0.00,1.11,21.65,1
2025-01-14,04:51:53,0,0,0,0,0,0,0,2,1,0,0,1,0,0,0,0,0,0,0,0,0,0,0,0,4.99,3.70,30.04,77.65,0.00,1.00,23.74,1
2025-01-14,04:52:03,0,0,0,0,0,0,0,1,1,0,0,0,0,0,0,0,0,0,0,0,0,0,0,0,4.99,3.70,30.20,77.02,0.00,0.63,5.70,1
2025-01-14,04:52:13,0,0,0,0,0,0,0,4,8,1,0,0,0,0,0,0,0,0,0,0,0,0,0,0,4.99,3.70,30.30,76.43,0.00,3.73,45.61,1
2025-01-14,04:52:23,0,0,0,0,0,0,0,2,2,0,0,0,0,0,0,0,0,0,0,0,0,0,0,0,4.99,3.70,30.41,75.89,0.00,1.27,11.40,1
2025-01-14,04:52:33,0,0,0,0,0,0,0,7,17,7,4,2,0,0,0,0,0,0,0,0,0,0,0,0,4.99,3.70,30.55,75.43,0.00,8.27,208.09,1
2025-01-14,04:52:43,0,0,0,0,0,0,0,4,8,0,0,0,0,0,0,0,0,0,0,0,0,0,0,0,4.99,3.70,30.65,74.94,0.00,3.59,38.38,1
2025-01-14,04:52:53,0,0,0,0,0,0,0,1,8,2,1,0,0,0,0,0,0,0,0,0,0,0,0,0,4.99,3.70,30.72,74.53,0.00,2.82,58.96,1
2025-01-14,04:53:03,0,0,0,0,0,0,0,2,3,1,0,0,0,0,0,0,0,0,0,0,0,0,0,0,4.99,3.70,30.83,74.07,0.00,1.67,22.53,1
2025-01-14,04:53:13,0,0,0,0,0,0,1,2,3,0,0,0,0,0,0,0,0,0,0,0,0,0,0,0,4.99,3.70,30.95,73.68,0.01,1.89,16.10,1
2025-01-14,04:53:23,0,0,0,0,0,0,0,13,6,5,3,5,0,0,0,0,0,0,0,0,0,0,0,0,4.99,3.70,31.00,73.33,0.00,7.25,198.80,1
2025-01-14,04:53:33,0,0,0,0,0,0,0,7,5,3,2,0,0,0,0,0,0,0,0,0,0,0,0,0,4.99,3.70,31.10,73.07,0.00,4.43,76.88,1
2025-01-14,04:53:43,0,0,0,0,0,0,0,6,10,4,1,2,0,0,0,0,0,0,1,0,0,0,0,0,4.99,3.70,31.19,72.79,0.00,5.47,128.79,1
2025-01-14,04:53:53,0,0,0,0,0,0,0,6,7,5,1,0,0,0,0,0,0,0,0,0,0,0,0,0,4.99,3.70,31.26,72.54,0.00,4.82,85.79,1
2025-01-14,04:54:03,0,0,0,0,0,0,0,7,12,14,3,13,1,0,0,0,1,1,1,2,1,0,0,0,4.99,3.70,31.34,72.28,0.00,7.88,461.92,1
2025-01-14,04:54:13,0,0,0,0,0,0,0,2,5,8,12,40,0,1,1,3,1,4,10,15,5,5,1,0,4.99,3.70,31.42,72.00,0.00,3.83,1131.17,1
2025-01-14,04:54:23,0,0,0,0,0,0,0,0,4,4,7,59,1,0,1,0,3,9,17,27,18,9,2,0,4.99,3.70,31.47,71.84,0.00,1.99,1492.50,1
2025-01-14,04:54:33,0,0,0,0,0,0,0,0,3,6,10,59,0,0,0,0,3,11,8,29,15,3,1,0,4.99,3.70,31.54,71.71,0.00,2.17,1454.63,1
2025-01-14,04:54:43,0,0,0,0,0,0,0,1,2,6,16,56,0,1,3,2,6,8,13,19,6,4,1,0,4.99,3.70,31.62,71.57,0.00,2.60,1558.24,1
2025-01-14,04:54:53,0,0,0,0,0,0,0,0,7,13,9,48,0,0,0,4,5,10,15,20,6,3,1,1,4.99,3.70,31.67,71.33,0.00,4.16,1393.73,1
2025-01-14,04:55:03,0,0,0,0,0,0,0,1,16,16,4,11,0,0,0,1,0,0,1,1,0,0,0,0,4.99,3.70,31.73,71.11,0.00,7.06,428.86,1
2025-01-14,04:55:13,0,0,0,0,0,0,0,5,5,14,9,4,0,0,0,0,0,0,0,0,0,0,0,0,4.99,3.70,31.80,70.95,0.00,5.62,298.53,1
2025-01-14,04:55:23,0,0,0,0,0,0,0,3,5,7,1,3,0,0,0,0,0,0,0,0,0,0,0,0,4.99,3.70,31.86,70.80,0.00,3.47,135.76,1
2025-01-14,04:55:33,0,0,0,0,0,0,1,2,6,2,0,1,0,0,0,1,0,0,0,0,0,0,0,0,4.99,3.70,31.90,70.63,0.01,2.96,73.20,1
2025-01-14,04:55:43,0,0,0,0,0,0,0,1,4,9,3,9,0,1,0,0,0,0,0,0,0,0,0,0,4.99,3.70,31.96,70.46,0.00,2.85,282.55,1
2025-01-14,04:55:53,0,0,0,0,0,0,0,5,9,11,4,2,0,0,0,0,0,0,0,0,0,0,0,0,4.99,3.70,32.03,70.31,0.00,5.98,202.25,1
2025-01-14,04:56:03,0,0,0,0,0,0,0,7,1,2,0,0,0,0,0,0,0,0,0,0,0,0,0,0,4.99,3.70,32.09,70.12,0.00,3.13,31.00,1
2025-01-14,04:56:13,0,0,0,0,0,0,4,2,5,2,0,1,0,0,0,0,0,0,0,0,0,0,0,0,4.99,3.70,32.14,70.00,0.02,3.77,57.01,1
2025-01-14,04:56:23,0,0,0,0,0,0,0,15,2,1,0,0,0,0,0,0,0,0,0,0,0,0,0,0,4.99,3.70,32.20,69.91,0.00,6.21,42.10,1
2025-01-14,04:56:33,0,0,0,0,0,0,0,4,5,2,0,0,0,0,0,0,0,0,0,0,0,0,0,0,4.99,3.70,32.23,69.78,0.00,3.08,41.16,1
2025-01-14,04:56:43,0,0,0,0,0,0,0,5,12,3,2,0,0,0,0,0,0,0,0,0,0,0,0,0,4.99,3.70,32.27,69.64,0.00,5.54,100.53,1
2025-01-14,04:56:53,0,0,0,0,0,0,0,2,2,1,0,0,0,0,0,0,0,0,0,0,0,0,0,0,4.99,3.70,32.31,69.46,0.00,1.41,18.63,1
2025-01-14,04:57:03,0,0,0,0,0,0,0,3,1,2,0,1,0,0,0,0,0,0,0,0,0,0,0,0,4.99,3.70,32.38,69.29,0.00,1.65,40.01,1
2025-01-14,04:57:13,0,0,0,0,0,0,1,3,9,4,1,4,0,1,0,0,0,0,0,0,0,0,0,0,4.99,3.70,32.44,69.13,0.01,4.46,166.01,1
2025-01-14,04:57:23,0,0,0,0,0,0,0,2,9,5,2,2,0,1,0,0,0,1,0,0,0,0,0,0,4.99,3.70,32.45,68.94,0.00,3.93,158.80,1
2025-01-14,04:57:33,0,0,0,0,0,0,0,3,8,10,3,19,0,0,1,2,0,0,1,1,2,0,0,0,4.99,3.70,32.53,68.91,0.00,4.79,513.33,1
2025-01-14,04:57:43,0,0,0,0,0,0,0,4,7,9,3,6,0,1,0,0,0,0,0,0,0,0,0,0,4.99,3.70,32.55,68.82,0.00,4.75,250.93,1
2025-01-14,04:57:53,0,0,0,0,0,0,0,2,4,0,0,0,0,0,0,0,0,0,0,0,0,0,0,0,4.99,3.70,32.60,68.68,0.00,1.79,19.19,1
2025-01-14,04:58:03,0,0,0,0,0,0,0,8,8,1,1,0,0,0,0,0,0,0,0,0,0,0,0,0,4.99,3.70,32.63,68.55,0.00,5.26,64.37,1
2025-01-14,04:58:13,0,0,0,0,0,0,0,4,11,1,3,0,0,0,0,0,0,0,0,0,0,0,0,0,4.99,3.70,32.68,68.40,0.00,4.68,91.90,1
2025-01-14,04:58:23,0,0,0,0,0,0,0,9,8,3,1,3,0,0,0,0,0,0,0,0,0,0,0,0,4.99,3.70,32.68,68.22,0.00,5.91,129.35,1
2025-01-14,04:58:33,0,0,0,0,0,0,0,1,4,0,2,2,0,0,0,0,0,0,0,0,0,0,0,0,4.99,3.70,32.77,68.15,0.00,1.53,72.93,1
2025-01-14,04:58:43,0,0,0,0,0,0,0,4,2,4,4,7,0,1,1,1,0,0,0,0,0,0,0,0,4.99,3.70,32.81,68.10,0.00,2.78,255.32,1
2025-01-14,04:58:53,0,0,0,0,0,0,0,3,7,11,1,4,0,1,0,0,0,0,0,0,0,0,0,0,4.99,3.70,32.85,68.02,0.00,4.56,208.04,1
2025-01-14,04:59:03,0,0,0,0,0,0,0,4,13,11,7,5,0,0,0,0,0,0,1,0,0,0,0,0,4.99,3.70,32.89,68.03,0.00,6.83,305.42,1
2025-01-14,04:59:13,0,0,0,0,0,0,0,11,5,1,4,5,0,0,0,0,1,0,0,0,0,0,0,0,4.99,3.70,32.94,67.90,0.00,5.74,185.78,1
2025-01-14,04:59:23,0,0,0,0,0,0,0,3,6,0,1,1,0,0,0,0,0,0,0,0,0,0,0,0,4.99,3.70,32.99,67.84,0.00,2.75,56.56,1
2025-01-14,04:59:33,0,0,0,0,0,0,0,6,11,12,9,23,0,0,0,1,2,1,4,1,0,1,0,0,4.99,3.70,32.99,67.82,0.00,7.29,694.69,1
2025-01-14,04:59:43,0,0,0,0,0,0,0,1,12,4,3,10,0,0,1,0,1,0,1,0,0,0,0,0,4.99,3.70,33.07,67.80,0.00,4.26,309.93,1
2025-01-14,04:59:53,0,0,0,0,0,0,0,3,12,13,10,20,0,0,1,0,1,2,4,1,2,1,1,0,4.99,3.70,33.11,67.60,0.00,6.64,668.07,1
2025-01-14,05:00:03,0,0,0,0,0,0,2,7,8,5,2,7,0,0,0,0,0,1,0,0,0,0,0,0,4.99,3.70,33.14,67.50,0.01,6.22,227.40,1
2025-01-14,05:00:13,0,0,0,0,0,0,0,0,2,1,0,0,0,0,0,0,0,0,0,0,0,0,0,0,4.99,3.70,33.17,67.50,0.00,0.67,15.02,1
2025-01-14,05:00:23,0,0,0,0,0,0,0,0,1,2,3,1,0,0,0,0,0,0,0,0,0,0,0,0,4.99,3.70,33.21,67.46,0.00,0.71,69.21,1
2025-01-14,05:00:33,0,0,0,0,0,0,1,0,1,0,0,0,0,0,0,0,0,0,0,0,0,0,0,0,4.99,3.70,33.22,67.34,0.01,0.62,4.70,1
2025-01-14,05:00:44,0,0,0,0,0,0,0,2,3,2,0,0,0,0,0,0,0,0,0,0,0,0,0,0,4.99,3.70,33.25,67.30,0.00,1.81,29.76,1
2025-01-14,05:00:54,0,0,0,0,0,0,0,2,7,11,5,2,0,0,1,0,0,0,1,0,0,0,0,0,4.99,3.70,33.29,67.24,0.00,4.40,224.19,1
2025-01-14,05:01:04,0,0,0,0,0,0,0,10,3,6,5,1,0,0,0,0,0,0,0,0,0,0,0,0,4.99,3.70,33.33,67.08,0.00,5.59,147.05,1
2025-01-14,05:01:14,0,0,0,0,0,0,1,8,6,2,0,0,0,0,0,0,0,0,0,0,0,0,0,0,4.99,3.70,33.35,66.86,0.01,5.18,53.08,1
2025-01-14,05:01:24,0,0,0,0,0,0,0,4,3,0,0,0,0,0,0,0,0,0,0,0,0,0,0,0,4.99,3.70,33.39,66.83,0.00,2.27,18.91,1
2025-01-14,05:01:34,0,0,0,0,0,0,0,11,3,4,1,2,0,0,0,0,0,0,0,0,0,0,0,0,4.99,3.70,33.42,66.75,0.00,5.47,104.48,1
2025-01-14,05:01:44,0,0,0,0,0,0,1,2,16,17,10,18,0,0,0,0,1,0,0,0,0,0,0,0,4.99,3.70,33.45,66.67,0.01,8.25,609.19,1
2025-01-14,05:01:54,0,0,0,0,0,0,0,10,16,25,6,2,0,0,0,0,0,0,0,0,0,0,0,0,4.99,3.70,33.49,66.62,0.00,11.75,362.86,1
2025-01-14,05:02:04,0,0,0,0,0,0,1,5,10,10,1,1,0,0,0,0,0,0,0,0,0,0,0,0,4.99,3.70,33.49,66.33,0.01,6.30,148.87,1
2025-01-14,05:02:14,0,0,0,0,0,0,1,10,1,1,0,0,0,0,0,0,0,0,0,0,0,0,0,0,4.99,3.70,33.55,66.37,0.01,4.45,29.99,1
2025-01-14,05:02:24,0,0,0,0,0,0,0,1,0,0,0,0,0,0,0,0,0,0,0,0,0,0,0,0,4.99,3.70,33.56,66.14,0.00,0.37,1.81,1
2025-01-14,05:02:34,0,0,0,0,0,0,0,6,1,1,0,0,0,0,0,0,0,0,0,0,0,0,0,0,4.99,3.70,33.58,66.01,0.00,2.62,21.96,1
2025-01-14,05:02:44,0,0,0,0,0,0,0,0,0,0,0,0,0,0,0,0,0,0,0,0,0,0,0,0,4.99,3.70,33.62,66.02,0.00,0.00,0.00,1
2025-01-14,05:02:54,0,0,0,0,0,0,0,0,0,0,0,0,0,0,0,0,0,0,0,0,0,0,0,0,4.99,3.70,33.61,66.04,0.00,0.00,0.00,1
2025-01-14,05:03:04,0,0,0,0,0,0,2,1,4,1,0,0,0,0,0,0,0,0,0,0,0,0,0,0,4.99,3.70,33.65,66.08,0.01,2.28,26.23,1
2025-01-14,05:03:14,0,0,0,0,0,0,0,1,0,0,0,0,0,0,0,0,0,0,0,0,0,0,0,0,4.99,3.70,33.68,65.91,0.00,0.37,1.81,1
2025-01-14,05:03:24,0,0,0,0,0,0,1,1,2,0,0,0,0,0,0,0,0,0,0,0,0,0,0,0,4.99,3.70,33.68,65.84,0.01,1.25,10.40,1
2025-01-14,05:03:34,0,0,0,0,0,0,0,0,0,0,0,0,0,0,0,0,0,0,0,0,0,0,0,0,4.99,3.70,33.69,65.72,0.00,0.00,0.00,1
2025-01-14,05:03:44,0,0,0,0,0,0,0,0,4,0,0,0,0,0,0,0,0,0,0,0,0,0,0,0,4.99,3.70,33.73,65.59,0.00,1.06,15.58,1
2025-01-14,05:03:54,0,0,0,0,0,0,0,6,0,0,0,0,0,0,0,0,0,0,0,0,0,0,0,0,4.99,3.70,33.73,65.43,0.00,2.21,10.83,1
2025-01-14,05:04:04,0,0,0,0,0,0,0,0,0,0,0,0,0,0,0,0,0,0,0,0,0,0,0,0,4.99,3.70,33.73,65.47,0.00,0.00,0.00,1
2025-01-14,05:04:14,0,0,0,0,0,0,0,1,0,0,0,0,0,0,0,0,0,0,0,0,0,0,0,0,4.99,3.70,33.77,65.60,0.00,0.37,1.81,1
2025-01-14,05:04:24,0,0,0,0,0,0,0,2,0,0,0,0,0,0,0,0,0,0,0,0,0,0,0,0,4.99,3.70,33.79,65.50,0.00,0.74,3.61,1
2025-01-14,05:04:34,0,0,0,0,0,0,0,6,2,0,0,0,0,0,0,0,0,0,0,0,0,0,0,0,4.99,3.70,33.82,65.43,0.00,2.74,18.62,1
2025-01-14,05:04:44,0,0,0,0,0,0,0,2,2,0,0,0,0,0,0,0,0,0,0,0,0,0,0,0,4.99,3.70,33.82,65.31,0.00,1.27,11.40,1
2025-01-14,05:04:54,0,0,0,0,0,0,0,2,5,7,1,0,0,0,0,0,0,0,0,0,0,0,0,0,4.99,3.70,33.82,65.22,0.00,3.10,85.24,1
2025-01-14,05:05:04,0,0,0,0,0,0,1,1,10,5,0,0,0,0,0,0,0,0,0,0,0,0,0,0,4.99,3.70,33.86,65.19,0.01,4.07,77.71,1
2025-01-14,05:05:14,0,0,0,0,0,0,0,5,7,3,0,0,0,0,0,0,0,0,0,0,0,0,0,0,4.99,3.70,33.88,65.12,0.00,4.12,57.98,1
2025-01-14,05:05:24,0,0,0,0,0,0,0,1,0,0,0,0,0,0,0,0,0,0,0,0,0,0,0,0,4.99,3.70,33.89,65.06,0.00,0.37,1.81,1
2025-01-14,05:05:34,0,0,0,0,0,0,0,0,0,0,0,0,0,0,0,0,0,0,0,0,0,0,0,0,4.99,3.70,33.89,65.02,0.00,0.00,0.00,1
2025-01-14,05:05:44,0,0,0,0,0,0,0,2,0,0,0,0,0,0,0,0,0,0,0,0,0,0,0,0,4.99,3.70,33.89,64.92,0.00,0.74,3.61,1
2025-01-14,05:05:54,0,0,0,0,0,0,1,2,3,0,0,0,0,0,0,0,0,0,0,0,0,0,0,0,4.99,3.70,33.91,64.86,0.01,1.89,16.10,1
2025-01-14,05:06:04,0,0,0,0,0,0,0,0,0,0,0,0,0,0,0,0,0,0,0,0,0,0,0,0,4.99,3.70,33.92,64.75,0.00,0.00,0.00,1
2025-01-14,05:06:14,0,0,0,0,0,0,0,0,1,0,0,0,0,0,0,0,0,0,0,0,0,0,0,0,4.99,3.70,33.95,64.75,0.00,0.26,3.89,1
2025-01-14,05:06:24,0,0,0,0,0,0,0,0,0,0,0,0,0,0,0,0,0,0,0,0,0,0,0,0,4.99,3.70,33.96,64.69,0.00,0.00,0.00,1
2025-01-14,05:06:34,0,0,0,0,0,0,0,2,1,0,0,0,0,0,0,0,0,0,0,0,0,0,0,0,4.99,3.70,33.96,64.72,0.00,1.00,7.51,1
2025-01-14,05:06:44,0,0,0,0,0,0,0,0,0,0,0,0,0,0,0,0,0,0,0,0,0,0,0,0,4.99,3.70,33.99,64.71,0.00,0.00,0.00,1
2025-01-14,05:06:54,0,0,0,0,0,0,0,0,0,0,0,0,0,0,0,0,0,0,0,0,0,0,0,0,4.99,3.70,33.96,64.75,0.00,0.00,0.00,1
2025-01-14,05:07:04,0,0,0,0,0,0,0,0,0,1,0,0,0,0,0,0,0,0,0,0,0,0,0,0,4.99,3.70,34.00,64.71,0.00,0.14,7.23,1
2025-01-14,05:07:14,0,0,0,0,0,0,0,0,0,0,0,0,0,0,0,0,0,0,0,0,0,0,0,0,4.99,3.70,34.02,64.57,0.00,0.00,0.00,1
2025-01-14,05:07:24,0,0,0,0,0,0,2,2,0,0,0,0,0,0,0,0,0,0,0,0,0,0,0,0,4.99,3.70,34.05,64.50,0.01,1.45,5.22,1
2025-01-14,05:07:34,0,0,0,0,0,0,0,1,0,0,0,0,0,0,0,0,0,0,0,0,0,0,0,0,4.99,3.70,34.05,64.55,0.00,0.37,1.81,1
2025-01-14,05:07:44,0,0,0,0,0,0,0,2,0,0,0,0,0,0,0,0,0,0,0,0,0,0,0,0,4.99,3.70,34.06,64.55,0.00,0.74,3.61,1
2025-01-14,05:07:54,0,0,0,0,0,0,1,7,1,0,0,0,0,0,0,0,0,0,0,0,0,0,0,0,4.99,3.70,34.06,64.54,0.01,3.21,17.34,1
2025-01-14,05:08:04,0,0,0,0,0,0,3,2,4,0,0,0,0,0,0,0,0,0,0,0,0,0,0,0,4.99,3.70,34.06,64.46,0.02,2.87,21.61,1
2025-01-14,05:08:14,0,0,0,0,0,0,3,11,0,0,0,0,0,0,0,0,0,0,0,0,0,0,0,0,4.99,3.70,34.09,64.38,0.02,5.13,22.28,1
2025-01-14,05:08:24,0,0,0,0,0,0,0,3,0,0,0,0,0,0,0,0,0,0,0,0,0,0,0,0,4.99,3.70,34.09,64.30,0.00,1.11,5.42,1
2025-01-14,05:08:34,0,0,0,0,0,0,1,2,7,0,0,0,0,0,0,0,0,0,0,0,0,0,0,0,4.99,3.70,34.10,64.22,0.01,2.94,31.68,1
2025-01-14,05:08:44,0,0,0,0,0,0,1,5,1,0,0,0,0,0,0,0,0,0,0,0,0,0,0,0,4.99,3.70,34.09,64.19,0.01,2.47,13.73,1
2025-01-14,05:08:54,0,0,0,0,0,0,0,8,5,12,0,0,0,0,0,0,0,0,0,0,0,0,0,0,4.99,3.70,34.10,64.10,0.00,5.96,120.70,1
2025-01-14,05:09:04,0,0,0,0,0,0,2,8,4,0,0,0,0,0,0,0,0,0,0,0,0,0,0,0,4.99,3.70,34.12,64.09,0.01,4.72,31.63,1
2025-01-14,05:09:14,0,0,0,0,0,0,0,1,0,2,3,1,0,0,0,0,0,0,0,0,0,0,0,0,4.99,3.70,34.13,64.12,0.00,0.81,67.12,1
2025-01-14,05:09:24,0,0,0,0,0,0,1,2,4,7,5,8,0,0,0,0,0,1,1,0,0,0,0,0,4.99,3.70,34.15,64.11,0.01,3.40,273.38,1
2025-01-14,05:09:34,0,0,0,0,0,0,0,2,3,5,4,5,0,0,1,0,0,0,0,0,0,0,0,0,4.99,3.70,34.17,64.05,0.00,2.45,196.32,1
2025-01-14,05:09:44,0,0,0,0,0,0,2,6,8,4,1,0,0,0,0,0,0,0,0,0,0,0,0,0,4.99,3.70,34.16,64.12,0.01,5.66,84.07,1
2025-01-14,05:09:54,0,0,0,0,0,0,1,6,4,2,0,0,1,0,0,0,0,0,0,0,0,0,0,0,4.99,3.70,34.19,64.18,0.01,3.91,60.86,1
2025-01-14,05:10:04,0,0,0,0,0,0,0,10,16,6,0,0,0,0,0,0,0,0,0,0,0,0,0,0,4.99,3.70,34.17,64.29,0.00,8.76,123.76,1
2025-01-14,05:10:14,0,0,0,0,0,0,3,11,4,2,1,0,0,0,0,0,0,0,0,0,0,0,0,0,4.99,3.70,34.19,64.27,0.02,6.52,63.86,1
2025-01-14,05:10:25,0,0,0,0,0,0,2,7,21,6,1,0,0,0,0,0,0,0,0,0,0,0,0,0,4.99,3.70,34.20,64.25,0.01,9.74,150.96,1
2025-01-14,05:10:35,0,0,0,0,0,0,0,6,3,0,0,0,0,0,0,0,0,0,0,0,0,0,0,0,4.99,3.70,34.20,64.26,0.00,3.01,22.52,1
2025-01-14,05:10:45,0,0,0,0,0,0,0,2,6,4,0,0,0,0,0,0,0,0,0,0,0,0,0,0,4.99,3.70,34.24,64.27,0.00,2.89,55.90,1
2025-01-14,05:10:55,0,0,0,0,0,0,0,3,6,3,2,2,0,0,0,0,0,0,0,0,0,0,0,0,4.99,3.70,34.23,64.15,0.00,3.22,106.03,1
2025-01-14,05:11:05,0,0,0,0,0,0,1,2,7,5,4,6,0,1,1,1,0,0,1,1,0,0,0,0,4.99,3.70,34.26,64.16,0.01,3.86,272.54,1
2025-01-14,05:11:15,0,0,0,0,0,0,0,1,2,2,0,6,2,1,0,0,0,1,0,0,0,0,0,0,4.99,3.70,34.24,64.16,0.00,1.18,188.28,1
2025-01-14,05:11:25,0,0,0,0,0,0,0,4,5,1,4,1,0,0,0,0,0,0,0,0,0,0,0,0,4.99,3.70,34.26,64.13,0.00,3.15,96.31,1
2025-01-14,05:11:35,0,0,0,0,0,0,0,9,12,10,1,6,0,0,0,0,0,0,1,0,0,1,0,0,4.99,3.70,34.26,64.05,0.00,7.95,251.94,1
2025-01-14,05:11:45,0,0,0,0,0,0,0,9,5,9,0,0,0,0,0,0,0,0,0,0,0,0,0,0,4.99,3.70,34.26,63.96,0.00,5.91,100.81,1
2025-01-14,05:11:55,0,0,0,0,0,0,1,5,5,2,5,0,0,0,0,0,0,0,0,0,0,0,0,0,4.99,3.70,34.30,63.97,0.01,4.07,101.46,1
2025-01-14,05:12:05,0,0,0,0,0,0,0,1,3,5,6,4,0,0,0,0,0,0,0,0,0,0,0,0,4.99,3.70,34.27,64.07,0.00,2.19,183.82,1
2025-01-14,05:12:15,0,0,0,0,0,0,1,3,10,8,3,0,0,0,0,0,0,0,0,0,0,0,0,0,4.99,3.70,34.30,64.03,0.01,5.39,137.63,1
2025-01-14,05:12:25,0,0,0,0,0,0,0,7,10,9,0,0,0,0,0,0,0,0,0,0,0,0,0,0,4.99,3.70,34.30,63.91,0.00,6.49,116.67,1
2025-01-14,05:12:35,0,0,0,0,0,0,0,2,1,1,0,0,0,0,0,0,0,0,0,0,0,0,0,0,4.99,3.70,34.32,63.98,0.00,1.14,14.74,1
2025-01-14,05:12:45,0,0,0,0,0,0,1,1,0,0,0,0,0,0,0,0,0,0,0,0,0,0,0,0,4.99,3.70,34.35,64.15,0.01,0.73,2.61,1
2025-01-14,05:12:55,0,0,0,0,0,0,1,2,7,2,0,0,0,0,0,0,0,0,0,0,0,0,0,0,4.99,3.70,34.35,63.99,0.01,3.23,46.14,1
2025-01-14,05:13:05,0,0,0,0,0,0,0,4,1,2,0,2,0,0,0,0,0,0,0,0,0,0,0,0,4.99,3.70,34.35,64.00,0.00,2.02,58.06,1
2025-01-14,05:13:15,0,0,0,0,0,0,1,5,3,0,0,0,0,0,0,0,0,0,0,0,0,0,0,0,4.99,3.70,34.36,63.90,0.01,3.00,21.52,1
2025-01-14,05:13:25,0,0,0,0,0,0,2,10,5,2,0,0,0,0,0,0,0,0,0,0,0,0,0,0,4.99,3.70,34.36,63.91,0.01,6.01,53.60,1
2025-01-14,05:13:35,0,0,0,0,0,0,1,5,8,0,1,1,0,0,0,0,0,0,0,0,0,0,0,0,4.99,3.70,34.38,63.92,0.01,4.37,68.76,1
2025-01-14,05:13:45,0,0,0,0,0,0,0,4,3,3,2,1,0,0,0,0,0,0,0,0,0,0,0,0,4.99,3.70,34.38,63.94,0.00,2.80,79.91,1
2025-01-14,05:13:55,0,0,0,0,0,0,1,4,9,6,8,8,0,0,0,1,1,0,0,0,0,0,0,0,4.99,3.70,34.39,64.04,0.01,5.48,335.25,1
2025-01-14,05:14:05,0,0,0,0,0,0,0,1,1,3,3,0,0,0,1,0,0,0,0,0,0,0,0,0,4.99,3.70,34.39,63.90,0.00,1.22,79.54,1
2025-01-14,05:14:15,0,0,0,0,0,0,0,5,2,0,0,0,0,0,0,0,0,0,0,0,0,0,0,0,4.99,3.70,34.42,63.83,0.00,2.37,16.82,1
2025-01-14,05:14:25,0,0,0,0,0,0,2,6,5,6,0,0,0,0,0,0,0,0,0,0,0,0,0,0,4.99,3.70,34.42,63.74,0.01,5.09,75.31,1
2025-01-14,05:14:35,0,0,0,0,0,0,2,5,1,0,0,0,0,0,0,0,0,0,0,0,0,0,0,0,4.99,3.70,34.43,63.81,0.01,2.82,14.54,1
2025-01-14,05:14:45,0,0,0,0,0,0,1,6,10,6,2,0,0,0,0,0,0,0,0,0,0,0,0,0,4.99,3.70,34.44,63.89,0.01,6.16,117.05,1
2025-01-14,05:14:55,0,0,0,0,0,0,0,3,7,6,5,5,0,0,0,0,0,0,0,0,0,0,0,0,4.99,3.70,34.44,63.88,0.00,4.07,214.94,1
2025-01-14,05:15:05,0,0,0,0,0,0,0,1,3,6,6,9,1,0,1,0,0,1,0,0,0,0,0,0,4.99,3.70,34.46,63.88,0.00,2.33,318.05,1
2025-01-14,05:15:15,0,0,0,0,0,0,0,1,0,2,3,0,0,0,0,0,0,0,0,0,0,0,0,0,4.99,3.70,34.44,63.63,0.00,0.81,50.88,1
2025-01-14,05:15:25,0,0,0,0,0,0,2,0,0,2,0,0,0,0,0,0,0,0,0,0,0,0,0,0,4.99,3.70,34.49,63.92,0.01,1.00,16.08,1
2025-01-14,05:15:35,0,0,0,0,0,0,4,12,9,1,0,0,0,0,0,0,0,0,0,0,0,0,0,0,4.99,3.70,34.50,63.99,0.02,8.38,67.17,1
2025-01-14,05:15:45,0,0,0,0,0,0,0,1,0,0,0,0,0,0,0,0,0,0,0,0,0,0,0,0,4.99,3.70,34.51,64.10,0.00,0.37,1.81,1
2025-01-14,05:15:55,0,0,0,0,0,0,0,6,8,3,0,1,0,0,0,0,0,0,0,0,0,0,0,0,4.99,3.70,34.51,64.02,0.00,4.75,79.92,1
2025-01-14,05:16:05,0,0,0,0,0,0,0,7,16,9,8,4,0,0,0,0,0,0,0,0,0,0,0,0,4.99,3.70,34.49,63.83,0.00,8.50,297.28,1
2025-01-14,05:16:15,0,0,0,0,0,0,0,12,10,19,2,0,0,0,0,0,0,0,0,0,0,0,0,0,4.99,3.70,34.53,63.90,0.00,9.85,221.09,1
2025-01-14,05:16:25,0,0,0,0,0,0,3,16,6,7,0,0,0,0,0,0,0,0,0,0,0,0,0,0,4.99,3.70,34.53,63.85,0.02,9.55,105.30,1
2025-01-14,05:16:35,0,0,0,0,0,0,7,10,0,0,0,0,0,0,0,0,0,0,0,0,0,0,0,0,4.99,3.70,34.56,63.77,0.04,6.19,23.70,1
2025-01-14,05:16:45,0,0,0,0,0,0,8,20,1,0,0,0,0,0,0,0,0,0,0,0,0,0,0,0,4.99,3.70,34.54,63.86,0.05,10.50,46.46,1
2025-01-14,05:16:55,0,0,0,0,0,0,2,4,4,0,0,0,0,0,0,0,0,0,0,0,0,0,0,0,4.99,3.70,34.56,63.67,0.01,3.25,24.41,1
2025-01-14,05:17:05,0,0,0,0,0,0,1,2,9,9,1,0,0,0,0,0,0,0,0,0,0,0,0,0,4.99,3.70,34.59,63.77,0.01,4.79,116.09,1
2025-01-14,05:17:15,0,0,0,0,0,0,1,7,1,9,0,0,0,0,0,0,0,0,0,0,0,0,0,0,4.99,3.70,34.59,63.68,0.01,4.47,82.43,1
2025-01-14,05:17:25,0,0,0,0,0,0,6,3,2,0,0,0,0,0,0,0,0,0,0,0,0,0,0,0,4.99,3.70,34.60,63.66,0.04,3.78,18.04,1
2025-01-14,05:17:35,0,0,0,0,0,0,0,30,9,0,0,0,0,0,0,0,0,0,0,0,0,0,0,0,4.99,3.70,34.60,63.87,0.00,13.45,89.22,1
2025-01-14,05:17:45,0,0,0,0,0,0,1,2,0,0,0,0,0,0,0,0,0,0,0,0,0,0,0,0,4.99,3.70,34.63,64.09,0.01,1.10,4.42,1
2025-01-14,05:17:55,0,0,0,0,0,0,0,5,12,9,0,0,0,0,0,0,0,0,0,0,0,0,0,0,4.99,3.70,34.63,64.02,0.00,6.28,120.85,1
2025-01-14,05:18:05,0,0,0,0,0,0,2,5,4,8,6,2,2,0,0,0,0,0,0,0,0,0,0,0,4.99,3.70,34.64,63.91,0.01,5.06,224.14,1
2025-01-14,05:18:15,0,0,0,0,0,0,0,1,6,8,8,7,1,0,0,1,0,0,0,0,0,0,0,0,4.99,3.70,34.64,63.78,0.00,3.51,322.88,1
2025-01-14,05:18:25,0,0,0,0,0,0,2,1,3,5,0,0,0,0,0,0,0,0,0,0,0,0,0,0,4.99,3.70,34.66,63.49,0.01,2.58,51.26,1
2025-01-14,05:18:35,0,0,0,0,0,0,0,5,5,2,0,0,0,0,0,0,0,0,0,0,0,0,0,0,4.99,3.70,34.66,63.30,0.00,3.45,42.96,1
2025-01-14,05:18:45,0,0,0,0,0,0,2,7,2,0,0,0,0,0,0,0,0,0,0,0,0,0,0,0,4.99,3.70,34.69,63.22,0.01,3.83,22.04,1
2025-01-14,05:18:55,0,0,0,0,0,0,3,1,0,0,0,0,0,0,0,0,0,0,0,0,0,0,0,0,4.99,3.70,34.67,63.28,0.02,1.44,4.22,1
2025-01-14,05:19:05,0,0,0,0,0,0,0,0,1,0,0,0,0,0,0,0,0,0,0,0,0,0,0,0,4.99,3.70,34.69,63.47,0.00,0.26,3.89,1
2025-01-14,05:19:15,0,0,0,0,0,0,1,0,0,3,0,0,0,0,0,0,0,0,0,0,0,0,0,0,4.99,3.70,34.71,63.34,0.01,0.78,22.50,1
2025-01-14,05:19:25,0,0,0,0,0,0,5,3,1,0,0,0,0,0,0,0,0,0,0,0,0,0,0,0,4.99,3.70,34.71,63.01,0.03,3.16,13.34,1
2025-01-14,05:19:35,0,0,0,0,0,0,0,4,3,3,3,2,0,0,0,0,0,0,0,0,0,0,0,0,4.99,3.70,34.73,63.06,0.00,2.85,107.69,1
2025-01-14,05:19:45,0,0,0,0,0,0,1,2,3,2,2,4,0,0,0,0,0,0,0,0,0,0,0,0,4.99,3.70,34.75,63.03,0.01,2.28,118.59,1
2025-01-14,05:19:56,0,0,0,0,0,0,5,3,6,8,0,0,0,0,0,0,0,0,0,0,0,0,0,0,4.99,3.70,34.73,63.01,0.03,5.60,90.67,1
2025-01-14,05:20:06,0,0,0,0,0,0,2,2,0,0,0,0,0,0,0,0,0,0,0,0,0,0,0,0,4.99,3.70,34.75,62.98,0.01,1.45,5.22,1
2025-01-14,05:20:16,0,0,0,0,0,0,5,13,6,1,0,0,0,0,0,0,0,0,0,0,0,0,0,0,4.99,3.70,34.75,62.91,0.03,8.31,58.10,1
2025-01-14,05:20:26,0,0,0,0,0,0,1,0,0,0,0,0,0,0,0,0,0,0,0,0,0,0,0,0,4.99,3.70,34.79,62.96,0.01,0.36,0.81,1
2025-01-14,05:20:36,0,0,0,0,0,0,1,1,0,0,0,0,0,0,0,0,0,0,0,0,0,0,0,0,4.99,3.70,34.79,63.01,0.01,0.73,2.61,1
2025-01-14,05:20:46,0,0,0,0,0,0,1,4,14,7,1,0,0,0,0,0,0,0,0,0,0,0,0,0,4.99,3.70,34.80,62.91,0.01,6.57,124.71,1
2025-01-14,05:20:56,0,0,0,0,0,0,1,2,3,7,8,1,1,0,0,0,0,0,0,0,0,0,0,0,4.99,3.70,34.82,63.05,0.01,3.30,194.44,1
2025-01-14,05:21:06,0,0,0,0,0,0,0,2,6,3,7,3,0,0,1,0,0,0,0,0,0,0,0,0,4.99,3.70,34.83,63.06,0.00,3.12,195.67,1
2025-01-14,05:21:16,0,0,0,0,0,0,2,4,6,0,1,0,0,0,1,0,0,0,0,0,0,0,0,0,4.99,3.70,34.82,63.02,0.01,3.83,61.27,1
2025-01-14,05:21:26,0,0,0,0,0,0,2,3,10,1,0,1,0,0,0,0,0,0,0,0,0,0,0,0,4.99,3.70,34.82,62.80,0.01,4.60,69.44,1
2025-01-14,05:21:36,0,0,0,0,0,1,2,8,5,4,0,0,0,0,0,0,0,0,0,0,0,0,0,0,4.99,3.70,34.84,62.74,0.03,5.80,64.81,1
2025-01-14,05:21:46,0,0,0,0,0,0,1,2,0,0,0,0,0,0,0,0,0,0,0,0,0,0,0,0,4.99,3.70,34.83,62.77,0.01,1.10,4.42,1
2025-01-14,05:21:56,0,0,0,0,0,0,0,2,1,0,0,0,0,0,0,0,0,0,0,0,0,0,0,0,4.99,3.70,34.87,62.70,0.00,1.00,7.51,1
2025-01-14,05:22:06,0,0,0,0,0,0,1,2,5,1,1,1,0,0,0,1,1,0,0,0,0,0,0,0,4.99,3.70,34.89,62.53,0.01,2.61,85.48,1
2025-01-14,05:22:16,0,0,0,0,0,0,0,1,4,10,6,1,0,0,0,0,0,0,0,0,0,0,0,0,4.99,3.70,34.87,62.49,0.00,3.15,175.16,1
2025-01-14,05:22:26,0,0,0,0,0,0,1,5,2,0,0,0,0,0,0,0,0,0,0,0,0,0,0,0,4.99,3.70,34.90,62.46,0.01,2.73,17.62,1
2025-01-14,05:22:36,0,0,0,0,0,0,0,1,4,8,5,1,0,0,0,0,0,0,0,0,0,0,0,0,4.99,3.70,34.90,62.24,0.00,2.82,149.16,1
2025-01-14,05:22:46,0,0,0,0,0,0,2,0,1,4,8,4,0,0,0,0,0,0,0,0,0,0,0,0,4.99,3.70,34.90,62.26,0.01,1.97,191.68,1
2025-01-14,05:22:56,0,0,0,0,0,0,0,0,7,7,5,7,1,0,0,1,1,1,0,1,0,0,0,0,4.99,3.70,34.94,62.29,0.00,3.10,307.59,1
2025-01-14,05:23:06,0,0,0,0,0,0,1,2,10,7,2,1,0,0,1,1,0,0,0,0,0,0,0,0,4.99,3.70,34.95,62.23,0.01,4.83,165.54,1
2025-01-14,05:23:16,0,0,0,0,0,0,1,1,2,3,2,0,0,0,0,0,0,0,0,0,0,0,0,0,4.99,3.70,34.93,61.99,0.01,1.78,55.17,1
2025-01-14,05:23:26,0,0,0,0,0,0,0,1,10,7,8,1,0,0,0,0,0,0,0,0,0,0,0,0,4.99,3.70,34.94,62.20,0.00,4.42,199.91,1
2025-01-14,05:23:36,0,0,0,0,0,0,0,1,5,2,4,1,0,0,0,0,0,0,0,0,0,0,0,0,4.99,3.70,34.94,62.08,0.00,2.19,98.13,1
2025-01-14,05:23:46,0,0,0,0,0,0,1,0,0,0,0,0,0,0,0,0,0,0,0,0,0,0,0,0,4.99,3.70,34.97,61.94,0.01,0.36,0.81,1
2025-01-14,05:23:56,0,0,0,0,0,0,1,1,6,3,1,6,1,0,1,0,0,0,1,0,0,0,0,0,4.99,3.70,34.98,62.16,0.01,2.79,199.42,1
2025-01-14,05:24:06,0,0,0,0,0,0,0,10,9,4,0,1,0,0,0,0,0,0,0,0,0,0,0,0,4.99,3.70,35.00,62.24,0.00,6.63,98.27,1
2025-01-14,05:24:16,0,0,0,0,0,0,0,0,0,0,0,0,0,0,0,0,0,0,0,0,0,0,0,0,4.99,3.70,35.00,62.08,0.00,0.00,0.00,1
2025-01-14,05:24:26,0,0,0,0,0,0,0,0,0,0,0,0,0,0,0,0,0,0,0,0,0,0,0,0,4.99,3.70,35.01,61.91,0.00,0.00,0.00,1
2025-01-14,05:24:36,0,0,0,0,0,0,0,2,1,2,1,0,0,0,0,0,0,0,0,0,0,0,0,0,4.99,3.70,35.01,61.83,0.00,1.34,33.51,1
2025-01-14,05:24:46,0,0,0,0,0,0,0,7,5,2,1,0,0,0,0,0,0,0,0,0,0,0,0,0,4.99,3.70,35.03,61.78,0.00,4.24,58.11,1
2025-01-14,05:24:56,0,0,0,0,0,0,0,0,5,5,1,0,0,0,0,0,0,0,0,0,0,0,0,0,4.99,3.70,35.03,61.87,0.00,2.08,67.17,1
2025-01-14,05:25:06,0,0,0,0,0,0,1,5,6,1,0,0,0,0,0,0,0,0,0,0,0,0,0,0,4.99,3.70,35.06,62.07,0.01,3.93,40.43,1
2025-01-14,05:25:16,0,0,0,0,0,0,0,0,3,7,9,4,0,0,0,0,0,0,0,0,0,0,0,0,4.99,3.70,35.04,62.18,0.00,2.26,231.09,1
2025-01-14,05:25:26,0,0,0,0,0,0,0,2,1,1,0,0,0,0,0,0,0,0,0,0,0,0,0,0,4.99,3.70,35.06,61.99,0.00,1.14,14.74,1
2025-01-14,05:25:36,0,0,0,0,0,0,1,6,8,3,5,3,0,0,0,0,0,0,0,0,0,0,0,0,4.99,3.70,35.07,62.03,0.01,5.37,170.89,1
2025-01-14,05:25:46,0,0,0,0,0,0,0,2,13,6,3,3,0,0,0,0,0,0,0,0,0,0,0,0,4.99,3.70,35.08,62.00,0.00,5.18,180.95,1
2025-01-14,05:25:56,0,0,0,0,0,0,1,2,6,0,2,0,0,0,0,0,0,0,0,0,0,0,0,0,4.99,3.70,35.06,61.84,0.01,2.79,50.86,1
2025-01-14,05:26:06,0,0,0,0,0,0,1,0,4,1,0,0,0,0,0,0,0,0,0,0,0,0,0,0,4.99,3.70,35.10,61.77,0.01,1.55,23.62,1
2025-01-14,05:26:16,0,0,0,0,0,0,0,1,9,3,0,0,0,0,0,0,0,0,0,0,0,0,0,0,4.99,3.70,35.10,61.91,0.00,3.17,58.55,1
2025-01-14,05:26:26,0,0,0,0,0,0,0,4,4,7,6,0,0,0,0,0,0,0,0,0,0,0,0,0,4.99,3.70,35.10,61.90,0.00,3.84,142.65,1
2025-01-14,05:26:36,0,0,0,0,0,0,0,0,1,1,0,0,0,0,0,0,0,0,0,0,0,0,0,0,4.99,3.70,35.13,61.96,0.00,0.40,11.13,1
2025-01-14,05:26:46,0,0,0,0,0,0,1,2,14,3,5,1,0,0,0,0,0,0,0,0,0,0,0,0,4.99,3.70,35.13,61.91,0.01,5.48,154.56,1
2025-01-14,05:26:56,0,0,0,0,0,0,0,5,3,2,2,1,0,0,0,0,0,0,0,0,0,0,0,0,4.99,3.70,35.13,61.85,0.00,3.03,74.49,1
2025-01-14,05:27:06,0,0,0,0,0,0,0,3,5,5,1,0,0,0,0,0,0,0,0,0,0,0,0,0,4.99,3.70,35.14,62.06,0.00,3.18,72.59,1
2025-01-14,05:27:16,0,0,0,0,0,0,1,12,4,6,1,3,0,0,0,0,0,0,0,0,0,0,0,0,4.99,3.70,35.14,62.30,0.01,6.74,141.69,1
2025-01-14,05:27:26,0,0,0,0,0,0,0,7,3,2,0,0,0,0,0,0,0,0,0,0,0,0,0,0,4.99,3.70,35.13,62.31,0.00,3.66,38.79,1
2025-01-14,05:27:36,0,0,0,0,0,0,3,11,13,0,0,0,0,0,0,0,0,0,0,0,0,0,0,0,4.99,3.70,35.18,62.37,0.02,8.57,72.91,1
2025-01-14,05:27:46,0,0,0,0,0,0,1,8,4,8,7,7,0,0,0,0,0,1,0,0,0,0,0,0,4.99,3.70,35.14,62.55,0.01,5.87,292.21,1
2025-01-14,05:27:56,0,0,0,0,0,0,0,10,3,8,2,0,0,0,1,0,0,1,1,0,0,0,0,0,4.99,3.70,35.20,62.49,0.00,5.72,143.37,1
2025-01-14,05:28:06,0,0,0,0,0,0,2,16,1,0,0,0,0,0,0,0,0,0,0,0,0,0,0,0,4.99,3.70,35.18,62.40,0.01,6.88,34.40,1
2025-01-14,05:28:16,0,0,0,0,0,0,5,18,15,3,0,0,0,0,0,0,0,0,0,0,0,0,0,0,4.99,3.70,35.21,62.51,0.03,12.81,116.64,1
2025-01-14,05:28:26,0,0,0,0,0,0,4,15,16,5,0,0,0,0,0,0,0,0,0,0,0,0,0,0,4.99,3.70,35.23,62.67,0.02,11.89,128.78,1
2025-01-14,05:28:36,0,0,0,0,0,0,0,4,9,6,3,0,0,0,0,0,0,0,0,0,0,0,0,0,4.99,3.70,35.21,62.57,0.00,4.86,120.27,1
2025-01-14,05:28:46,0,0,0,0,0,0,3,10,2,0,0,0,0,0,0,0,0,0,0,0,0,0,0,0,4.99,3.70,35.23,62.43,0.02,5.29,28.26,1
2025-01-14,05:28:56,0,0,0,0,0,0,0,0,3,9,16,17,1,0,0,1,1,1,1,0,0,0,0,0,4.99,3.70,35.24,62.40,0.00,2.91,598.35,1
2025-01-14,05:29:06,0,0,0,0,0,0,0,1,1,3,0,0,0,0,0,0,1,0,0,0,0,0,0,0,4.99,3.70,35.26,62.16,0.00,1.05,39.27,1
2025-01-14,05:29:16,0,0,0,0,0,0,0,2,1,3,1,0,0,0,0,0,0,0,0,0,0,0,0,0,4.99,3.70,35.24,61.94,0.00,1.48,40.74,1
2025-01-14,05:29:26,0,0,0,0,0,0,3,4,6,6,1,5,1,0,0,0,0,1,0,0,0,0,0,0,4.99,3.70,35.27,62.22,0.02,5.03,197.41,1
2025-01-14,05:29:37,0,0,0,0,0,0,0,0,6,2,0,2,0,0,0,0,0,0,0,0,0,0,0,0,4.99,3.70,35.26,62.19,0.00,1.87,70.30,1
2025-01-14,05:29:47,0,0,0,0,0,0,1,3,5,2,0,0,1,0,0,0,0,0,0,0,0,0,0,0,4.99,3.70,35.28,62.11,0.01,3.07,59.34,1
2025-01-14,05:29:57,0,0,0,0,0,0,1,6,0,0,0,0,0,0,0,0,0,0,0,0,0,0,0,0,4.99,3.70,35.27,61.96,0.01,2.57,11.64,1
2025-01-14,05:30:07,0,0,0,0,0,0,1,7,9,8,2,0,0,0,0,0,0,0,0,0,0,0,0,0,4.99,3.70,35.30,62.06,0.01,6.55,129.42,1
2025-01-14,05:30:17,0,0,0,0,0,0,1,1,1,0,1,0,0,0,0,0,0,0,0,0,0,0,0,0,4.99,3.70,35.31,61.83,0.01,1.04,18.04,1
2025-01-14,05:30:27,0,0,0,0,0,0,2,5,1,6,8,3,0,0,0,0,0,0,0,0,0,0,0,0,4.99,3.70,35.33,61.81,0.01,4.10,198.94,1
2025-01-14,05:30:37,0,0,0,0,0,0,0,5,11,3,3,9,0,0,0,0,1,1,0,0,0,0,0,0,4.99,3.70,35.31,61.98,0.00,5.33,275.28,1
2025-01-14,05:30:47,0,0,0,0,0,0,3,4,2,5,3,0,0,0,0,0,0,0,0,0,0,0,0,0,4.99,3.70,35.33,61.79,0.02,3.94,88.20,1
2025-01-14,05:30:57,0,0,0,0,0,0,0,3,7,6,0,0,0,0,0,0,0,0,0,0,0,0,0,0,4.99,3.70,35.36,61.81,0.00,3.80,76.07,1
2025-01-14,05:31:07,0,0,0,0,0,0,3,6,10,4,2,0,0,0,0,0,0,0,0,0,0,0,0,0,4.99,3.70,35.34,62.13,0.02,6.60,104.20,1
2025-01-14,05:31:17,0,0,0,0,0,0,2,6,6,1,1,0,0,0,0,0,0,0,0,0,0,0,0,0,4.99,3.70,35.38,62.33,0.01,4.71,54.58,1
2025-01-14,05:31:27,0,0,0,0,0,0,1,7,6,2,3,0,0,0,0,0,0,0,0,0,0,0,0,0,4.99,3.70,35.38,62.41,0.01,4.97,85.89,1
2025-01-14,05:31:37,0,0,0,0,0,0,2,9,9,1,2,1,0,1,0,0,0,0,0,0,0,0,0,0,4.99,3.70,35.40,62.53,0.01,6.66,118.78,1
2025-01-14,05:31:47,0,0,0,0,0,0,0,3,8,10,2,0,0,0,0,1,0,0,0,0,0,0,0,0,4.99,3.70,35.41,62.40,0.00,4.73,146.68,1
2025-01-14,05:31:57,0,0,0,0,0,0,2,1,7,13,4,8,0,0,0,1,0,1,1,0,0,0,0,0,4.99,3.70,35.44,62.10,0.01,4.97,330.63,1
2025-01-14,05:32:07,0,0,0,0,0,0,1,4,14,6,4,8,0,0,0,0,0,0,0,2,0,0,0,0,4.99,3.70,35.47,61.91,0.01,6.59,288.95,1
2025-01-14,05:32:17,0,0,0,0,0,0,4,6,5,7,2,0,0,0,1,0,0,0,0,0,0,0,0,0,4.99,3.70,35.47,61.96,0.02,6.05,124.76,1
2025-01-14,05:32:27,0,0,0,0,0,0,0,0,2,3,2,2,0,0,0,0,0,0,0,0,0,0,0,0,4.99,3.70,35.48,61.98,0.00,1.06,85.03,1
2025-01-14,05:32:37,0,0,0,0,0,0,0,5,1,1,1,0,0,0,0,0,0,0,0,0,0,0,0,0,4.99,3.70,35.50,62.05,0.00,2.30,31.69,1
2025-01-14,05:32:47,0,0,0,0,0,0,0,3,2,9,5,0,0,0,0,0,0,0,0,0,0,0,0,0,4.99,3.70,35.51,62.14,0.00,3.17,135.98,1
2025-01-14,05:32:57,0,0,0,0,0,0,0,1,1,1,0,0,0,0,0,0,0,0,0,0,0,0,0,0,4.99,3.70,35.55,61.87,0.00,0.77,12.93,1
2025-01-14,05:33:07,0,0,0,0,0,0,1,8,4,2,3,3,0,0,0,0,0,0,0,0,0,0,0,0,4.99,3.70,35.55,61.90,0.01,4.81,128.62,1
2025-01-14,05:33:17,0,0,0,0,0,0,1,0,4,6,1,0,0,1,0,0,0,0,0,0,0,0,0,0,4.99,3.70,35.61,61.85,0.01,2.31,90.64,1
2025-01-14,05:33:27,0,0,0,0,0,0,0,2,4,3,6,3,0,0,0,1,0,0,0,0,0,0,0,0,4.99,3.70,35.62,61.77,0.00,2.54,173.53,1
2025-01-14,05:33:37,0,0,0,0,0,0,2,4,6,7,3,3,0,0,0,0,1,2,1,0,0,0,0,0,4.99,3.70,35.65,61.82,0.01,4.92,202.30,1
2025-01-14,05:33:47,0,0,0,0,0,0,1,3,7,5,1,17,0,1,0,0,0,1,2,2,1,0,0,0,4.99,3.70,35.70,61.69,0.01,4.07,407.16,1
2025-01-14,05:33:57,0,0,0,0,0,0,0,2,11,10,8,13,0,2,1,1,4,1,2,2,1,0,0,0,4.99,3.70,35.71,61.66,0.00,5.48,571.16,1
2025-01-14,05:34:07,0,0,0,0,0,0,0,2,6,5,2,3,0,0,0,0,1,1,0,0,0,0,0,0,4.99,3.70,35.74,61.26,0.00,3.13,155.90,1
2025-01-14,05:34:17,0,0,0,0,0,0,2,1,3,4,5,1,0,0,0,0,0,0,0,0,0,0,0,0,4.99,3.70,35.78,61.36,0.01,2.71,117.95,1
2025-01-14,05:34:27,0,0,0,0,0,0,1,3,7,5,5,2,1,0,0,0,0,0,0,0,1,0,0,0,4.99,3.70,35.87,61.42,0.01,4.28,181.39,1
2025-01-14,05:34:37,0,0,0,0,0,0,0,0,3,2,3,2,0,0,0,0,0,0,0,0,0,0,0,0,4.99,3.70,35.89,61.23,0.00,1.23,93.23,1
2025-01-14,05:34:47,0,0,0,0,0,0,1,7,4,9,8,11,0,0,0,0,1,3,3,4,0,0,0,0,4.99,3.70,35.94,61.29,0.01,5.69,436.35,1
2025-01-14,05:34:57,0,0,0,0,0,0,0,3,5,15,2,14,0,1,0,1,2,0,3,4,1,1,0,0,4.99,3.70,35.99,61.10,0.00,4.64,477.72,1
2025-01-14,05:35:07,0,0,0,0,0,0,0,2,6,13,4,2,0,1,0,0,1,0,1,0,0,0,0,0,4.99,3.70,36.04,60.90,0.00,4.36,236.89,1
2025-01-14,05:35:17,0,0,0,0,0,0,0,4,7,6,9,13,0,0,0,1,2,0,1,2,1,0,0,0,4.99,3.70,36.09,60.81,0.00,4.65,446.70,1
2025-01-14,05:35:27,0,0,0,0,0,0,0,3,9,16,10,8,0,0,0,0,0,0,2,0,0,0,0,0,4.99,3.70,36.15,60.53,0.00,6.27,413.59,1
2025-01-14,05:35:37,0,0,0,0,0,0,0,2,8,4,11,15,0,0,1,1,1,0,2,0,1,0,0,0,4.99,3.70,36.21,60.45,0.00,4.00,492.83,1
2025-01-14,05:35:47,0,0,0,0,0,0,1,4,10,9,11,24,0,0,0,2,1,2,2,2,1,0,0,0,4.99,3.70,36.26,60.35,0.01,6.33,709.68,1
2025-01-14,05:35:57,0,0,0,0,0,0,0,2,1,3,2,0,0,0,0,0,0,0,2,0,0,0,0,0,4.99,3.70,36.31,60.04,0.00,1.53,64.42,1
2025-01-14,05:36:07,0,0,0,0,0,0,0,0,6,8,7,6,0,0,0,0,1,0,0,0,0,0,0,0,4.99,3.70,36.39,59.92,0.00,3.08,271.28,1
2025-01-14,05:36:17,0,0,0,0,0,0,1,8,14,7,13,3,0,0,0,1,0,0,1,0,0,0,0,0,4.99,3.70,36.42,59.87,0.01,8.69,339.88,1
2025-01-14,05:36:27,0,0,0,0,0,0,0,1,5,2,4,0,0,0,0,0,0,1,0,0,0,0,0,0,4.99,3.70,36.45,59.66,0.00,2.19,90.99,1
2025-01-14,05:36:37,0,0,0,0,0,0,1,4,6,4,1,0,0,0,0,0,0,0,0,0,0,0,0,0,4.99,3.70,36.50,59.56,0.01,4.03,71.86,1
2025-01-14,05:36:47,0,0,0,0,0,0,0,6,3,7,1,0,0,0,0,0,0,0,0,0,0,0,0,0,4.99,3.70,36.58,59.69,0.00,4.04,84.68,1
2025-01-14,05:36:57,0,0,0,0,0,0,1,9,16,7,0,0,0,0,0,0,0,0,0,0,0,0,0,0,4.99,3.70,36.61,59.85,0.01,8.89,129.99,1
2025-01-14,05:37:07,0,0,0,0,0,0,0,7,6,20,1,2,0,1,0,0,0,0,0,2,0,0,0,0,4.99,3.70,36.68,59.80,0.00,7.03,250.95,1
2025-01-14,05:37:17,0,0,0,0,0,0,0,0,3,3,2,1,0,0,0,0,1,0,0,0,0,0,0,0,4.99,3.70,36.70,59.51,0.00,1.32,84.57,1
2025-01-14,05:37:27,0,0,0,0,0,0,1,9,2,2,0,1,0,0,0,0,0,0,0,0,0,0,0,0,4.99,3.70,36.76,59.13,0.01,4.49,55.55,1
2025-01-14,05:37:37,0,0,0,0,0,0,0,0,2,0,3,0,0,0,0,0,0,0,0,0,0,0,0,0,4.99,3.70,36.82,59.29,0.00,0.69,42.40,1
2025-01-14,05:37:47,0,0,0,0,0,0,0,5,4,1,3,1,0,1,0,0,0,0,0,0,0,0,0,0,4.99,3.70,36.86,59.30,0.00,3.20,102.01,1
2025-01-14,05:37:57,0,0,0,0,0,0,0,3,14,2,1,0,0,0,1,0,2,0,1,0,0,0,0,0,4.99,3.70,36.92,59.17,0.00,5.14,133.29,1
2025-01-14,05:38:07,0,0,0,0,0,0,0,3,4,9,1,9,0,0,0,2,0,0,1,2,3,0,0,0,4.99,3.70,36.94,59.04,0.00,3.48,293.43,1
2025-01-14,05:38:17,0,0,0,0,0,0,0,6,4,4,0,0,0,0,0,1,0,0,0,0,0,0,0,0,4.99,3.70,37.00,58.89,0.00,3.83,70.05,1
2025-01-14,05:38:27,0,0,0,0,0,0,1,5,2,3,2,0,0,0,0,0,0,0,0,0,0,0,0,0,4.99,3.70,37.06,58.71,0.01,3.26,62.39,1
2025-01-14,05:38:37,0,0,0,0,0,0,0,1,5,4,4,0,0,0,0,0,0,0,0,0,0,0,0,0,4.99,3.70,37.09,58.72,0.00,2.47,96.35,1
2025-01-14,05:38:47,0,0,0,0,0,0,1,3,8,2,3,0,0,0,0,0,0,0,0,0,0,0,0,0,4.99,3.70,37.17,58.35,0.01,4.02,86.45,1
2025-01-14,05:38:57,0,0,0,0,0,0,0,1,3,2,0,2,0,0,0,0,0,0,0,0,0,0,0,0,4.99,3.70,37.24,57.91,0.00,1.44,60.43,1
2025-01-14,05:39:08,0,0,0,0,0,0,0,6,1,3,0,2,0,0,1,0,0,0,0,0,0,0,0,0,4.99,3.70,37.30,57.42,0.00,2.90,86.43,1
2025-01-14,05:39:18,0,0,0,0,0,0,0,4,3,6,7,2,0,0,0,0,0,0,0,0,0,0,0,0,4.99,3.70,37.34,57.23,0.00,3.49,175.53,1
2025-01-14,05:39:28,0,0,0,0,0,0,0,3,3,5,4,1,0,0,0,0,0,0,0,0,0,0,0,0,4.99,3.70,37.43,57.15,0.00,2.82,115.65,1
2025-01-14,05:39:38,0,0,0,0,0,0,1,1,1,0,0,0,0,1,0,0,0,0,0,0,0,0,0,0,4.99,3.70,37.46,57.03,0.01,0.99,25.83,1
2025-01-14,05:39:48,0,0,0,0,0,0,0,3,3,12,4,1,0,0,0,0,0,0,0,0,0,0,0,0,4.99,3.70,37.55,57.32,0.00,3.80,166.27,1
2025-01-14,05:39:58,0,0,0,0,0,0,0,1,8,13,8,7,0,0,0,0,0,0,0,0,0,0,0,0,4.99,3.70,37.63,57.33,0.00,4.74,332.94,1
2025-01-14,05:40:08,0,0,0,0,0,0,0,6,0,1,0,0,0,0,0,0,0,0,0,0,0,0,0,0,4.99,3.70,37.67,56.85,0.00,2.36,18.07,1
2025-01-14,05:40:18,0,0,0,0,0,0,0,3,0,3,2,1,0,0,0,0,0,0,0,0,0,0,0,0,4.99,3.70,37.74,56.86,0.00,1.64,66.42,1
2025-01-14,05:40:28,0,0,0,0,0,0,1,3,0,1,0,0,0,0,1,0,0,0,0,0,0,0,0,0,4.99,3.70,37.79,57.15,0.01,1.60,30.99,1
2025-01-14,05:40:38,0,0,0,0,0,0,0,0,1,1,0,0,0,0,0,0,0,0,0,0,0,0,0,0,4.99,3.70,37.90,57.02,0.00,0.40,11.13,1
2025-01-14,05:40:48,0,0,0,0,0,0,0,4,0,0,1,0,0,0,0,0,0,0,0,0,0,0,0,0,4.99,3.70,37.95,56.95,0.00,1.53,18.76,1
2025-01-14,05:40:58,0,0,0,0,0,0,0,1,3,11,3,0,0,0,0,0,0,0,0,0,0,0,0,0,4.99,3.70,38.03,56.82,0.00,2.87,127.65,1
2025-01-14,05:41:08,0,0,0,0,0,0,0,5,11,7,4,3,0,0,0,0,0,0,0,0,0,0,0,0,4.99,3.70,38.11,56.57,0.00,5.95,197.35,1
2025-01-14,05:41:18,0,0,0,0,0,0,0,2,2,1,2,10,0,0,1,1,0,0,0,0,0,0,0,0,4.99,3.70,38.20,56.34,0.00,1.51,236.32,1
2025-01-14,05:41:28,0,0,0,0,0,0,0,0,9,9,5,15,0,0,2,1,1,1,1,2,0,0,0,0,4.99,3.70,38.30,56.09,0.00,3.91,485.17,1
2025-01-14,05:41:38,0,0,0,0,0,0,0,2,6,12,9,4,0,0,0,1,0,0,0,0,0,0,0,0,4.99,3.70,38.38,55.62,0.00,4.49,297.26,1
2025-01-14,05:41:48,0,0,0,0,0,0,0,1,6,2,2,10,0,1,0,0,0,0,0,0,0,0,0,0,4.99,3.70,38.48,55.28,0.00,2.34,244.41,1
2025-01-14,05:41:58,0,0,0,0,0,0,0,0,8,1,13,4,0,0,0,0,0,0,0,0,0,0,0,0,4.99,3.70,38.57,55.17,0.00,2.95,253.32,1
2025-01-14,05:42:08,0,0,0,0,0,0,0,0,0,0,0,0,0,0,0,0,0,0,0,0,0,0,0,0,4.99,3.70,38.67,54.89,0.00,0.00,0.00,1
2025-01-14,05:42:18,0,0,0,0,0,0,1,2,12,8,1,9,0,0,1,0,0,2,3,2,0,0,0,0,4.99,3.70,38.75,54.82,0.01,5.44,327.59,1
2025-01-14,05:42:28,0,0,0,0,0,0,0,7,10,1,1,0,0,0,0,0,0,0,0,0,0,0,0,0,4.99,3.70,38.85,54.80,0.00,5.42,70.35,1
2025-01-14,05:42:38,0,0,0,0,0,0,0,2,0,0,0,0,0,0,0,0,0,0,0,0,0,0,0,0,4.99,3.70,38.95,54.78,0.00,0.74,3.61,1
2025-01-14,05:42:48,0,0,0,0,0,0,0,6,16,13,5,2,0,0,0,0,0,0,0,0,0,0,0,0,4.99,3.70,39.04,54.73,0.00,8.54,257.32,1
2025-01-14,05:42:58,0,0,0,0,0,0,0,0,6,9,7,1,0,0,0,0,0,0,0,0,0,0,0,0,4.99,3.70,39.15,54.53,0.00,3.22,185.45,1
2025-01-14,05:43:08,0,0,0,0,0,0,0,1,1,7,3,9,0,1,1,0,0,1,1,0,0,0,0,0,4.99,3.70,39.22,54.10,0.00,1.78,289.10,1
2025-01-14,05:43:18,0,0,0,0,0,0,1,4,8,1,2,0,0,0,0,0,0,0,0,0,0,0,0,0,4.99,3.70,39.33,53.73,0.01,4.19,69.49,1
2025-01-14,05:43:28,0,0,0,0,0,0,1,3,3,3,2,0,0,0,0,0,0,0,0,0,0,0,0,0,4.99,3.70,39.45,53.57,0.01,2.79,62.68,1
2025-01-14,05:43:38,0,0,0,0,0,0,2,0,10,1,1,0,0,0,0,0,0,0,0,0,0,0,0,0,4.99,3.70,39.52,53.05,0.01,3.55,59.32,1
2025-01-14,05:43:48,0,0,0,0,0,0,0,3,11,5,5,0,0,0,0,0,0,0,0,0,0,0,0,0,4.99,3.70,39.59,52.85,0.00,4.98,142.10,1
2025-01-14,05:43:58,0,0,0,0,0,0,0,2,2,0,0,0,0,0,0,0,0,0,0,0,0,0,0,0,4.99,3.70,39.69,52.88,0.00,1.27,11.40,1
2025-01-14,05:44:08,0,0,0,0,0,0,2,2,4,4,2,0,0,0,0,0,0,0,0,0,0,0,0,0,4.99,3.70,39.80,52.91,0.01,3.18,72.80,1
2025-01-14,05:44:18,0,0,0,0,0,0,0,5,10,4,0,0,0,0,0,0,0,0,0,0,0,0,0,0,4.99,3.70,39.86,52.73,0.00,5.05,76.90,1
2025-01-14,05:44:28,0,0,0,0,0,0,0,2,11,11,4,4,0,0,0,0,0,0,0,0,0,0,0,0,4.99,3.70,39.97,52.77,0.00,5.40,237.10,1
2025-01-14,05:44:38,0,0,0,0,0,0,0,2,6,3,0,0,0,0,0,0,0,0,0,0,0,0,0,0,4.99,3.70,40.03,52.23,0.00,2.74,48.67,1
2025-01-14,05:44:48,0,0,0,0,0,0,1,4,6,11,7,0,0,0,0,0,0,0,0,0,0,0,0,0,4.99,3.70,40.14,52.01,0.01,5.34,191.71,1
2025-01-14,05:44:58,0,0,0,0,0,0,0,2,3,16,8,7,1,0,0,0,0,0,1,0,0,0,0,0,4.99,3.70,40.21,51.64,0.00,4.21,362.22,1
2025-01-14,05:45:08,0,0,0,0,0,0,0,2,2,1,0,0,0,0,0,0,0,0,0,0,0,0,0,0,4.99,3.70,40.29,51.46,0.00,1.41,18.63,1
2025-01-14,05:45:18,0,0,0,0,0,0,0,1,7,4,2,2,0,0,0,0,0,0,0,0,0,0,0,0,4.99,3.70,40.37,51.54,0.00,2.89,113.54,1
2025-01-14,05:45:28,0,0,0,0,0,0,0,6,18,19,9,20,0,0,0,0,0,1,1,0,0,0,0,0,4.99,3.70,40.46,51.26,0.00,10.12,662.09,1
2025-01-14,05:45:38,0,0,0,0,0,0,0,1,2,0,0,0,0,0,0,0,0,0,0,0,0,0,0,0,4.99,3.70,40.53,50.78,0.00,0.90,9.59,1
2025-01-14,05:45:48,0,0,0,0,0,0,0,7,2,1,1,0,0,0,0,0,0,0,0,0,0,0,0,0,4.99,3.70,40.64,50.74,0.00,3.31,39.20,1
2025-01-14,05:45:58,0,0,0,0,0,0,2,5,4,5,1,0,0,0,0,0,0,0,0,0,0,0,0,0,4.99,3.70,40.68,50.77,0.01,4.37,73.92,1
2025-01-14,05:46:08,0,0,0,0,0,0,0,1,8,1,1,5,0,0,0,1,0,1,0,0,0,0,0,0,4.99,3.70,40.77,50.63,0.00,2.68,156.73,1
2025-01-14,05:46:18,0,0,0,0,0,0,1,4,2,1,0,0,0,0,0,0,0,0,0,0,0,0,0,0,4.99,3.70,40.86,50.73,0.01,2.50,23.05,1
2025-01-14,05:46:28,0,0,0,0,0,0,0,6,19,11,3,1,0,0,0,0,0,0,0,0,0,0,0,0,4.99,3.70,40.91,50.53,0.00,8.94,215.23,1
2025-01-14,05:46:38,0,0,0,0,0,0,0,3,4,0,0,0,0,0,0,0,0,0,0,0,0,0,0,0,4.99,3.70,40.96,50.22,0.00,2.16,20.99,1
2025-01-14,05:46:48,0,0,0,0,0,0,0,2,5,2,2,0,0,0,0,0,0,0,0,0,0,0,0,0,4.99,3.70,41.07,50.29,0.00,2.45,60.62,1
2025-01-14,05:46:58,0,0,0,0,0,0,0,1,6,12,6,0,0,0,0,0,0,0,0,0,0,0,0,0,4.99,3.70,41.12,50.25,0.00,3.96,181.18,1
2025-01-14,05:47:08,0,0,0,0,0,0,0,7,0,0,0,0,0,0,0,0,0,0,0,0,0,0,0,0,4.99,3.70,41.22,49.93,0.00,2.58,12.64,1
2025-01-14,05:47:18,0,0,0,0,0,0,0,0,1,0,0,0,0,0,0,0,0,0,0,0,0,0,0,0,4.99,3.70,41.25,49.62,0.00,0.26,3.89,1
2025-01-14,05:47:28,0,0,0,0,0,0,0,0,0,0,0,0,0,0,0,0,0,0,0,0,0,0,0,0,4.99,3.70,41.34,49.52,0.00,0.00,0.00,1
2025-01-14,05:47:38,0,0,0,0,0,0,1,0,3,1,0,0,0,0,0,0,0,0,0,0,0,0,0,0,4.99,3.70,41.41,49.35,0.01,1.29,19.72,1
2025-01-14,05:47:48,0,0,0,0,0,0,0,0,0,0,0,0,0,0,0,0,0,0,0,0,0,0,0,0,4.99,3.70,41.47,49.02,0.00,0.00,0.00,1
2025-01-14,05:47:58,0,0,0,0,0,0,0,3,7,2,0,0,0,0,0,0,0,0,0,0,0,0,0,0,4.99,3.70,41.56,48.76,0.00,3.24,47.14,1
2025-01-14,05:48:08,0,0,0,0,0,0,1,3,5,3,0,0,0,0,0,0,0,0,0,0,0,0,0,0,4.99,3.70,41.61,48.73,0.01,3.21,47.39,1
2025-01-14,05:48:18,0,0,0,0,0,0,0,2,0,0,4,2,0,0,0,0,0,0,0,0,0,0,0,0,4.99,3.70,41.69,48.58,0.00,0.95,82.23,1
2025-01-14,05:48:28,0,0,0,0,0,0,0,0,2,2,1,4,0,0,0,0,0,0,0,0,0,0,0,0,4.99,3.70,41.76,48.37,0.00,0.86,98.74,1
2025-01-14,05:48:39,2,0,0,0,0,0,2,4,7,10,5,1,0,0,0,0,0,0,0,0,0,0,0,0,4.99,3.70,41.84,48.08,0.02,5.72,182.35,1
2025-01-14,05:48:49,0,0,0,0,0,0,0,1,0,0,0,0,0,0,0,0,0,0,0,0,0,0,0,0,4.99,3.70,41.89,48.04,0.00,0.37,1.81,1
2025-01-14,05:48:59,0,0,0,0,0,0,1,0,5,1,0,0,0,0,0,0,0,0,0,0,0,0,0,0,4.99,3.70,41.98,47.92,0.01,1.82,27.51,1
2025-01-14,05:49:09,0,0,0,0,0,0,0,0,3,3,1,0,0,0,0,0,0,0,0,0,0,0,0,0,4.99,3.70,42.03,47.97,0.00,1.27,44.92,1
2025-01-14,05:49:19,0,0,0,0,0,0,0,2,0,0,0,0,0,0,0,0,0,0,0,0,0,0,0,0,4.99,3.70,42.11,47.94,0.00,0.74,3.61,1
2025-01-14,05:49:29,0,0,0,0,0,0,0,2,2,6,8,3,0,0,0,0,0,0,0,0,0,0,0,0,4.99,3.70,42.15,47.80,0.00,2.54,195.80,1
2025-01-14,05:49:39,0,0,0,0,0,0,0,2,5,4,0,0,0,0,0,0,0,0,0,0,0,0,0,0,4.99,3.70,42.23,47.52,0.00,2.62,52.01,1
2025-01-14,05:49:49,0,0,0,0,0,0,0,5,17,13,10,7,0,0,0,0,0,0,0,0,0,0,0,0,4.99,3.70,42.26,47.24,0.00,8.70,398.28,1
2025-01-14,05:49:59,0,0,0,0,0,0,0,1,1,12,11,4,0,0,0,0,0,1,0,0,0,0,0,0,4.99,3.70,42.32,47.00,0.00,2.91,293.44,1
2025-01-14,05:50:09,0,0,0,0,0,0,0,3,3,15,16,1,0,0,0,0,0,0,0,0,0,0,0,0,4.99,3.70,42.38,46.72,0.00,4.86,326.41,1
2025-01-14,05:50:19,0,0,0,0,0,0,0,3,13,11,15,9,0,0,1,0,0,0,0,0,0,0,0,0,4.99,3.70,42.40,46.70,0.00,6.89,472.32,1
2025-01-14,05:50:29,0,0,0,0,0,0,4,0,8,8,10,7,0,0,0,0,2,0,0,0,0,0,0,0,4.99,3.70,42.47,46.34,0.02,5.20,345.02,1
2025-01-14,05:50:39,0,0,0,0,0,0,0,1,2,0,1,0,0,0,0,0,0,0,0,0,0,0,0,0,4.99,3.70,42.51,46.42,0.00,0.95,21.13,1
2025-01-14,05:50:49,0,0,0,0,0,0,0,2,5,5,3,6,0,0,0,0,0,0,0,0,0,0,0,0,4.99,3.70,42.54,46.70,0.00,2.92,191.28,1
2025-01-14,05:50:59,0,0,0,0,0,0,1,3,5,1,0,0,0,0,0,0,0,0,0,0,0,0,0,0,4.99,3.70,42.60,46.54,0.01,2.93,32.93,1
2025-01-14,05:51:09,0,0,0,0,0,0,0,0,0,0,0,0,0,0,0,0,0,0,0,0,0,0,0,0,4.99,3.70,42.60,46.68,0.00,0.00,0.00,1
2025-01-14,05:51:19,0,0,0,0,0,0,0,3,10,13,15,2,0,0,0,1,0,0,0,0,0,0,0,0,4.99,3.70,42.64,46.84,0.00,6.38,358.62,1
2025-01-14,05:51:29,0,0,0,0,0,0,0,2,0,0,0,0,0,0,0,0,0,0,0,0,0,0,0,0,4.99,3.70,42.69,46.11,0.00,0.74,3.61,1
2025-01-14,05:51:39,0,0,0,0,0,0,0,1,1,0,0,0,0,0,0,0,0,0,0,0,0,0,0,0,4.99,3.70,42.71,46.29,0.00,0.63,5.70,1
2025-01-14,05:51:49,0,0,0,0,0,0,0,0,0,0,0,0,0,0,0,0,0,0,0,0,0,0,0,0,4.99,3.70,42.73,46.50,0.00,0.00,0.00,1
2025-01-14,05:51:59,0,0,0,0,0,0,0,0,0,1,0,0,0,0,0,0,0,0,0,0,0,0,0,0,4.99,3.70,42.76,46.39,0.00,0.14,7.23,1
2025-01-14,05:52:09,0,0,0,0,0,0,0,2,3,0,0,0,0,0,0,0,0,0,0,0,0,0,0,0,4.99,3.70,42.77,46.43,0.00,1.53,15.29,1
2025-01-14,05:52:19,0,0,0,0,0,0,0,0,5,0,0,0,0,0,0,0,0,0,0,0,0,0,0,0,4.99,3.70,42.81,46.62,0.00,1.32,19.47,1
2025-01-14,05:52:29,0,0,0,0,0,0,0,4,4,0,0,0,0,0,0,0,0,0,0,0,0,0,0,0,4.99,3.70,42.86,46.68,0.00,2.53,22.80,1
2025-01-14,05:52:39,0,0,0,0,0,0,1,6,5,0,0,0,0,0,0,0,0,0,0,0,0,0,0,0,4.99,3.70,42.88,46.73,0.01,3.89,31.11,1
2025-01-14,05:52:49,0,0,0,0,0,0,0,0,0,0,0,0,0,0,0,0,0,0,0,0,0,0,0,0,4.99,3.70,42.92,46.69,0.00,0.00,0.00,1
2025-01-14,05:52:59,0,0,0,0,0,0,0,2,1,2,2,0,0,0,0,0,0,0,0,0,0,0,0,0,4.99,3.70,42.96,46.65,0.00,1.39,45.04,1
2025-01-14,05:53:09,0,0,0,0,0,0,1,0,0,0,0,0,0,0,0,0,0,0,0,0,0,0,0,0,4.99,3.70,42.96,46.42,0.01,0.36,0.81,1
2025-01-14,05:53:19,0,0,0,0,0,0,0,1,0,0,0,0,0,0,0,0,0,0,0,0,0,0,0,0,4.99,3.70,43.01,46.19,0.00,0.37,1.81,1
2025-01-14,05:53:29,0,0,0,0,0,0,0,1,4,3,0,0,0,0,0,0,0,0,0,0,0,0,0,0,4.99,3.70,43.06,46.21,0.00,1.85,39.08,1
2025-01-14,05:53:39,0,0,0,0,0,0,0,1,8,6,4,4,0,0,0,0,0,0,0,0,0,0,0,0,4.99,3.70,43.08,46.00,0.00,3.54,187.45,1
2025-01-14,05:53:49,0,0,0,0,0,0,2,3,13,0,0,0,0,0,0,0,0,0,0,0,0,0,0,0,4.99,3.70,43.10,45.78,0.01,5.26,57.65,1
2025-01-14,05:53:59,0,0,0,0,0,0,1,6,11,3,0,0,0,0,0,0,0,0,0,0,0,0,0,0,4.99,3.70,43.18,45.70,0.01,5.90,76.17,1
2025-01-14,05:54:09,0,0,0,0,0,0,1,0,0,0,0,0,0,0,0,0,0,0,0,0,0,0,0,0,4.99,3.70,43.21,45.93,0.01,0.36,0.81,1
2025-01-14,05:54:19,0,0,0,0,0,0,2,1,0,0,0,0,0,0,0,0,0,0,0,0,0,0,0,0,4.99,3.70,43.27,45.90,0.01,1.08,3.42,1
2025-01-14,05:54:29,0,0,0,0,0,0,1,1,0,1,0,0,0,0,0,0,0,0,0,0,0,0,0,0,4.99,3.70,43.34,45.90,0.01,0.87,9.84,1
2025-01-14,05:54:39,0,0,0,0,0,0,0,0,0,0,0,0,0,0,0,0,0,0,0,0,0,0,0,0,4.99,3.70,43.37,45.73,0.00,0.00,0.00,1
2025-01-14,05:54:49,0,0,0,0,0,0,0,2,3,0,0,0,0,0,0,0,0,0,0,0,0,0,0,0,4.99,3.70,43.41,45.44,0.00,1.53,15.29,1
2025-01-14,05:54:59,0,0,0,0,0,0,0,4,2,4,2,0,0,0,0,0,0,0,0,0,0,0,0,0,4.99,3.70,43.47,45.38,0.00,2.67,67.01,1
2025-01-14,05:55:09,0,0,0,0,0,0,0,3,9,2,0,0,0,0,0,0,0,0,0,0,0,0,0,0,4.99,3.70,43.50,45.30,0.00,3.77,54.93,1
2025-01-14,05:55:19,0,0,0,0,0,0,0,2,7,5,0,1,0,0,0,0,0,0,0,0,0,0,0,0,4.99,3.70,43.52,45.16,0.00,3.29,83.27,1
2025-01-14,05:55:29,0,0,0,0,0,0,0,0,4,2,3,0,0,0,0,0,0,0,0,0,0,0,0,0,4.99,3.70,43.58,44.77,0.00,1.50,64.65,1
2025-01-14,05:55:39,0,0,0,0,0,0,0,3,4,7,2,0,0,0,0,0,0,0,0,0,0,0,0,0,4.99,3.70,43.62,44.58,0.00,3.25,94.69,1
2025-01-14,05:55:49,0,0,0,0,0,0,0,1,1,6,3,7,0,0,0,1,0,0,0,0,0,0,0,0,4.99,3.70,43.64,44.43,0.00,1.64,212.08,1
2025-01-14,05:55:59,0,0,0,0,0,0,0,1,15,4,1,0,0,0,0,0,0,0,0,0,0,0,0,0,4.99,3.70,43.67,44.48,0.00,4.95,100.68,1
2025-01-14,05:56:09,0,0,0,0,0,0,0,8,6,11,6,5,0,0,0,0,0,0,0,0,0,0,0,0,4.99,3.70,43.69,44.43,0.00,6.40,267.77,1
2025-01-14,05:56:19,0,0,0,0,0,0,0,4,3,5,2,0,0,0,0,0,0,0,0,0,0,0,0,0,4.99,3.70,43.71,44.60,0.00,3.08,78.14,1
2025-01-14,05:56:29,0,0,0,0,0,0,0,1,1,1,1,0,0,0,0,0,0,0,0,0,0,0,0,0,4.99,3.70,43.78,44.43,0.00,0.83,24.47,1
2025-01-14,05:56:39,0,0,0,0,0,0,0,2,2,1,0,0,0,0,0,0,0,0,0,0,0,0,0,0,4.99,3.70,43.77,44.35,0.00,1.41,18.63,1
2025-01-14,05:56:49,0,0,0,0,0,0,0,8,7,1,1,0,0,0,0,0,0,0,0,0,0,0,0,0,4.99,3.70,43.77,44.23,0.00,5.00,60.47,1
2025-01-14,05:56:59,0,0,0,0,0,0,0,0,5,0,0,0,0,0,0,0,0,0,0,0,0,0,0,0,4.99,3.70,43.75,44.16,0.00,1.32,19.47,1
2025-01-14,05:57:09,0,0,0,0,0,0,0,1,0,0,0,0,0,0,0,0,0,0,0,0,0,0,0,0,4.99,3.70,43.78,44.05,0.00,0.37,1.81,1
2025-01-14,05:57:19,0,0,0,0,0,0,0,4,4,7,16,10,0,0,0,0,0,0,0,0,0,0,0,0,4.99,3.70,43.78,43.98,0.00,4.37,420.39,1
2025-01-14,05:57:29,0,0,0,0,0,0,0,3,0,2,5,5,0,0,0,0,0,0,0,0,0,0,0,0,4.99,3.70,43.72,43.96,0.00,1.66,158.75,1
2025-01-14,05:57:39,0,0,0,0,0,0,0,0,0,0,0,0,0,0,0,0,0,0,0,0,0,0,0,0,4.99,3.70,43.75,43.87,0.00,0.00,0.00,1
2025-01-14,05:57:49,0,0,0,0,0,0,0,2,6,9,3,1,0,0,0,0,0,0,0,0,0,0,0,0,4.99,3.70,43.72,43.82,0.00,3.75,142.91,1
2025-01-14,05:57:59,0,0,0,0,0,0,1,1,3,1,3,0,0,0,0,0,0,0,0,0,0,0,0,0,4.99,3.70,43.69,43.89,0.01,1.82,56.14,1
2025-01-14,05:58:09,0,0,0,0,0,0,1,6,6,4,0,0,0,0,0,0,0,0,0,0,0,0,0,0,4.99,3.70,43.68,44.03,0.01,4.72,63.93,1
2025-01-14,05:58:20,0,0,0,0,0,0,0,0,0,0,0,0,0,0,0,0,0,0,0,0,0,0,0,0,4.99,3.70,43.67,44.11,0.00,0.00,0.00,1
2025-01-14,05:58:30,0,0,0,0,0,0,2,5,0,0,0,0,0,0,0,0,0,0,0,0,0,0,0,0,4.99,3.70,43.64,43.98,0.01,2.56,10.64,1
2025-01-14,05:58:40,0,0,0,0,0,0,1,3,7,5,5,0,0,0,0,0,0,0,0,0,0,0,0,0,4.99,3.70,43.58,44.01,0.01,4.28,127.33,1
2025-01-14,05:58:50,0,0,0,0,0,0,0,2,7,25,39,15,0,0,0,0,0,0,1,0,0,0,0,0,4.99,3.70,43.58,44.34,0.00,8.19,911.26,1
2025-01-14,05:59:00,0,0,0,0,0,0,0,4,11,14,24,17,0,1,1,0,0,0,0,0,0,0,0,0,4.99,3.70,43.52,44.38,0.00,7.63,741.09,1
2025-01-14,05:59:10,0,0,0,0,0,0,0,0,4,1,0,0,0,0,0,0,0,0,0,0,0,0,0,0,4.99,3.70,43.50,44.19,0.00,1.20,22.81,1
2025-01-14,05:59:20,0,0,0,0,0,0,1,1,2,0,1,0,0,0,0,0,0,0,0,0,0,0,0,0,4.99,3.70,43.44,44.37,0.01,1.31,21.94,1
2025-01-14,05:59:30,0,0,0,0,0,0,0,5,1,0,0,0,0,0,0,0,0,0,0,0,0,0,0,0,4.99,3.70,43.41,44.30,0.00,2.11,12.92,1
2025-01-14,05:59:40,0,0,0,0,0,0,0,3,5,0,0,0,0,0,0,0,0,0,0,0,0,0,0,0,4.99,3.70,43.37,44.31,0.00,2.43,24.89,1
2025-01-14,05:59:50,0,0,0,0,0,0,2,0,0,0,0,0,0,0,0,0,0,0,0,0,0,0,0,0,4.99,3.70,43.34,44.41,0.01,0.71,1.61,1
2025-01-14,06:00:00,0,0,0,0,0,0,0,2,0,0,0,0,0,0,0,0,0,0,0,0,0,0,0,0,4.99,3.70,43.27,44.61,0.00,0.74,3.61,1
2025-01-14,06:00:10,0,0,0,0,0,0,0,2,0,0,0,0,0,0,0,0,0,0,0,0,0,0,0,0,4.99,3.70,43.24,44.75,0.00,0.74,3.61,1
2025-01-14,06:00:20,0,0,0,0,0,0,1,2,0,0,0,0,0,0,0,0,0,0,0,0,0,0,0,0,4.99,3.70,43.20,44.80,0.01,1.10,4.42,1
2025-01-14,06:00:30,0,0,0,0,0,0,2,4,0,0,0,0,0,0,0,0,0,0,0,0,0,0,0,0,4.99,3.70,43.16,44.91,0.01,2.19,8.84,1
2025-01-14,06:00:40,0,0,0,0,0,0,2,0,0,0,0,0,0,0,0,0,0,0,0,0,0,0,0,0,4.99,3.70,43.08,45.28,0.01,0.71,1.61,1
2025-01-14,06:00:50,0,0,0,0,0,0,0,0,0,0,0,0,0,0,0,0,0,0,0,0,0,0,0,0,4.99,3.70,43.06,45.17,0.00,0.00,0.00,1
2025-01-14,06:01:00,0,0,0,0,0,0,0,0,0,0,0,0,0,0,0,0,0,0,0,0,0,0,0,0,4.99,3.70,43.01,45.11,0.00,0.00,0.00,1
2025-01-14,06:01:10,0,0,0,0,0,0,0,1,2,1,5,0,0,0,0,0,0,0,0,0,0,0,0,0,4.99,3.70,42.98,44.92,0.00,1.31,74.51,1
2025-01-14,06:01:20,0,0,0,0,0,0,0,7,13,10,12,5,0,0,0,0,0,0,0,0,0,0,0,0,4.99,3.70,42.93,45.18,0.00,8.07,355.22,1
2025-01-14,06:01:30,0,0,0,0,0,0,1,2,0,0,0,0,0,0,0,0,0,0,0,0,0,0,0,0,4.99,3.70,42.88,45.05,0.01,1.10,4.42,1
2025-01-14,06:01:40,0,0,0,0,0,0,0,2,8,9,5,0,0,0,0,0,0,0,0,0,0,0,0,0,4.99,3.70,42.81,45.02,0.00,4.38,157.54,1
2025-01-14,06:01:50,0,0,0,0,0,0,0,0,0,1,0,0,0,0,0,0,0,0,0,0,0,0,0,0,4.99,3.70,42.80,45.02,0.00,0.14,7.23,1
2025-01-14,06:02:00,0,0,0,0,0,0,2,4,4,2,1,0,0,0,0,0,0,0,0,0,0,0,0,0,4.99,3.70,42.74,45.26,0.01,3.58,50.41,1
2025-01-14,06:02:10,0,0,0,0,0,0,0,4,4,0,0,0,0,0,0,0,0,0,0,0,0,0,0,0,4.99,3.70,42.73,45.39,0.00,2.53,22.80,1
2025-01-14,06:02:20,0,0,0,0,0,0,1,2,0,0,0,0,0,0,0,0,0,0,0,0,0,0,0,0,4.99,3.70,42.66,45.59,0.01,1.10,4.42,1
2025-01-14,06:02:30,0,0,0,0,0,0,2,2,3,0,0,2,0,0,0,0,0,0,0,0,0,0,0,0,4.99,3.70,42.62,45.77,0.01,2.24,49.38,1
2025-01-14,06:02:40,0,0,0,0,0,0,1,1,1,0,0,0,0,0,0,0,0,0,0,0,0,0,0,0,4.99,3.70,42.60,45.86,0.01,0.99,6.51,1
2025-01-14,06:02:50,0,0,0,0,0,0,0,0,0,1,0,0,0,0,0,0,0,0,0,0,0,0,0,0,4.99,3.70,42.54,45.84,0.00,0.14,7.23,1
2025-01-14,06:03:00,0,0,0,0,0,0,0,1,1,1,0,0,0,0,0,0,0,0,0,0,0,0,0,0,4.99,3.70,42.50,45.94,0.00,0.77,12.93,1
2025-01-14,06:03:10,0,0,0,0,0,0,1,1,0,1,0,0,0,0,0,0,0,0,0,0,0,0,0,0,4.99,3.70,42.46,46.08,0.01,0.87,9.84,1
2025-01-14,06:03:20,0,0,0,0,0,0,0,7,6,2,0,0,0,0,0,0,0,0,0,0,0,0,0,0,4.99,3.70,42.42,46.15,0.00,4.45,50.47,1
2025-01-14,06:03:30,0,0,0,0,0,0,0,5,1,1,0,0,0,0,0,0,0,0,0,0,0,0,0,0,4.99,3.70,42.38,46.02,0.00,2.25,20.15,1
2025-01-14,06:03:40,0,0,0,0,0,0,0,0,0,0,0,0,0,0,0,0,0,0,0,0,0,0,0,0,4.99,3.70,42.35,45.95,0.00,0.00,0.00,1
2025-01-14,06:03:50,0,0,0,0,0,0,0,4,3,1,0,0,0,0,0,0,0,0,0,0,0,0,0,0,4.99,3.70,42.28,46.17,0.00,2.41,26.14,1
2025-01-14,06:04:00,0,0,0,0,0,0,3,5,3,1,0,0,0,0,0,0,0,0,0,0,0,0,0,0,4.99,3.70,42.26,46.40,0.02,3.85,30.36,1
2025-01-14,06:04:10,0,0,0,0,0,0,3,3,6,0,0,0,0,0,0,0,0,0,0,0,0,0,0,0,4.99,3.70,42.20,46.35,0.02,3.76,31.20,1
2025-01-14,06:04:20,0,0,0,0,0,0,1,1,2,2,0,0,0,0,0,0,0,0,0,0,0,0,0,0,4.99,3.70,42.15,46.34,0.01,1.54,24.86,1
2025-01-14,06:04:30,0,0,0,0,0,0,0,3,6,0,0,0,0,0,0,0,0,0,0,0,0,0,0,0,4.99,3.70,42.15,46.36,0.00,2.69,28.78,1
2025-01-14,06:04:40,0,0,0,0,0,0,1,3,1,0,0,0,0,0,0,0,0,0,0,0,0,0,0,0,4.99,3.70,42.08,46.49,0.01,1.73,10.12,1
2025-01-14,06:04:50,0,0,0,0,0,0,2,2,4,0,0,0,0,0,0,0,0,0,0,0,0,0,0,0,4.99,3.70,42.03,46.52,0.01,2.51,20.80,1
2025-01-14,06:05:00,0,0,0,0,0,0,3,1,0,0,0,0,0,0,0,0,0,0,0,0,0,0,0,0,4.99,3.70,42.02,46.49,0.02,1.44,4.22,1
2025-01-14,06:05:10,0,0,0,0,0,0,2,3,3,0,0,0,0,0,0,0,0,0,0,0,0,0,0,0,4.99,3.70,41.98,46.58,0.01,2.61,18.71,1
2025-01-14,06:05:20,0,0,0,0,0,0,1,0,6,0,0,0,0,0,0,0,0,0,0,0,0,0,0,0,4.99,3.70,41.95,46.67,0.01,1.94,24.17,1
2025-01-14,06:05:30,0,0,0,0,0,0,0,5,9,1,0,0,0,0,0,0,0,0,0,0,0,0,0,0,4.99,3.70,41.86,46.67,0.00,4.36,51.31,1
2025-01-14,06:05:40,0,0,0,0,0,0,5,10,1,1,0,0,0,0,0,0,0,0,0,0,0,0,0,0,4.99,3.70,41.85,46.68,0.03,5.88,33.21,1
2025-01-14,06:05:50,0,0,0,0,0,0,0,1,3,2,0,0,0,0,0,0,0,0,0,0,0,0,0,0,4.99,3.70,41.82,47.05,0.00,1.44,27.95,1
2025-01-14,06:06:00,0,0,0,0,0,0,1,2,6,5,0,0,0,0,0,0,0,0,0,0,0,0,0,0,4.99,3.70,41.78,47.12,0.01,3.38,63.94,1
2025-01-14,06:06:10,0,0,0,0,0,0,2,3,3,0,0,0,0,0,0,0,0,0,0,0,0,0,0,0,4.99,3.70,41.72,47.28,0.01,2.61,18.71,1
2025-01-14,06:06:20,0,0,0,0,0,0,1,8,19,13,2,0,0,1,0,0,0,0,0,0,0,0,0,0,4.99,3.70,41.67,47.39,0.01,10.26,225.66,1
2025-01-14,06:06:30,0,0,0,0,0,0,0,1,6,4,2,0,0,0,0,0,0,0,0,0,0,0,0,0,4.99,3.70,41.67,47.30,0.00,2.62,77.17,1
2025-01-14,06:06:40,0,0,0,0,0,0,1,7,10,7,2,0,0,0,0,0,0,0,0,0,0,0,0,0,4.99,3.70,41.64,47.36,0.01,6.67,126.09,1
2025-01-14,06:06:50,0,0,0,0,0,0,1,5,3,0,0,0,0,0,0,0,0,0,0,0,0,0,0,0,4.99,3.70,41.61,47.58,0.01,3.00,21.52,1
2025-01-14,06:07:00,0,0,0,0,0,0,3,3,3,0,0,0,0,0,0,0,0,0,0,0,0,0,0,0,4.99,3.70,41.55,47.68,0.02,2.97,19.52,1
2025-01-14,06:07:10,0,0,0,0,0,0,1,3,4,3,0,0,0,0,0,0,0,0,0,0,0,0,0,0,4.99,3.70,41.52,47.83,0.01,2.94,43.50,1
2025-01-14,06:07:20,0,0,0,0,0,0,0,4,5,0,0,0,0,0,0,0,0,0,0,0,0,0,0,0,4.99,3.70,41.48,47.74,0.00,2.80,26.69,1
2025-01-14,06:07:31,0,0,0,0,0,0,3,5,15,1,1,0,0,0,0,0,0,0,0,0,0,0,0,0,4.99,3.70,41.45,48.11,0.02,7.07,88.63,1
2025-01-14,06:07:41,0,0,0,0,0,0,1,1,4,1,1,0,0,0,0,0,0,0,0,0,0,0,0,0,4.99,3.70,41.42,48.25,0.01,1.98,36.96,1
2025-01-14,06:07:51,0,0,0,0,0,0,0,1,4,0,0,0,0,0,0,0,0,0,0,0,0,0,0,0,4.99,3.70,41.41,48.40,0.00,1.43,17.38,1
2025-01-14,06:08:01,0,0,0,0,0,0,1,10,1,0,0,0,0,0,0,0,0,0,0,0,0,0,0,0,4.99,3.70,41.37,48.31,0.01,4.31,22.76,1
2025-01-14,06:08:11,0,0,0,0,0,0,1,2,0,0,0,0,0,0,0,0,0,0,0,0,0,0,0,0,4.99,3.70,41.32,48.01,0.01,1.10,4.42,1
2025-01-14,06:08:21,0,0,0,0,0,0,0,0,1,1,0,0,0,0,0,0,0,0,0,0,0,0,0,0,4.99,3.70,41.31,47.92,0.00,0.40,11.13,1
2025-01-14,06:08:31,0,0,0,0,0,0,0,4,5,3,0,0,0,0,0,0,0,0,0,0,0,0,0,0,4.99,3.70,41.30,47.82,0.00,3.22,48.39,1
2025-01-14,06:08:41,0,0,0,0,0,0,2,6,5,4,1,0,0,0,0,0,0,0,0,0,0,0,0,0,4.99,3.70,41.25,47.85,0.01,4.87,72.38,1
2025-01-14,06:08:51,0,0,0,0,0,0,0,2,4,10,11,4,1,0,1,0,0,0,0,0,0,0,0,0,4.99,3.70,41.20,48.07,0.00,3.79,320.08,1
2025-01-14,06:09:01,0,0,0,0,0,0,1,3,3,11,5,0,0,0,0,0,0,0,0,0,0,0,0,0,4.99,3.70,41.21,48.30,0.01,4.07,155.14,1
2025-01-14,06:09:11,0,0,0,0,0,0,0,2,11,15,1,0,0,0,0,0,0,0,0,0,0,0,0,0,4.99,3.70,41.17,48.09,0.00,5.81,166.47,1
2025-01-14,06:09:21,0,0,0,0,0,0,2,9,5,0,0,0,0,0,0,0,0,0,0,0,0,0,0,0,4.99,3.70,41.11,48.10,0.01,5.36,37.33,1
2025-01-14,06:09:31,0,0,0,0,0,0,1,5,5,0,0,0,0,0,0,0,0,0,0,0,0,0,0,0,4.99,3.70,41.10,48.14,0.01,3.52,29.31,1
2025-01-14,06:09:41,0,0,0,0,0,0,0,4,6,0,0,0,0,0,0,0,0,0,0,0,0,0,0,0,4.99,3.70,41.08,48.22,0.00,3.06,30.59,1
2025-01-14,06:09:51,0,0,0,0,0,0,2,2,0,0,0,0,0,0,0,0,0,0,0,0,0,0,0,0,4.99,3.70,41.04,48.26,0.01,1.45,5.22,1
2025-01-14,06:10:01,0,0,0,0,0,0,3,0,1,0,0,0,0,0,0,0,0,0,0,0,0,0,0,0,4.99,3.70,41.02,48.24,0.02,1.34,6.31,1
2025-01-14,06:10:11,0,0,0,0,0,0,2,3,18,3,0,0,0,0,0,0,0,0,0,0,0,0,0,0,4.99,3.70,41.01,48.34,0.01,7.00,98.82,1
2025-01-14,06:10:21,0,0,0,0,0,0,2,3,1,2,0,0,0,0,0,0,0,0,0,0,0,0,0,0,4.99,3.70,40.96,48.55,0.01,2.37,25.39,1
2025-01-14,06:10:31,0,0,0,0,0,0,0,1,1,1,0,0,0,0,0,0,0,0,0,0,0,0,0,0,4.99,3.70,40.91,48.54,0.00,0.77,12.93,1
2025-01-14,06:10:41,0,0,0,1,0,0,1,1,1,0,0,0,0,0,0,0,0,0,0,0,0,0,0,0,4.99,3.70,40.88,48.64,0.03,1.06,6.57,1
2025-01-14,06:10:51,0,0,0,0,0,0,1,9,6,4,0,0,0,0,0,0,0,0,0,0,0,0,0,0,4.99,3.70,40.90,48.61,0.01,5.83,69.35,1
2025-01-14,06:11:01,0,0,0,0,0,0,1,6,6,0,1,0,0,0,0,0,0,0,0,0,0,0,0,0,4.99,3.70,40.87,48.56,0.01,4.21,46.54,1
2025-01-14,06:11:11,0,0,0,0,0,0,1,3,10,5,1,0,0,0,0,0,0,0,0,0,0,0,0,0,4.99,3.70,40.84,48.92,0.01,4.86,92.86,1
2025-01-14,06:11:21,0,0,0,0,0,0,2,4,2,9,0,0,0,0,0,0,0,0,0,0,0,0,0,0,4.99,3.70,40.78,49.16,0.01,3.98,81.71,1
2025-01-14,06:11:31,0,0,0,0,0,0,3,1,1,0,0,0,0,0,0,0,0,0,0,0,0,0,0,0,4.99,3.70,40.77,49.16,0.02,1.70,8.12,1
2025-01-14,06:11:41,0,0,0,0,0,0,0,0,1,0,0,0,0,0,0,0,0,0,0,0,0,0,0,0,4.99,3.70,40.78,49.37,0.00,0.26,3.89,1
2025-01-14,06:11:51,0,0,0,0,0,0,1,4,5,1,0,0,0,0,0,0,0,0,0,0,0,0,0,0,5.00,3.70,40.74,49.34,0.01,3.29,34.66,1
2025-01-14,06:12:01,0,0,0,0,0,0,0,0,2,0,0,0,0,0,0,0,0,0,0,0,0,0,0,0,4.99,3.70,40.68,49.38,0.00,0.53,7.79,1
2025-01-14,06:12:11,0,0,0,0,0,0,0,1,10,22,9,0,0,0,0,0,0,0,0,0,0,0,0,0,4.99,3.70,40.70,49.59,0.00,6.58,303.69,1
2025-01-14,06:12:21,0,0,0,0,0,0,0,1,14,17,12,3,0,0,0,0,0,2,0,0,0,0,0,0,4.99,3.70,40.65,49.34,0.00,7.10,384.63,1
2025-01-14,06:12:31,0,0,0,0,0,0,1,6,8,15,0,0,0,0,0,0,0,0,0,0,0,0,0,0,4.99,3.70,40.65,49.03,0.01,6.79,151.28,1
2025-01-14,06:12:41,0,0,0,0,0,0,2,0,4,2,0,0,0,0,0,0,0,0,0,0,0,0,0,0,4.99,3.70,40.63,48.96,0.01,2.05,31.65,1
2025-01-14,06:12:51,0,0,0,0,0,0,0,0,5,1,0,0,0,0,0,0,0,0,0,0,0,0,0,0,4.99,3.70,40.60,49.15,0.00,1.46,26.70,1
2025-01-14,06:13:01,0,0,0,0,0,0,0,2,3,9,0,0,0,0,0,0,0,0,0,0,0,0,0,0,4.99,3.70,40.57,49.01,0.00,2.80,80.38,1
2025-01-14,06:13:11,0,0,0,0,0,0,0,1,3,0,0,0,0,0,0,0,0,0,0,0,0,0,0,0,4.99,3.70,40.57,49.08,0.00,1.16,13.49,1
2025-01-14,06:13:21,0,0,0,0,0,0,3,3,0,0,0,0,0,0,0,0,0,0,0,0,0,0,0,0,4.99,3.70,40.53,49.26,0.02,2.18,7.84,1
2025-01-14,06:13:31,2,0,0,0,1,0,0,2,13,1,0,0,0,0,0,0,0,0,0,0,0,0,0,0,4.99,3.70,40.53,49.38,0.03,4.45,61.63,1
2025-01-14,06:13:41,0,0,0,0,0,0,1,3,1,2,0,0,0,0,0,0,0,0,0,0,0,0,0,0,4.99,3.70,40.50,49.41,0.01,2.01,24.58,1
2025-01-14,06:13:51,0,0,0,0,0,0,0,3,2,1,0,0,0,0,0,0,0,0,0,0,0,0,0,0,4.99,3.70,40.50,49.49,0.00,1.78,20.44,1
2025-01-14,06:14:01,0,0,0,0,0,0,0,0,8,8,2,1,0,0,0,0,0,0,0,0,0,0,0,0,4.99,3.70,40.49,49.55,0.00,3.34,128.32,1
2025-01-14,06:14:11,0,0,0,0,0,0,1,2,3,9,5,0,0,0,0,0,0,0,0,0,0,0,0,0,4.99,3.70,40.46,49.33,0.01,3.42,138.88,1
2025-01-14,06:14:21,0,0,0,0,0,0,1,3,5,1,3,0,0,0,0,0,0,0,0,0,0,0,0,0,4.99,3.70,40.43,49.24,0.01,3.09,67.54,1
2025-01-14,06:14:31,0,0,0,0,0,0,2,3,1,2,0,0,0,0,0,0,0,0,0,0,0,0,0,0,4.99,3.70,40.39,49.34,0.01,2.37,25.39,1
2025-01-14,06:14:41,0,0,0,0,0,0,2,3,4,2,1,0,0,0,0,0,0,0,0,0,0,0,0,0,4.99,3.70,40.40,49.36,0.01,3.21,48.61,1
2025-01-14,06:14:51,0,0,0,0,0,0,0,2,3,3,2,0,0,0,0,0,0,0,0,0,0,0,0,0,4.99,3.70,40.37,49.28,0.00,2.06,60.06,1
2025-01-14,06:15:01,0,0,0,0,0,0,2,0,8,3,0,0,0,0,0,0,0,0,0,0,0,0,0,0,4.99,3.70,40.36,49.45,0.01,3.25,54.46,1
2025-01-14,06:15:11,0,0,0,0,0,0,2,2,5,0,0,0,0,0,0,0,0,0,0,0,0,0,0,0,4.99,3.70,40.34,49.39,0.01,2.77,24.70,1
2025-01-14,06:15:21,0,0,0,0,0,0,2,3,10,4,3,0,0,0,0,0,0,0,0,0,0,0,0,0,4.99,3.70,40.31,49.30,0.01,5.19,109.51,1
2025-01-14,06:15:31,0,0,0,0,0,0,0,3,1,0,0,0,0,0,0,0,0,0,0,0,0,0,0,0,4.99,3.70,40.30,49.16,0.00,1.37,9.31,1
2025-01-14,06:15:41,0,0,0,0,0,0,1,3,5,4,0,0,0,0,0,0,0,0,0,0,0,0,0,0,4.99,3.70,40.30,49.52,0.01,3.35,54.62,1
2025-01-14,06:15:51,0,0,0,0,0,0,0,1,8,7,4,5,0,0,0,0,0,0,0,0,0,0,0,0,4.99,3.70,40.29,49.75,0.00,3.68,210.92,1
2025-01-14,06:16:01,0,0,0,0,0,0,1,6,4,3,0,0,0,0,0,0,0,0,0,0,0,0,0,0,4.99,3.70,40.24,49.58,0.01,4.05,48.91,1
2025-01-14,06:16:11,0,0,0,0,0,0,0,2,5,0,0,0,0,0,0,0,0,0,0,0,0,0,0,0,4.99,3.70,40.24,49.54,0.00,2.06,23.08,1
2025-01-14,06:16:21,0,0,0,0,0,0,0,5,3,10,1,2,0,0,0,0,0,0,0,0,0,0,0,0,4.99,3.70,40.23,49.83,0.00,4.10,137.04,1
2025-01-14,06:16:31,0,0,0,0,0,0,1,5,4,0,0,0,0,0,0,0,0,0,0,0,0,0,0,0,4.99,3.70,40.21,49.75,0.01,3.26,25.41,1
2025-01-14,06:16:42,0,0,0,0,0,0,2,2,0,0,0,0,0,0,0,0,0,0,0,0,0,0,0,0,4.99,3.70,40.20,49.69,0.01,1.45,5.22,1
2025-01-14,06:16:52,1,1,0,0,0,0,1,1,0,0,0,0,0,0,0,0,0,0,0,0,0,0,0,0,4.99,3.70,40.21,49.80,0.02,0.74,2.62,1
2025-01-14,06:17:02,0,0,0,0,0,0,1,7,4,5,4,0,0,0,0,0,0,0,0,0,0,0,0,0,4.99,3.70,40.17,49.79,0.01,4.91,111.33,1
2025-01-14,06:17:12,0,0,0,0,0,0,0,0,6,9,5,1,0,0,0,0,0,0,0,0,0,0,0,0,4.99,3.70,40.19,49.89,0.00,3.12,162.38,1
2025-01-14,06:17:22,0,0,0,0,0,0,0,0,4,0,0,0,0,0,0,0,0,0,0,0,0,0,0,0,4.99,3.70,40.17,49.81,0.00,1.06,15.58,1
2025-01-14,06:17:32,0,0,0,0,0,0,2,8,8,4,0,0,0,0,0,0,0,0,0,0,0,0,0,0,4.99,3.70,40.13,49.74,0.01,6.34,76.14,1
2025-01-14,06:17:42,0,0,0,0,0,0,2,3,4,8,0,0,0,0,0,0,0,0,0,0,0,0,0,0,4.99,3.70,40.14,49.98,0.01,4.00,80.46,1
2025-01-14,06:17:52,0,0,0,0,0,0,0,1,3,0,0,0,0,0,0,0,0,0,0,0,0,0,0,0,4.99,3.70,40.13,50.08,0.00,1.16,13.49,1
2025-01-14,06:18:02,0,0,0,0,0,0,1,5,1,0,2,2,0,0,0,0,0,0,0,0,0,0,0,0,4.99,3.70,40.11,49.94,0.01,2.57,69.28,1
2025-01-14,06:18:12,0,0,0,0,0,0,1,6,1,0,0,0,0,0,0,0,0,0,0,0,0,0,0,0,4.99,3.70,40.10,50.18,0.01,2.84,15.53,1
2025-01-14,06:18:22,0,0,0,0,0,0,2,5,1,0,0,0,0,0,0,0,0,0,0,0,0,0,0,0,4.99,3.70,40.09,50.17,0.01,2.82,14.54,1
2025-01-14,06:18:32,0,0,0,0,0,0,0,3,8,0,0,0,0,0,0,0,0,0,0,0,0,0,0,0,4.99,3.70,40.07,50.19,0.00,3.22,36.57,1
2025-01-14,06:18:42,0,0,0,0,0,0,1,0,0,0,0,0,0,0,0,0,0,0,0,0,0,0,0,0,4.99,3.70,40.07,50.43,0.01,0.36,0.81,1
2025-01-14,06:18:52,0,0,0,0,0,0,7,1,6,3,0,0,0,0,0,0,0,0,0,0,0,0,0,0,4.99,3.70,40.06,50.56,0.04,4.87,52.51,1
2025-01-14,06:19:02,0,0,0,0,0,0,1,2,5,1,1,0,0,0,0,0,0,0,0,0,0,0,0,0,4.99,3.70,40.04,50.61,0.01,2.61,42.66,1
2025-01-14,06:19:12,0,0,0,0,0,0,1,0,3,1,0,0,0,0,0,0,0,0,0,0,0,0,0,0,4.99,3.70,40.03,50.75,0.01,1.29,19.72,1
2025-01-14,06:19:22,0,0,0,0,0,0,2,3,5,0,0,0,0,0,0,0,0,0,0,0,0,0,0,0,4.99,3.70,40.06,50.92,0.01,3.14,26.50,1
2025-01-14,06:19:32,0,0,0,0,0,0,0,5,5,0,0,0,0,0,0,0,0,0,0,0,0,0,0,0,4.99,3.70,40.03,50.77,0.00,3.17,28.50,1
2025-01-14,06:19:42,0,0,0,0,0,0,2,0,0,0,0,0,0,0,0,0,0,0,0,0,0,0,0,0,4.99,3.70,40.04,50.84,0.01,0.71,1.61,1
2025-01-14,06:19:52,0,0,0,0,0,0,0,3,0,0,0,0,0,0,0,0,0,0,0,0,0,0,0,0,5.00,3.70,40.00,50.96,0.00,1.11,5.41,1
2025-01-14,06:20:02,0,0,0,0,0,0,1,3,2,0,0,0,0,0,0,0,0,0,0,0,0,0,0,0,4.99,3.70,40.02,51.05,0.01,1.99,14.01,1
2025-01-14,06:20:12,0,0,0,0,0,0,0,0,0,0,0,0,0,0,0,0,0,0,0,0,0,0,0,0,4.99,3.70,39.99,50.87,0.00,0.00,0.00,1
2025-01-14,06:20:22,0,0,0,0,0,0,0,1,0,0,0,0,0,0,0,0,0,0,0,0,0,0,0,0,4.99,3.70,40.00,51.02,0.00,0.37,1.81,1
2025-01-14,06:20:32,0,0,0,0,0,0,1,1,4,2,0,0,0,0,0,0,0,0,0,0,0,0,0,0,4.99,3.70,39.99,51.20,0.01,2.06,32.65,1
2025-01-14,06:20:42,0,0,0,0,0,0,0,2,3,0,0,0,0,0,0,0,0,0,0,0,0,0,0,0,4.99,3.70,40.00,51.22,0.00,1.53,15.29,1
2025-01-14,06:20:52,0,0,0,0,0,0,0,2,4,0,0,0,0,0,0,0,0,0,0,0,0,0,0,0,4.99,3.70,40.00,51.55,0.00,1.79,19.19,1
2025-01-14,06:21:02,0,0,0,0,0,0,1,0,1,0,0,0,0,0,0,0,0,0,0,0,0,0,0,0,5.00,3.70,40.00,51.59,0.01,0.62,4.69,1
2025-01-14,06:21:12,0,0,0,0,0,0,0,0,2,1,0,0,0,0,0,0,0,0,0,0,0,0,0,0,4.99,3.70,40.00,51.14,0.00,0.67,15.02,1
2025-01-14,06:21:22,0,0,0,1,0,0,2,3,2,4,0,0,0,0,0,0,0,0,0,0,0,0,0,0,4.99,3.70,40.02,51.10,0.04,2.98,43.82,1
2025-01-14,06:21:32,0,0,0,0,0,0,0,0,1,3,6,0,0,0,0,0,0,0,0,0,0,0,0,0,4.99,3.70,40.02,51.06,0.00,1.01,94.81,1
2025-01-14,06:21:42,0,0,0,0,0,0,0,6,9,15,2,0,0,0,0,0,0,0,0,0,0,0,0,0,4.99,3.70,40.00,51.12,0.00,6.81,177.44,1
2025-01-14,06:21:52,0,0,0,0,0,0,0,4,5,9,7,1,0,0,0,0,0,0,0,0,0,0,0,0,4.99,3.70,39.99,50.98,0.00,4.44,188.78,1
2025-01-14,06:22:02,0,0,0,0,0,0,0,2,11,6,0,0,0,0,0,0,0,0,0,0,0,0,0,0,4.99,3.70,39.97,50.90,0.00,4.49,89.84,1
2025-01-14,06:22:12,0,0,0,0,0,0,0,0,3,10,4,2,0,0,0,0,0,0,0,0,0,0,0,0,4.99,3.70,39.97,50.58,0.00,2.41,162.63,1
2025-01-14,06:22:22,0,0,0,0,0,0,0,1,1,7,5,0,1,0,0,0,0,0,0,0,0,0,0,0,4.99,3.70,39.99,50.75,0.00,1.88,133.19,1
2025-01-14,06:22:32,0,0,0,0,0,0,1,3,1,4,0,0,0,0,0,0,0,0,0,0,0,0,0,0,4.99,3.70,39.97,50.49,0.01,2.29,39.05,1
2025-01-14,06:22:42,0,0,0,0,0,0,0,3,2,2,1,0,0,0,0,0,0,0,0,0,0,0,0,0,4.99,3.70,39.97,50.43,0.00,1.97,39.21,1
2025-01-14,06:22:52,0,0,0,0,0,0,4,4,4,0,0,0,0,0,0,0,0,0,0,0,0,0,0,0,4.99,3.70,39.97,50.67,0.02,3.96,26.02,1
2025-01-14,06:23:02,0,0,0,0,0,0,2,5,0,1,0,0,0,0,0,0,0,0,0,0,0,0,0,0,4.99,3.70,39.96,50.71,0.01,2.70,17.87,1
2025-01-14,06:23:12,0,0,0,0,0,0,0,0,1,0,0,0,0,0,0,0,0,0,0,0,0,0,0,0,4.99,3.70,39.97,51.07,0.00,0.26,3.89,1
2025-01-14,06:23:22,0,0,0,0,0,0,0,0,0,0,0,0,0,0,0,0,0,0,0,0,0,0,0,0,5.00,3.70,39.96,51.05,0.00,0.00,0.00,1
2025-01-14,06:23:32,0,0,0,0,0,0,1,0,1,1,0,0,0,0,0,0,0,0,0,0,0,0,0,0,4.99,3.70,39.95,51.08,0.01,0.76,11.93,1
2025-01-14,06:23:42,0,0,0,0,0,0,2,1,2,0,0,0,0,0,0,0,0,0,0,0,0,0,0,0,4.99,3.70,39.99,51.02,0.01,1.61,11.21,1
2025-01-14,06:23:52,0,0,0,0,0,0,0,1,0,0,0,0,0,0,0,0,0,0,0,0,0,0,0,0,4.99,3.70,39.97,51.10,0.00,0.37,1.81,1
2025-01-14,06:24:02,0,0,0,0,0,0,0,0,1,0,0,0,0,0,0,0,0,0,0,0,0,0,0,0,4.99,3.70,39.96,51.02,0.00,0.26,3.89,1
2025-01-14,06:24:12,0,0,0,0,0,0,0,2,7,0,0,0,0,0,0,0,0,0,0,0,0,0,0,0,4.99,3.70,39.96,50.94,0.00,2.59,30.87,1
2025-01-14,06:24:22,0,0,0,0,0,0,2,3,1,1,0,0,0,0,0,0,0,0,0,0,0,0,0,0,4.99,3.70,39.95,50.97,0.01,2.23,18.16,1
2025-01-14,06:24:32,0,0,0,0,0,0,0,6,3,9,0,0,0,0,0,0,0,0,0,0,0,0,0,0,4.99,3.70,39.96,51.02,0.00,4.27,87.61,1
2025-01-14,06:24:42,0,0,0,0,0,0,0,1,8,7,7,7,0,0,0,0,0,0,0,0,0,0,0,0,4.99,3.70,39.96,50.78,0.00,3.84,278.01,1
2025-01-14,06:24:52,0,0,0,0,0,0,0,3,4,7,3,1,1,0,0,0,1,0,0,0,0,0,0,0,4.99,3.70,39.97,50.53,0.00,3.31,153.53,1
2025-01-14,06:25:02,0,0,0,0,0,0,1,4,4,6,2,1,0,0,0,0,0,0,0,0,0,0,0,0,4.99,3.70,39.95,50.40,0.01,3.84,106.31,1
2025-01-14,06:25:12,0,0,0,0,0,0,1,3,12,6,0,0,0,0,0,0,0,0,0,0,0,0,0,0,4.99,3.70,39.96,50.17,0.01,5.48,96.35,1
2025-01-14,06:25:22,0,0,0,0,0,0,0,2,0,0,0,0,0,0,0,0,0,0,0,0,0,0,0,0,4.99,3.70,39.97,50.18,0.00,0.74,3.61,1
2025-01-14,06:25:32,0,0,0,0,0,0,0,0,0,0,0,0,0,0,0,0,0,0,0,0,0,0,0,0,4.99,3.70,39.93,50.45,0.00,0.00,0.00,1
2025-01-14,06:25:43,0,0,0,0,0,0,0,0,3,2,0,0,0,0,0,0,0,0,0,0,0,0,0,0,4.99,3.70,39.93,50.57,0.00,1.07,26.15,1
2025-01-14,06:25:53,0,0,0,0,0,0,1,1,0,0,0,0,0,0,0,0,0,0,0,0,0,0,0,0,4.99,3.70,39.96,50.67,0.01,0.73,2.61,1
2025-01-14,06:26:03,0,0,0,0,0,0,0,5,2,0,0,0,0,0,0,0,0,0,0,0,0,0,0,0,4.99,3.70,39.95,50.67,0.00,2.37,16.82,1
2025-01-14,06:26:13,0,0,0,0,0,0,0,4,1,0,0,0,0,0,0,0,0,0,0,0,0,0,0,0,4.99,3.70,39.95,50.61,0.00,1.74,11.12,1
2025-01-14,06:26:23,0,0,0,0,0,0,0,0,0,0,0,0,0,0,0,0,0,0,0,0,0,0,0,0,4.99,3.70,39.93,50.82,0.00,0.00,0.00,1
2025-01-14,06:26:33,0,0,0,0,0,0,0,0,1,2,0,0,0,0,0,0,0,0,0,0,0,0,0,0,4.99,3.70,39.92,50.94,0.00,0.55,18.36,1
2025-01-14,06:26:43,0,0,0,0,0,0,1,0,4,2,0,0,0,0,0,0,0,0,0,0,0,0,0,0,4.99,3.70,39.90,50.88,0.01,1.69,30.85,1
2025-01-14,06:26:53,0,0,0,0,0,0,0,2,2,0,0,0,0,0,0,0,0,0,0,0,0,0,0,0,4.99,3.70,39.92,50.77,0.00,1.27,11.40,1
2025-01-14,06:27:03,0,0,0,0,0,0,1,3,3,7,7,0,0,0,0,0,0,0,0,0,0,0,0,0,4.99,3.70,39.90,51.13,0.01,3.62,149.29,1
2025-01-14,06:27:13,0,0,0,0,0,0,0,0,3,0,0,0,0,0,0,0,0,0,0,0,0,0,0,0,4.99,3.70,39.92,51.09,0.00,0.79,11.68,1
2025-01-14,06:27:23,0,0,0,0,0,0,0,2,3,6,5,0,0,0,0,0,0,0,0,0,0,0,0,0,4.99,3.70,39.92,50.66,0.00,2.64,116.37,1
2025-01-14,06:27:33,0,0,0,0,0,0,0,3,2,1,8,1,0,0,0,0,0,0,0,0,0,0,0,0,4.99,3.70,39.93,50.45,0.00,2.20,128.97,1
2025-01-14,06:27:43,0,0,0,0,0,0,0,2,2,6,3,0,0,0,0,0,0,0,0,0,0,0,0,0,4.99,3.70,39.90,50.68,0.00,2.27,89.40,1
2025-01-14,06:27:53,0,0,0,0,0,0,1,3,1,2,0,0,0,0,0,0,0,0,0,0,0,0,0,0,4.99,3.70,39.90,50.66,0.01,2.01,24.58,1
2025-01-14,06:28:03,0,0,0,0,0,0,0,2,10,10,1,0,0,0,0,0,0,0,0,0,0,0,0,0,4.99,3.70,39.90,50.41,0.00,4.84,126.41,1
2025-01-14,06:28:13,0,0,0,0,0,0,0,0,3,3,22,5,0,0,0,0,0,0,0,0,0,0,0,0,4.99,3.70,39.93,50.36,0.00,2.39,368.38,1
2025-01-14,06:28:23,0,0,0,0,0,0,1,2,4,0,0,0,0,0,0,0,0,0,0,0,0,0,0,0,4.99,3.70,39.90,50.42,0.01,2.15,19.99,1
2025-01-14,06:28:33,0,0,0,0,0,0,0,0,2,3,1,0,0,0,0,0,0,0,0,0,0,0,0,0,4.99,3.70,39.93,50.30,0.00,1.00,41.02,1
2025-01-14,06:28:43,0,0,0,0,0,0,0,3,5,2,0,0,0,0,0,0,0,0,0,0,0,0,0,0,4.99,3.70,39.90,50.29,0.00,2.71,39.35,1
2025-01-14,06:28:53,0,0,0,0,0,0,3,0,5,9,2,1,0,0,0,0,0,0,0,0,0,0,0,0,4.99,3.70,39.92,50.45,0.02,3.76,126.29,1
2025-01-14,06:29:03,0,0,0,0,0,0,1,2,4,17,11,1,0,1,0,1,0,0,0,0,0,0,0,0,5.00,3.70,39.92,50.58,0.01,5.12,319.49,1
2025-01-14,06:29:13,0,0,0,0,0,0,0,4,5,8,6,1,0,0,0,0,0,0,0,0,0,0,0,0,4.99,3.70,39.92,50.39,0.00,4.24,170.01,1
2025-01-14,06:29:23,0,0,0,0,0,0,0,2,3,13,10,4,0,0,0,0,0,0,0,0,0,0,0,0,4.99,3.70,39.90,50.36,0.00,3.89,289.63,1
2025-01-14,06:29:33,0,0,0,0,0,0,0,6,7,4,0,0,0,0,0,0,0,0,0,0,0,0,0,0,4.99,3.70,39.93,50.38,0.00,4.63,67.02,1
2025-01-14,06:29:43,0,0,0,0,0,0,0,6,8,5,0,0,0,0,0,0,0,0,0,0,0,0,0,0,4.99,3.70,39.92,50.39,0.00,5.03,78.15,1
2025-01-14,06:29:53,0,0,0,0,0,0,0,1,8,17,1,0,0,0,0,0,0,0,0,0,0,0,0,0,4.99,3.70,39.93,50.55,0.00,4.92,167.44,1
2025-01-14,06:30:03,0,0,0,0,0,0,0,3,3,0,0,0,0,0,0,0,0,0,0,0,0,0,0,0,4.99,3.70,39.90,50.59,0.00,1.90,17.10,1
2025-01-14,06:30:13,0,0,0,0,0,0,0,1,2,2,0,0,0,0,0,0,0,0,0,0,0,0,0,0,4.99,3.70,39.90,50.59,0.00,1.18,24.06,1
2025-01-14,06:30:23,0,0,0,0,0,0,0,0,0,0,0,0,0,0,0,0,0,0,0,0,0,0,0,0,4.99,3.70,39.90,50.29,0.00,0.00,0.00,1
2025-01-14,06:30:33,0,0,0,0,0,0,1,3,1,2,0,0,0,0,0,0,0,0,0,0,0,0,0,0,5.00,3.70,39.90,50.46,0.01,2.01,24.53,1
2025-01-14,06:30:43,0,0,0,0,0,0,0,2,9,2,0,0,0,0,0,0,0,0,0,0,0,0,0,0,4.99,3.70,39.90,50.65,0.00,3.40,53.12,1
2025-01-14,06:30:53,0,0,0,0,0,0,0,2,4,10,14,8,0,0,0,0,0,1,1,0,0,0,0,0,4.99,3.70,39.89,50.80,0.00,3.95,398.10,1
2025-01-14,06:31:03,0,0,0,0,0,0,0,2,1,23,19,11,1,0,0,0,0,0,0,0,0,0,0,0,4.99,3.70,39.90,50.86,0.00,5.25,590.84,1
2025-01-14,06:31:13,6,3,3,0,2,6,3,4,13,4,0,0,0,0,0,0,0,0,0,0,0,0,0,0,4.99,3.70,39.89,50.53,0.25,8.44,91.74,1
2025-01-14,06:31:23,0,0,0,0,0,0,0,0,0,0,0,0,0,0,0,0,0,0,0,0,0,0,0,0,4.99,3.70,39.89,50.42,0.00,0.00,0.00,1
2025-01-14,06:31:33,1,0,0,0,1,1,1,0,3,4,1,0,0,0,0,0,0,0,0,0,0,0,0,0,4.99,3.70,39.89,50.45,0.05,2.15,53.46,1
2025-01-14,06:31:43,0,0,0,0,0,0,0,0,4,12,4,2,0,0,0,0,0,0,0,0,0,0,0,0,4.99,3.70,39.89,50.76,0.00,2.96,180.99,1
2025-01-14,06:31:53,0,0,0,0,0,0,0,2,8,6,9,0,0,0,0,0,0,0,0,0,0,0,0,0,4.99,3.70,39.89,50.61,0.00,4.18,181.99,1
2025-01-14,06:32:03,0,0,0,0,0,0,0,6,2,2,0,0,0,0,0,0,0,0,0,0,0,0,0,0,4.99,3.70,39.89,50.61,0.00,3.02,33.09,1
2025-01-14,06:32:13,0,0,0,0,0,0,0,2,3,1,0,0,0,0,0,0,0,0,0,0,0,0,0,0,4.99,3.70,39.86,50.69,0.00,1.67,22.53,1
2025-01-14,06:32:23,0,0,0,0,0,0,0,3,7,4,1,0,0,0,0,0,0,0,0,0,0,0,0,0,4.99,3.70,39.87,50.73,0.00,3.57,73.14,1
2025-01-14,06:32:33,0,0,0,0,0,0,1,3,1,0,0,0,0,0,0,0,0,0,0,0,0,0,0,0,4.99,3.70,39.89,50.70,0.01,1.73,10.12,1
2025-01-14,06:32:43,0,0,0,0,0,0,3,2,2,0,2,0,0,0,0,0,0,0,0,0,0,0,0,0,4.99,3.70,39.87,50.85,0.02,2.44,36.89,1
2025-01-14,06:32:53,0,0,0,0,0,0,1,1,0,0,0,0,0,0,0,0,0,0,0,0,0,0,0,0,4.99,3.70,39.86,50.80,0.01,0.73,2.61,1
2025-01-14,06:33:03,8,9,7,1,3,1,4,2,4,10,5,0,0,0,0,0,0,0,0,0,0,0,0,0,4.99,5.60,39.86,50.88,0.23,3.90,101.47,1
2025-01-14,06:33:13,0,0,0,0,0,0,1,1,4,10,7,16,0,0,0,0,0,0,0,0,0,0,0,0,4.99,5.60,39.87,51.15,0.00,2.35,284.81,1
2025-01-14,06:33:23,0,0,0,0,0,0,0,1,8,17,1,6,1,1,0,0,0,0,0,0,0,0,0,0,4.99,5.60,39.87,51.01,0.00,3.25,200.45,1
2025-01-14,06:33:33,0,0,0,0,0,0,0,2,6,13,10,1,0,0,0,0,0,0,0,0,0,0,0,0,4.99,5.60,39.85,50.81,0.00,3.10,166.90,1
2025-01-14,06:33:43,0,0,0,0,0,0,0,2,3,3,0,0,0,0,0,0,0,0,0,0,0,0,0,0,4.99,5.60,39.86,50.73,0.00,1.29,24.44,1
2025-01-14,06:33:53,0,0,0,0,0,0,0,0,4,5,1,0,0,0,0,0,0,0,0,0,0,0,0,0,4.99,5.60,39.85,50.74,0.00,1.20,41.81,1
2025-01-14,06:34:03,0,0,0,0,0,0,1,1,4,6,18,8,0,0,0,0,0,0,0,0,0,0,0,0,4.99,5.60,39.85,50.88,0.00,2.37,263.72,1
2025-01-14,06:34:13,0,0,0,0,0,0,2,1,1,8,7,4,0,0,0,0,0,0,0,0,0,0,0,0,4.99,5.60,39.85,50.77,0.01,1.88,139.33,1
2025-01-14,06:34:23,0,0,0,0,0,0,0,4,7,10,18,6,1,0,0,0,0,0,1,1,0,0,0,0,4.99,5.60,39.83,50.69,0.00,3.76,291.13,1
2025-01-14,06:34:33,0,0,0,0,0,0,1,0,7,20,12,13,0,0,0,0,1,0,0,0,0,0,0,0,4.99,5.60,39.85,50.38,0.00,3.74,352.90,1
2025-01-14,06:34:44,0,0,0,0,0,0,0,0,5,6,7,0,0,0,0,0,1,0,0,0,0,0,0,0,4.99,5.60,39.83,50.24,0.00,1.68,102.74,1
2025-01-14,06:34:54,0,0,0,0,0,0,0,4,8,15,10,1,0,0,0,0,0,0,0,0,0,0,0,0,4.99,5.60,39.83,50.11,0.00,4.12,183.99,1
2025-01-14,06:35:04,0,0,0,0,0,0,1,2,1,4,1,0,0,0,0,0,0,0,0,0,0,0,0,0,4.99,5.60,39.79,50.24,0.00,1.30,32.23,1
2025-01-14,06:35:14,0,0,0,0,0,0,1,2,4,0,0,0,0,0,0,0,0,0,0,0,0,0,0,0,4.99,5.60,39.79,50.37,0.00,1.42,13.21,1
2025-01-14,06:35:24,2,0,1,0,0,2,1,4,11,9,4,0,0,0,0,0,0,0,0,0,0,0,0,0,4.99,5.60,39.79,50.38,0.04,4.46,107.59,1
2025-01-14,06:35:34,0,0,0,0,0,0,2,2,1,4,1,0,0,0,0,0,0,0,0,0,0,0,0,0,4.99,5.60,39.79,50.55,0.01,1.54,32.76,1
2025-01-14,06:35:44,0,0,0,0,0,0,1,1,5,9,3,4,0,0,0,0,0,0,0,0,0,0,0,0,4.99,5.60,39.79,50.69,0.00,2.29,123.38,1
2025-01-14,06:35:54,0,0,0,0,0,0,0,2,4,9,9,1,0,0,0,0,0,0,0,0,0,0,0,0,4.99,5.60,39.79,50.79,0.00,2.34,135.02,1
2025-01-14,06:36:04,0,0,0,0,0,0,0,3,6,6,0,0,0,0,0,0,0,0,0,0,0,0,0,0,4.99,5.60,39.76,50.71,0.00,2.34,47.69,1
2025-01-14,06:36:14,0,0,0,0,0,0,0,2,1,0,0,0,0,0,0,0,0,0,0,0,0,0,0,0,4.99,5.60,39.79,50.60,0.00,0.66,4.96,1
2025-01-14,06:36:24,0,0,0,0,0,0,0,0,2,1,2,0,0,0,0,0,0,0,0,0,0,0,0,0,4.99,5.60,39.76,50.57,0.00,0.51,25.17,1
2025-01-14,06:36:34,0,0,0,0,0,0,2,4,5,4,2,0,0,0,0,0,0,0,0,0,0,0,0,0,4.99,5.60,39.73,50.53,0.01,2.76,53.06,1
2025-01-14,06:36:44,0,0,0,0,0,0,1,0,1,1,1,0,0,0,0,0,0,0,0,0,0,0,0,0,4.99,5.60,39.72,50.75,0.00,0.54,15.51,1
2025-01-14,06:36:54,0,0,0,0,0,0,0,0,0,0,0,0,0,0,0,0,0,0,0,0,0,0,0,0,4.99,5.60,39.75,50.84,0.00,0.00,0.00,1
2025-01-14,06:37:04,1,1,2,5,1,7,0,3,2,0,0,0,0,0,0,0,0,0,0,0,0,0,0,0,4.99,4.87,39.72,50.97,0.23,2.98,12.33,1
2025-01-14,06:37:14,0,0,0,0,0,0,0,4,8,6,5,0,0,0,0,0,0,0,0,0,0,0,0,0,4.99,4.87,39.75,50.97,0.00,3.57,105.95,1
2025-01-14,06:37:24,0,0,0,0,0,0,0,2,2,4,2,0,0,0,0,0,0,0,0,0,0,0,0,0,4.99,4.87,39.72,51.08,0.00,1.47,48.17,1
2025-01-14,06:37:34,0,0,0,0,0,1,2,4,2,1,2,0,0,0,0,0,0,0,0,0,0,0,0,0,4.99,4.87,39.72,51.26,0.02,2.44,35.92,1
2025-01-14,06:37:44,0,0,0,0,0,0,0,1,2,2,2,0,0,0,0,0,0,0,0,0,0,0,0,0,4.99,4.87,39.73,51.23,0.00,0.98,35.81,1
2025-01-14,06:37:54,0,0,0,0,0,0,1,2,2,6,8,0,0,0,0,0,0,0,0,0,0,0,0,0,4.99,4.87,39.75,51.15,0.00,2.20,112.36,1
2025-01-14,06:38:04,0,0,0,0,0,0,1,1,4,4,17,12,0,0,1,1,0,0,0,0,0,0,0,0,4.99,4.87,39.72,51.15,0.00,2.47,357.34,1
2025-01-14,06:38:14,0,0,0,0,0,0,0,0,3,13,3,0,0,0,0,0,0,0,0,0,0,0,0,0,4.99,4.87,39.70,51.08,0.00,2.11,106.60,1
2025-01-14,06:38:24,0,0,0,0,0,0,0,2,4,20,10,0,0,0,0,0,0,0,0,0,0,0,0,0,4.99,4.87,39.72,51.01,0.00,3.91,212.12,1
2025-01-14,06:38:34,0,0,0,0,0,0,0,0,4,3,10,1,0,0,0,0,0,0,0,0,0,0,0,0,4.99,4.87,39.70,50.98,0.00,1.53,128.31,1
2025-01-14,06:38:44,0,0,0,0,0,0,2,3,7,4,3,0,0,0,0,0,0,0,0,0,0,0,0,0,4.99,4.87,39.72,51.00,0.01,3.34,74.33,1
2025-01-14,06:38:54,0,0,0,0,0,0,0,1,9,12,21,13,0,1,0,0,1,0,0,0,0,0,0,0,4.99,4.87,39.69,50.92,0.00,4.22,462.09,1
2025-01-14,06:39:04,0,0,0,0,0,0,2,2,2,0,7,0,0,0,0,0,0,0,0,0,0,0,0,0,4.99,4.87,39.69,50.79,0.01,1.79,71.24,1
2025-01-14,06:39:14,0,0,0,0,0,0,0,0,4,4,0,0,0,0,0,0,0,0,0,0,0,0,0,0,4.99,4.87,39.70,50.83,0.00,1.23,33.81,1
2025-01-14,06:39:24,0,0,0,0,0,0,0,2,0,0,0,0,0,0,0,0,0,0,0,0,0,0,0,0,4.99,4.87,39.69,51.02,0.00,0.56,2.74,1
2025-01-14,06:39:34,0,0,0,0,0,0,0,2,1,9,0,0,1,0,0,0,0,0,0,0,0,0,0,0,4.99,4.87,39.70,51.14,0.00,1.72,69.73,1
2025-01-14,06:39:44,0,0,0,0,0,0,0,1,3,5,9,1,0,0,0,0,0,0,0,0,0,0,0,0,4.99,4.87,39.70,51.26,0.00,1.78,128.95,1
2025-01-14,06:39:54,0,0,0,0,0,0,0,0,1,1,0,0,0,0,0,0,0,0,0,0,0,0,0,0,4.99,4.87,39.70,51.19,0.00,0.31,8.45,1
2025-01-14,06:40:04,0,0,0,0,0,0,1,2,1,12,10,2,0,0,0,0,0,0,0,0,0,0,0,0,4.99,4.87,39.70,51.28,0.00,2.72,184.58,1
2025-01-14,06:40:14,0,0,0,0,0,0,2,5,2,5,5,2,0,0,0,0,0,0,0,0,0,0,0,0,4.99,4.87,39.69,51.28,0.01,3.08,109.97,1
2025-01-14,06:40:24,0,0,0,0,0,0,1,1,6,6,1,0,0,0,0,0,0,0,0,0,0,0,0,0,4.99,4.87,39.69,51.09,0.00,2.44,61.47,1
2025-01-14,06:40:34,0,0,0,0,0,0,0,2,6,10,5,10,0,0,0,0,0,0,0,0,0,0,0,0,4.99,4.87,39.72,51.16,0.00,3.04,242.63,1
2025-01-14,06:40:44,0,0,0,0,0,0,1,1,6,8,11,6,0,0,0,0,0,2,0,0,0,0,0,0,4.99,4.87,39.72,50.91,0.00,3.06,247.96,1
2025-01-14,06:40:54,0,0,0,0,0,0,0,0,7,13,14,16,0,0,0,0,0,0,0,0,0,0,0,0,4.99,4.87,39.72,50.80,0.00,3.36,412.24,1
2025-01-14,06:41:04,0,0,0,0,0,0,2,0,4,4,1,1,0,0,0,0,0,0,0,0,0,0,0,0,4.99,4.87,39.69,50.63,0.01,1.81,56.14,1
2025-01-14,06:41:14,0,0,0,0,0,0,0,2,6,7,1,2,0,0,0,0,0,0,0,0,0,0,0,0,4.99,4.87,39.69,50.54,0.00,2.55,92.40,1
2025-01-14,06:41:24,0,0,0,0,0,0,2,3,1,7,3,0,0,0,0,0,0,0,0,0,0,0,0,0,4.99,4.87,39.69,50.78,0.01,2.45,73.06,1
2025-01-14,06:41:34,0,0,0,0,0,0,2,4,6,7,5,0,0,0,0,0,0,0,0,0,0,0,0,0,4.99,4.87,39.69,50.87,0.01,3.82,106.75,1
2025-01-14,06:41:44,0,0,0,0,0,0,0,0,0,2,0,0,0,0,0,0,0,0,0,0,0,0,0,0,4.99,4.87,39.69,50.97,0.00,0.21,10.99,1
2025-01-14,06:41:54,0,0,0,0,0,0,0,3,3,5,7,1,0,0,0,0,0,0,0,0,0,0,0,0,4.99,4.87,39.70,50.92,0.00,2.26,114.16,1
2025-01-14,06:42:04,0,0,0,0,0,0,0,4,3,8,1,0,0,0,0,0,0,0,0,0,0,0,0,0,4.99,4.87,39.69,50.82,0.00,2.62,67.09,1
2025-01-14,06:42:14,0,0,0,0,0,0,1,1,7,0,2,0,0,0,0,0,0,0,0,0,0,0,0,0,5.03,4.87,39.69,50.93,0.00,2.02,39.91,1
2025-01-14,06:42:24,1,4,2,0,3,3,3,0,4,8,11,1,0,0,0,0,0,0,0,0,0,0,0,0,3.94,5.53,39.69,51.00,0.17,4.31,186.93,1
2025-01-14,06:42:34,0,0,0,0,0,0,2,1,1,7,4,0,0,0,0,0,0,0,0,0,0,0,0,0,4.99,5.53,39.70,51.09,0.01,1.70,69.64,1
2025-01-14,06:42:44,0,0,0,0,0,0,0,0,2,8,1,0,0,0,0,0,0,0,0,0,0,0,0,0,4.99,5.53,39.70,51.21,0.00,1.14,51.64,1
2025-01-14,06:42:54,0,0,0,0,0,0,0,4,3,14,14,3,0,0,0,0,0,0,0,0,0,0,0,0,4.99,5.53,39.70,51.12,0.00,3.34,221.05,1
2025-01-14,06:43:04,0,0,0,0,0,0,0,0,1,12,18,11,0,0,0,0,0,1,0,0,0,0,0,0,4.99,5.53,39.70,51.10,0.00,1.95,325.21,1
2025-01-14,06:43:14,0,0,0,0,0,0,0,2,8,12,15,4,0,0,0,1,1,0,0,0,0,0,0,0,4.99,5.53,39.70,51.08,0.00,3.57,258.36,1
2025-01-14,06:43:24,0,0,0,0,0,0,2,3,4,14,5,0,0,0,0,0,0,0,0,0,0,0,0,0,4.99,5.53,39.70,50.75,0.01,3.42,121.47,1
2025-01-14,06:43:34,0,0,0,0,0,0,0,1,4,6,11,8,0,0,0,0,0,0,1,0,0,0,0,0,4.99,5.53,39.67,50.71,0.00,1.91,216.55,1
2025-01-14,06:43:44,0,0,0,0,0,0,0,4,7,6,15,12,0,0,0,0,0,0,1,0,0,0,0,0,4.99,5.53,39.70,50.71,0.00,3.33,302.32,1
2025-01-14,06:43:54,0,0,0,0,0,0,3,0,4,7,6,0,0,0,0,0,0,0,0,0,0,0,0,0,4.99,5.53,39.67,50.69,0.01,2.30,92.23,1
2025-01-14,06:44:05,0,0,0,0,0,0,2,0,2,0,0,0,0,0,0,0,0,0,0,0,0,0,0,0,4.99,5.53,39.69,50.52,0.01,0.83,6.29,1
2025-01-14,06:44:15,0,0,0,0,0,0,0,0,5,0,0,0,0,0,0,0,0,0,0,0,0,0,0,0,4.99,5.53,39.70,50.66,0.00,0.88,13.03,1
2025-01-14,06:44:25,0,0,0,0,0,0,0,0,2,17,6,4,0,0,0,0,0,0,1,0,0,0,0,0,4.99,5.53,39.70,50.86,0.00,2.17,181.31,1
2025-01-14,06:44:35,0,0,0,0,0,0,0,0,6,5,18,18,0,0,0,0,0,0,0,0,0,0,0,0,4.99,5.53,39.69,51.07,0.00,2.17,374.33,1
2025-01-14,06:44:45,0,0,0,0,0,0,0,2,3,5,1,0,0,0,0,0,0,0,0,0,0,0,0,0,4.99,5.53,39.72,50.71,0.00,1.53,42.15,1
2025-01-14,06:44:55,0,0,0,0,0,0,0,1,0,1,0,0,0,0,0,0,0,0,0,0,0,0,0,0,4.99,5.53,39.69,50.70,0.00,0.34,6.05,1
2025-01-14,06:45:05,0,0,0,0,0,0,0,1,6,9,7,0,0,0,0,0,0,0,0,0,0,0,0,0,5.00,5.53,39.69,50.63,0.00,2.40,114.20,1
2025-01-14,06:45:15,0,0,0,0,0,0,1,1,1,1,1,0,0,0,0,0,0,0,0,0,0,0,0,0,4.99,5.53,39.69,50.75,0.00,0.79,16.91,1
2025-01-14,06:45:25,0,0,0,0,0,0,0,2,2,7,11,4,0,1,0,0,0,0,0,0,0,0,0,0,4.99,5.53,39.72,50.54,0.00,1.90,182.80,1
2025-01-14,06:45:35,0,0,0,0,0,0,0,3,3,4,2,0,0,0,0,0,0,0,0,0,0,0,0,0,4.99,5.53,39.69,50.39,0.00,1.72,46.23,1
2025-01-14,06:45:45,0,0,1,0,0,0,0,2,2,3,1,0,0,0,0,0,0,0,0,0,0,0,0,0,5.00,5.53,39.72,50.48,0.01,1.18,29.82,1
2025-01-14,06:45:55,0,0,0,0,0,0,0,3,3,8,10,0,0,0,0,0,0,0,0,0,0,0,0,0,4.99,5.53,39.73,50.70,0.00,2.38,127.34,1
2025-01-14,06:46:05,0,0,0,0,0,0,0,1,1,9,1,0,0,0,0,0,0,0,0,0,0,0,0,0,4.99,5.53,39.73,50.77,0.00,1.31,55.08,1
2025-01-14,06:46:15,1,0,0,0,0,0,1,0,2,0,0,0,0,0,0,0,0,0,0,0,0,0,0,0,4.99,5.53,39.72,50.65,0.01,0.59,5.75,1
2025-01-14,06:46:25,0,0,0,0,0,0,1,0,1,1,0,0,0,0,0,0,0,0,0,0,0,0,0,0,4.99,5.53,39.76,50.70,0.00,0.51,7.98,1
2025-01-14,06:46:35,0,0,0,0,0,0,1,1,0,1,1,0,0,0,0,0,0,0,0,0,0,0,0,0,4.99,5.53,39.75,50.52,0.00,0.62,14.31,1
2025-01-14,06:46:45,0,0,0,0,0,0,0,1,1,2,0,0,0,0,0,0,0,0,0,0,0,0,0,0,4.99,5.53,39.75,50.64,0.00,0.61,13.49,1
2025-01-14,06:46:55,0,0,0,0,0,0,4,1,1,0,0,0,0,0,0,0,0,0,0,0,0,0,0,0,4.99,5.53,39.76,50.90,0.02,1.38,5.97,1
2025-01-14,06:47:05,0,0,0,0,0,0,1,3,8,6,4,0,0,0,0,0,0,0,0,0,0,0,0,0,4.99,5.53,39.76,51.16,0.00,3.10,84.92,1
2025-01-14,06:47:15,2,1,1,0,3,3,3,3,6,8,8,8,0,0,0,0,0,0,0,0,0,0,0,0,4.99,5.53,39.79,51.20,0.11,4.36,209.29,1
2025-01-14,06:47:25,0,0,0,0,0,0,0,1,2,11,5,0,0,0,0,0,0,0,0,0,0,0,0,0,4.99,5.53,39.82,51.14,0.00,1.81,98.24,1
2025-01-14,06:47:35,0,0,0,0,0,0,1,4,0,0,0,0,0,0,0,0,0,0,0,0,0,0,0,0,4.99,5.53,39.82,50.79,0.00,1.23,5.37,1
2025-01-14,06:47:45,0,0,0,0,0,0,0,0,0,0,0,0,0,0,0,0,0,0,0,0,0,0,0,0,4.99,5.53,39.80,50.55,0.00,0.00,0.00,1
2025-01-14,06:47:55,0,0,0,0,0,0,0,8,6,2,1,0,0,0,0,0,0,0,0,0,0,0,0,0,4.99,5.53,39.82,50.35,0.00,3.26,42.69,1
2025-01-14,06:48:05,0,0,0,0,0,0,1,2,3,3,0,0,0,0,0,0,0,0,0,0,0,0,0,0,4.99,5.53,39.85,50.46,0.00,1.55,25.29,1
2025-01-14,06:48:15,0,0,0,0,0,0,0,2,2,0,0,0,0,0,0,0,0,0,0,0,0,0,0,0,4.99,5.53,39.85,50.62,0.00,0.85,7.63,1
2025-01-14,06:48:25,0,0,0,0,0,0,1,1,1,8,13,3,0,0,0,0,0,0,0,1,0,0,0,0,4.99,5.53,39.85,50.61,0.00,1.88,178.34,1
2025-01-14,06:48:35,0,0,0,0,0,0,0,1,2,17,3,1,0,0,0,0,0,0,0,0,0,0,0,0,4.99,5.53,39.86,50.80,0.00,2.31,122.70,1
2025-01-14,06:48:45,0,0,0,0,0,0,1,1,1,2,0,0,0,0,0,0,0,0,0,0,0,0,0,0,4.99,5.53,39.87,50.66,0.00,0.85,14.03,1
2025-01-14,06:48:55,0,0,0,0,0,0,2,2,3,2,0,0,0,0,0,0,0,0,0,0,0,0,0,0,4.99,5.53,39.87,50.41,0.01,1.69,20.99,1
2025-01-14,06:49:05,0,0,0,0,0,0,2,2,4,6,3,0,0,0,0,0,0,0,0,0,0,0,0,0,4.99,5.53,39.90,50.55,0.01,2.35,66.11,1
2025-01-14,06:49:15,0,0,0,0,0,0,0,1,4,9,1,2,0,0,0,0,0,0,0,0,0,0,0,0,4.99,5.53,39.90,50.86,0.00,1.84,84.63,1
2025-01-14,06:49:25,0,0,0,0,0,0,0,0,2,20,27,13,0,1,0,0,0,0,0,0,0,0,0,0,4.99,5.53,39.90,50.57,0.00,3.20,464.57,1
2025-01-14,06:49:35,0,0,0,0,0,0,0,1,4,8,12,6,0,0,0,0,0,0,0,0,0,0,0,0,4.99,5.53,39.90,50.52,0.00,2.14,208.16,1
2025-01-14,06:49:45,0,0,0,0,0,0,0,2,4,15,15,7,0,0,0,0,0,0,0,0,0,0,0,0,4.99,5.53,39.92,50.41,0.00,3.15,277.26,1
2025-01-14,06:49:55,0,0,0,0,0,0,0,0,2,10,2,2,0,0,0,0,0,0,0,0,0,0,0,0,4.99,5.53,39.93,50.12,0.00,1.37,90.77,1
2025-01-14,06:50:05,0,0,0,0,0,0,0,4,2,1,0,1,0,0,0,0,0,0,0,0,0,0,0,0,4.99,5.53,39.95,50.05,0.00,1.44,25.75,1
2025-01-14,06:50:15,0,0,0,0,0,0,0,1,6,2,0,1,0,0,0,0,0,0,0,0,0,0,0,0,4.99,5.53,39.93,49.94,0.00,1.50,37.38,1
2025-01-14,06:50:25,0,0,0,0,0,0,0,3,11,6,7,0,0,0,0,0,0,0,0,0,0,0,0,0,4.99,5.53,39.97,49.99,0.00,3.50,115.35,1
2025-01-14,06:50:35,0,0,0,0,0,0,0,2,10,9,3,0,0,0,0,0,0,0,0,0,0,0,0,0,4.99,5.53,39.96,50.02,0.00,3.22,95.18,1
2025-01-14,06:50:45,0,0,0,0,0,0,0,1,4,9,6,4,0,0,0,0,0,0,0,0,0,0,0,0,4.99,5.53,39.97,50.00,0.00,2.01,144.95,1
2025-01-14,06:50:55,0,0,0,0,0,0,0,2,4,13,15,5,0,0,0,0,0,0,0,0,0,0,0,0,4.99,5.53,39.96,49.83,0.00,2.96,245.85,1
2025-01-14,06:51:05,0,0,0,0,0,0,0,2,4,13,15,1,0,0,0,0,0,0,0,0,0,0,0,0,4.99,5.53,39.99,49.70,0.00,2.96,202.40,1
2025-01-14,06:51:15,0,0,0,0,0,0,1,0,4,10,6,6,0,0,0,0,0,0,0,0,0,0,0,0,4.99,5.53,39.99,49.77,0.00,2.10,170.85,1
2025-01-14,06:51:25,0,0,0,0,0,0,1,3,6,8,5,3,0,0,0,0,0,0,0,0,0,0,0,0,4.99,5.53,40.00,49.77,0.00,2.97,129.70,1
2025-01-14,06:51:35,0,0,0,0,0,0,0,1,7,4,9,1,0,0,0,0,0,0,0,0,0,0,0,0,4.99,5.53,40.02,49.58,0.00,2.18,119.14,1
2025-01-14,06:51:45,0,0,0,0,0,0,0,1,1,11,7,2,0,0,0,0,0,0,0,0,0,0,0,0,4.99,5.53,40.02,49.68,0.00,1.71,132.80,1
2025-01-14,06:51:55,0,0,0,0,0,0,0,3,8,5,11,6,0,0,1,0,0,0,0,0,0,0,0,0,4.99,5.53,40.02,49.63,0.00,3.02,210.49,1
2025-01-14,06:52:05,0,0,0,0,0,0,0,1,3,18,13,8,0,0,0,0,0,0,0,0,0,0,0,0,4.99,5.53,40.04,49.72,0.00,2.93,283.39,1
2025-01-14,06:52:15,0,0,0,0,0,0,2,5,11,6,4,0,0,0,0,0,0,0,0,0,0,0,0,0,4.99,5.53,40.04,49.56,0.01,4.36,95.69,1
2025-01-14,06:52:25,0,0,0,0,0,0,0,1,3,13,0,0,0,0,0,0,0,0,0,0,0,0,0,0,4.99,5.53,40.06,49.71,0.00,2.00,71.93,1
2025-01-14,06:52:35,0,0,0,0,0,0,1,2,1,0,2,1,0,0,0,0,0,0,0,0,0,0,0,0,4.99,5.53,40.07,49.79,0.00,0.98,31.86,1
2025-01-14,06:52:45,0,0,0,0,0,0,0,2,0,2,0,0,0,0,0,0,0,0,0,0,0,0,0,0,4.99,5.53,40.09,49.81,0.00,0.68,12.09,1
2025-01-14,06:52:55,0,0,0,0,0,0,2,4,6,3,1,0,0,0,0,0,0,0,0,0,0,0,0,0,4.99,5.53,40.07,49.64,0.01,2.84,43.78,1
2025-01-14,06:53:05,0,0,0,0,0,0,1,4,0,0,0,0,0,0,0,0,0,0,0,0,0,0,0,0,4.99,5.53,40.10,50.01,0.00,1.23,5.37,1
2025-01-14,06:53:16,0,0,0,0,0,0,1,1,0,6,9,3,0,0,0,0,0,0,0,0,0,0,0,0,4.99,5.53,40.11,50.18,0.00,1.37,132.85,1
2025-01-14,06:53:26,0,0,0,0,0,0,1,0,5,8,13,3,0,0,0,0,0,0,0,0,0,0,0,0,4.99,5.53,40.10,50.35,0.00,2.34,185.22,1
2025-01-14,06:53:36,0,0,0,0,0,0,0,3,6,7,12,5,1,0,0,0,1,0,0,0,0,0,0,0,4.99,5.53,40.11,50.16,0.00,2.89,220.86,1
2025-01-14,06:53:46,0,0,0,0,0,0,0,1,8,6,7,0,0,0,0,0,0,0,0,0,0,0,0,0,4.99,5.53,40.13,50.04,0.00,2.48,105.12,1
2025-01-14,06:53:56,0,0,0,0,0,0,0,2,3,2,3,3,1,0,0,0,0,0,0,0,0,0,0,0,4.99,5.53,40.16,49.90,0.00,1.32,88.50,1
2025-01-14,06:54:06,0,0,0,0,0,0,0,3,5,13,13,8,0,0,1,1,0,0,0,0,0,0,0,0,4.99,5.53,40.16,49.81,0.00,3.31,288.39,1
2025-01-14,06:54:16,0,0,0,0,3,2,1,1,3,3,0,0,0,0,0,0,0,0,0,0,0,0,0,0,4.99,5.53,40.17,49.78,0.07,1.90,24.86,1
2025-01-14,06:54:26,0,0,0,0,0,0,0,2,3,0,0,0,0,0,0,0,0,0,0,0,0,0,0,0,4.99,5.53,40.19,49.46,0.00,1.02,10.23,1
2025-01-14,06:54:36,0,0,0,0,0,0,1,2,2,3,3,1,0,0,0,0,0,0,0,0,0,0,0,0,4.99,5.53,40.21,49.45,0.00,1.48,56.71,1
2025-01-14,06:54:46,0,0,0,0,0,0,0,0,1,14,11,0,0,0,0,0,0,0,0,0,0,0,0,0,4.99,5.53,40.19,49.75,0.00,1.89,155.26,1
2025-01-14,06:54:56,0,0,0,0,0,0,1,1,7,10,3,1,0,0,0,0,0,0,0,0,0,0,0,0,4.99,5.53,40.21,50.02,0.00,2.77,102.40,1
2025-01-14,06:55:06,0,0,0,0,0,0,0,0,1,0,0,0,0,0,0,0,0,0,0,0,0,0,0,0,4.99,5.53,40.23,49.73,0.00,0.18,2.61,1
2025-01-14,06:55:16,0,0,0,0,0,0,1,3,4,11,0,0,0,0,0,0,0,0,0,0,0,0,0,0,4.99,5.53,40.24,49.38,0.00,2.72,67.81,1
2025-01-14,06:55:26,0,0,0,0,0,0,1,4,3,0,0,0,0,0,0,0,0,0,0,0,0,0,0,0,4.99,5.53,40.23,49.38,0.00,1.76,13.19,1
2025-01-14,06:55:36,0,0,0,0,0,0,1,3,9,2,0,0,0,0,0,0,0,0,0,0,0,0,0,0,4.99,5.53,40.24,49.58,0.00,2.76,37.29,1
2025-01-14,06:55:46,0,0,0,0,0,0,0,3,5,0,0,0,0,0,0,0,0,0,0,0,0,0,0,0,4.99,5.53,40.29,49.69,0.00,1.62,16.65,1
2025-01-14,06:55:56,0,0,0,0,0,0,1,3,5,0,2,0,0,0,0,0,0,0,0,0,0,0,0,0,4.99,5.53,40.29,49.75,0.00,1.94,32.63,1
2025-01-14,06:56:06,0,0,0,0,0,0,3,5,5,2,0,1,0,0,0,0,0,0,0,0,0,0,0,0,4.99,5.53,40.30,49.75,0.01,3.02,41.23,1
2025-01-14,06:56:16,0,0,0,0,0,0,0,3,5,0,0,0,0,0,0,0,0,0,0,0,0,0,0,0,4.99,5.53,40.33,50.02,0.00,1.62,16.65,1
2025-01-14,06:56:26,0,0,0,0,0,0,0,2,3,16,16,1,0,0,0,0,0,0,0,0,0,0,0,0,4.99,5.53,40.30,49.84,0.00,3.10,222.03,1
2025-01-14,06:56:36,0,0,0,0,0,0,1,4,3,9,3,1,0,0,0,0,0,0,0,0,0,0,0,0,4.99,5.53,40.34,49.56,0.00,2.71,90.76,1
2025-01-14,06:56:46,0,0,0,0,0,0,0,1,6,10,2,1,0,0,0,1,0,0,0,0,0,0,0,0,4.99,5.53,40.34,49.77,0.00,2.32,101.38,1
2025-01-14,06:56:56,6,2,1,0,2,3,1,7,2,12,0,0,0,0,0,0,0,0,0,0,0,0,0,0,4.99,5.53,40.36,49.41,0.10,4.17,73.22,1
2025-01-14,06:57:06,0,0,0,0,0,0,0,1,5,2,0,0,0,0,0,0,0,0,0,0,0,0,0,0,4.99,5.53,40.39,49.33,0.00,1.32,23.91,1
2025-01-14,06:57:16,0,0,0,0,0,0,0,7,12,3,0,0,0,0,0,0,0,0,0,0,0,0,0,0,4.99,5.53,40.39,49.61,0.00,4.13,54.24,1
2025-01-14,06:57:26,0,0,0,0,0,0,2,6,8,4,0,0,0,0,0,0,0,0,0,0,0,0,0,0,4.99,5.53,40.42,49.63,0.01,3.75,48.53,1
2025-01-14,06:57:36,0,0,0,0,0,0,1,2,3,4,2,0,0,0,0,0,0,0,0,0,0,0,0,0,4.99,5.53,40.42,49.73,0.00,1.71,45.57,1
2025-01-14,06:57:46,0,0,0,0,0,0,0,1,5,0,0,0,0,0,0,0,0,0,0,0,0,0,0,0,4.99,5.53,40.42,49.79,0.00,1.13,14.24,1
2025-01-14,06:57:56,0,0,0,0,0,0,1,2,2,1,1,0,0,0,0,0,0,0,0,0,0,0,0,0,4.99,5.53,40.46,49.61,0.00,1.22,20.72,1
2025-01-14,06:58:06,0,0,0,0,0,0,0,0,5,16,14,2,0,0,0,0,0,0,0,0,0,0,0,0,4.99,5.53,40.46,49.60,0.00,2.89,220.25,1
2025-01-14,06:58:16,0,0,0,0,0,0,2,4,6,19,16,11,1,0,0,0,0,0,0,0,0,0,0,0,4.99,5.53,40.47,49.42,0.01,4.89,369.33,1
2025-01-14,06:58:26,0,0,0,0,0,0,1,1,1,16,7,2,0,0,0,0,0,0,0,0,0,0,0,0,4.99,5.53,40.49,49.07,0.00,2.42,157.54,1
2025-01-14,06:58:36,0,0,0,0,0,0,0,0,6,19,7,0,0,0,0,0,0,0,0,0,0,0,0,0,4.99,5.53,40.51,48.87,0.00,3.10,161.61,1
2025-01-14,06:58:46,0,0,0,0,0,0,1,7,6,4,0,0,0,0,0,0,0,0,0,0,0,0,0,0,4.99,5.53,40.54,49.00,0.00,3.40,43.98,1
2025-01-14,06:58:56,12,5,3,0,2,3,3,5,6,3,2,0,0,0,0,0,0,0,0,0,0,0,0,0,4.99,6.70,40.55,48.82,0.13,3.43,44.79,1
2025-01-14,06:59:06,0,0,0,0,0,0,1,4,11,10,4,1,0,0,0,0,0,0,0,0,0,0,0,0,4.99,6.70,40.58,48.86,0.00,3.51,102.48,1
2025-01-14,06:59:16,0,0,0,0,0,0,1,1,9,2,4,0,0,0,0,0,0,0,0,0,0,0,0,0,4.99,6.70,40.60,48.92,0.00,1.99,54.27,1
2025-01-14,06:59:26,0,0,0,0,0,0,1,5,6,3,2,0,0,0,0,0,0,0,0,0,0,0,0,0,4.99,6.70,40.61,48.69,0.00,2.38,43.06,1
2025-01-14,06:59:36,0,0,0,0,0,0,0,1,3,9,1,0,0,0,0,0,0,0,0,0,0,0,0,0,4.99,6.70,40.64,49.00,0.00,1.37,49.76,1
2025-01-14,06:59:46,0,0,0,0,0,0,0,2,2,11,14,19,0,0,0,0,0,0,1,0,0,0,0,0,4.99,6.70,40.68,49.01,0.00,1.97,313.15,1
2025-01-14,06:59:56,6,1,1,0,0,4,2,1,6,7,4,0,0,0,0,0,0,0,0,0,0,0,0,0,4.99,6.70,40.68,48.53,0.06,2.72,69.04,1
2025-01-14,07:00:06,0,0,0,0,0,0,0,2,0,2,1,0,0,0,0,0,0,0,0,0,0,0,0,0,4.99,6.70,40.71,48.06,0.00,0.59,16.35,1
2025-01-14,07:00:16,1,0,0,0,0,0,2,1,2,4,0,0,0,0,0,0,0,0,0,0,0,0,0,0,4.99,6.70,40.71,48.14,0.01,1.20,22.17,1
2025-01-14,07:00:26,0,0,0,0,0,0,0,1,4,4,0,0,0,0,0,0,0,0,0,0,0,0,0,0,4.99,6.70,40.74,48.18,0.00,1.10,25.57,1
2025-01-14,07:00:36,0,0,0,0,0,0,0,4,0,2,0,0,0,0,0,0,0,0,0,0,0,0,0,0,4.99,6.70,40.76,48.40,0.00,0.97,11.98,1
2025-01-14,07:00:46,0,0,0,0,0,0,0,3,4,5,0,0,0,0,0,0,0,0,0,0,0,0,0,0,4.99,6.70,40.78,48.67,0.00,1.58,31.56,1
2025-01-14,07:00:56,0,0,0,0,0,0,1,3,4,3,1,1,0,0,0,0,0,0,0,0,0,0,0,0,4.99,6.70,40.84,49.00,0.00,1.65,39.36,1
2025-01-14,07:01:06,0,0,0,0,0,0,1,5,4,1,1,0,0,0,0,0,0,0,0,0,0,0,0,0,4.99,6.70,40.84,49.18,0.00,1.91,24.40,1
2025-01-14,07:01:16,0,0,0,0,0,0,4,6,4,2,0,0,0,0,0,0,0,0,0,0,0,0,0,0,4.99,6.70,40.90,49.30,0.01,2.75,24.35,1
2025-01-14,07:01:26,0,0,0,0,0,0,0,5,7,0,0,0,0,0,0,0,0,0,0,0,0,0,0,0,4.99,6.70,40.90,49.40,0.00,2.04,20.04,1
2025-01-14,07:01:36,0,0,0,0,0,0,1,2,14,14,6,8,0,0,0,0,0,0,0,0,0,0,0,0,4.99,6.70,40.93,48.89,0.00,3.91,198.42,1
2025-01-14,07:01:46,0,0,0,0,0,0,3,2,2,3,2,0,0,0,0,0,0,0,0,0,0,0,0,0,4.99,6.70,40.96,49.02,0.01,1.58,32.36,1
2025-01-14,07:01:56,0,0,0,0,0,0,0,6,10,3,2,0,0,0,0,0,0,0,0,0,0,0,0,0,4.99,6.70,41.01,48.70,0.00,2.97,52.21,1
2025-01-14,07:02:06,0,0,0,0,0,0,1,3,4,1,1,0,0,0,0,0,0,0,0,0,0,0,0,0,4.99,6.70,41.04,48.68,0.00,1.50,22.40,1
2025-01-14,07:02:16,0,0,0,0,0,1,2,0,1,3,2,0,0,0,0,0,0,0,0,0,0,0,0,0,4.99,6.70,41.05,48.58,0.02,0.97,27.96,1
2025-01-14,07:02:26,0,0,0,0,0,0,0,1,2,12,6,7,0,0,0,0,0,0,0,0,0,0,0,0,4.99,6.70,41.08,48.12,0.00,1.60,154.22,1
2025-01-14,07:02:37,0,0,0,0,0,0,0,2,3,7,4,0,0,0,0,0,0,0,0,0,0,0,0,0,4.99,6.70,41.14,48.10,0.00,1.51,61.89,1
2025-01-14,07:02:47,0,0,0,0,0,0,0,2,4,11,13,7,0,0,0,0,0,0,0,0,0,0,0,0,4.99,6.70,41.15,47.96,0.00,2.23,200.12,1
2025-01-14,07:02:57,0,0,0,0,0,0,0,3,8,2,4,4,0,0,0,0,0,0,0,0,0,0,0,0,4.99,6.70,41.18,47.60,0.00,2.05,89.54,1
2025-01-14,07:03:07,0,0,0,0,0,0,0,3,5,6,17,5,0,0,0,0,0,1,0,0,0,0,0,0,4.99,6.70,41.20,47.49,0.00,2.31,195.88,1
2025-01-14,07:03:17,0,0,0,0,0,0,0,3,10,9,6,5,0,0,0,0,0,0,0,0,0,0,0,0,4.99,6.70,41.24,47.53,0.00,2.95,143.50,1
2025-01-14,07:03:27,2,0,1,0,2,2,1,1,2,8,8,0,0,0,0,0,0,0,0,0,0,0,0,0,4.99,6.70,41.25,47.33,0.06,1.99,89.24,1
2025-01-14,07:03:37,0,0,0,0,0,0,0,4,5,0,1,0,0,0,0,0,0,0,0,0,0,0,0,0,4.99,6.70,41.28,47.30,0.00,1.57,21.11,1
2025-01-14,07:03:47,0,0,0,0,0,1,0,1,4,1,0,0,0,0,0,0,0,0,0,0,0,0,0,0,5.00,6.70,41.30,47.41,0.01,1.00,13.76,1
2025-01-14,07:03:57,0,0,0,0,0,0,1,4,5,7,1,0,0,0,0,0,0,0,0,0,0,0,0,0,4.99,6.70,41.30,47.57,0.00,2.31,49.51,1
2025-01-14,07:04:07,0,0,0,0,0,0,0,2,8,16,10,6,0,0,0,0,0,0,0,0,0,0,0,0,4.99,6.70,41.32,47.45,0.00,3.11,200.61,1
2025-01-14,07:04:17,0,0,0,0,0,0,0,2,10,12,7,0,0,0,0,0,0,0,0,0,0,0,0,0,4.99,6.70,41.32,47.54,0.00,3.00,116.02,1
2025-01-14,07:04:27,0,0,0,0,0,0,0,1,4,4,7,0,0,0,0,0,0,0,0,0,0,0,0,0,4.99,6.70,41.34,47.50,0.00,1.30,70.17,1
2025-01-14,07:04:37,0,0,0,0,0,0,1,2,8,23,30,1,0,0,0,0,0,0,0,0,0,0,0,0,4.99,6.70,41.37,47.33,0.00,4.44,311.61,1
2025-01-14,07:04:47,0,0,0,0,0,0,1,2,6,6,1,1,0,0,0,0,0,0,0,0,0,0,0,0,4.99,6.70,41.35,47.30,0.00,1.98,54.64,1
2025-01-14,07:04:57,0,0,0,0,0,0,0,5,11,5,2,1,0,0,0,0,0,0,0,0,0,0,0,0,4.99,6.70,41.41,47.12,0.00,3.07,70.32,1
2025-01-14,07:05:07,0,0,0,0,0,0,1,3,1,1,1,0,0,0,1,0,0,0,0,0,0,0,0,0,4.99,6.70,41.38,47.00,0.00,1.06,25.63,1
2025-01-14,07:05:17,0,0,0,0,0,0,0,1,3,11,5,2,0,0,0,0,0,0,0,0,0,0,0,0,4.99,6.70,41.44,47.06,0.00,1.64,101.17,1
2025-01-14,07:05:27,0,0,0,0,0,0,1,0,1,6,4,0,0,0,0,0,0,0,0,0,0,0,0,0,4.99,6.70,41.44,47.20,0.00,0.93,52.04,1
2025-01-14,07:05:37,0,0,0,0,0,0,0,6,4,8,0,0,0,0,0,0,0,0,0,0,0,0,0,0,4.99,6.70,41.44,47.34,0.00,2.43,46.54,1
2025-01-14,07:05:47,0,0,0,0,0,0,1,2,3,1,0,0,0,0,0,0,0,0,0,0,0,0,0,0,4.99,6.70,41.44,47.52,0.00,1.12,12.89,1
2025-01-14,07:05:57,0,0,0,0,0,0,2,6,1,1,0,0,0,0,0,0,0,0,0,0,0,0,0,0,4.99,6.70,41.45,47.75,0.01,1.84,13.02,1
2025-01-14,07:06:07,0,0,0,0,0,0,1,2,0,0,0,0,0,0,0,0,0,0,0,0,0,0,0,0,4.99,6.70,41.49,47.92,0.00,0.60,2.44,1
2025-01-14,07:06:17,0,0,0,1,0,0,0,1,0,3,0,0,0,0,0,0,0,0,0,0,0,0,0,0,4.99,6.70,41.52,47.91,0.01,0.47,13.02,1
2025-01-14,07:06:27,0,0,0,0,0,0,0,0,0,0,7,0,0,0,0,0,0,0,0,0,0,0,0,0,4.99,6.70,41.51,48.06,0.00,0.21,44.60,1
2025-01-14,07:06:37,0,0,0,0,0,0,1,0,9,7,1,0,0,0,0,0,0,0,0,0,0,0,0,0,4.99,6.70,41.52,48.24,0.00,2.08,54.13,1
2025-01-14,07:06:47,0,0,0,0,0,0,0,0,1,1,0,0,0,0,0,0,0,0,0,0,0,0,0,0,4.99,6.70,41.54,47.87,0.00,0.22,6.14,1
2025-01-14,07:06:57,0,0,0,0,0,0,0,3,4,1,0,0,0,0,0,0,0,0,0,0,0,0,0,0,4.99,6.70,41.58,47.37,0.00,1.27,15.59,1
2025-01-14,07:07:07,0,0,0,0,0,0,1,4,8,9,5,0,0,0,0,0,0,0,0,0,0,0,0,0,4.99,6.70,41.59,47.14,0.00,3.03,89.44,1
2025-01-14,07:07:17,0,0,0,0,0,0,0,1,5,7,5,0,0,0,0,0,0,0,0,0,0,0,0,0,4.99,6.70,41.59,47.19,0.00,1.62,71.56,1
2025-01-14,07:07:27,0,0,0,0,0,0,0,0,0,0,0,0,0,0,0,0,0,0,0,0,0,0,0,0,4.99,6.70,41.55,47.24,0.00,0.00,0.00,1
2025-01-14,07:07:37,0,0,0,0,0,0,1,2,1,0,0,0,0,0,0,0,0,0,0,0,0,0,0,0,4.99,6.70,41.58,47.19,0.00,0.75,4.59,1
2025-01-14,07:07:47,0,0,0,0,0,0,2,5,11,6,1,0,0,0,0,0,0,0,0,0,0,0,0,0,5.03,6.70,41.59,46.89,0.01,3.49,59.39,1
2025-01-14,07:07:57,0,0,0,0,0,0,0,3,0,0,0,0,0,0,0,0,0,0,0,0,0,0,0,0,3.94,6.70,41.61,47.03,0.00,0.77,3.79,1
2025-01-14,07:08:07,0,0,0,0,0,0,0,0,0,0,0,0,0,0,0,0,0,0,0,0,0,0,0,0,4.99,6.70,41.58,46.87,0.00,0.00,0.00,1
2025-01-14,07:08:17,0,0,0,0,0,0,0,2,1,4,1,0,0,0,0,0,0,0,0,0,0,0,0,0,4.99,6.70,41.64,46.96,0.00,0.89,26.49,1
2025-01-14,07:08:27,0,0,0,0,0,0,1,1,8,17,5,2,0,0,0,0,0,0,0,0,0,0,0,0,4.99,6.70,41.62,46.83,0.00,3.04,136.33,1
2025-01-14,07:08:37,0,0,0,0,0,0,1,3,9,4,0,0,0,0,0,0,0,0,0,0,0,0,0,0,4.99,6.70,41.64,46.96,0.00,2.43,38.77,1
2025-01-14,07:08:47,1,1,0,0,0,0,2,5,4,5,3,0,0,0,0,0,0,0,0,0,0,0,0,0,4.99,6.70,41.67,46.99,0.01,2.48,53.57,1
2025-01-14,07:08:57,0,0,0,0,0,0,1,0,0,0,0,0,0,0,0,0,0,0,0,0,0,0,0,0,4.99,6.70,41.65,47.26,0.00,0.20,0.45,1
2025-01-14,07:09:07,0,0,0,0,0,0,0,1,2,0,1,0,0,0,0,0,0,0,0,0,0,0,0,0,4.99,6.70,41.67,47.30,0.00,0.53,11.67,1
