date,time,SP(s),SFR(ml/s),T(C),RH(%),PM_A(ug/m^3),PM_B(ug/m^3),PM_C(ug/m^3)
2025-01-14,04:49:42,5.89,3.7,27.2,81.1,0,0.05,0
2025-01-14,04:49:52,4.99,3.7,27.58,81.71,0,0.01,0.01
2025-01-14,04:50:02,4.99,3.7,27.87,85.08,0,0,0.03
2025-01-14,04:50:12,4.99,3.7,28.11,85.67,0.08,0.74,242.11
2025-01-14,04:50:22,4.99,3.7,28.39,84.98,0,1.88,58.91
2025-01-14,04:50:32,4.99,3.7,28.62,83.83,0,1.69,20.46
2025-01-14,04:50:42,4.99,3.7,28.86,83.05,0.08,2.95,51.42
2025-01-14,04:50:52,4.99,3.7,29.06,82.26,0,0.06,27.75
2025-01-14,04:51:02,4.99,3.7,29.25,81.3,0,7.17,176.88
2025-01-14,04:51:13,4.99,3.7,29.44,80.55,0.01,5.17,108.16
2025-01-14,04:51:23,4.99,3.7,29.6,79.91,0.04,8.28,390.5
2025-01-14,04:51:33,4.99,3.7,29.76,79.26,0,2.28,153.38
2025-01-14,04:51:43,4.99,3.7,29.9,78.45,0.06,1.05,21.69
2025-01-14,04:51:53,4.99,3.7,30.04,77.65,0,1.11,23.74
2025-01-14,04:52:03,4.99,3.7,30.2,77.02,0.01,0.57,5.73
2025-01-14,04:52:13,4.99,3.7,30.3,76.43,0.05,3.72,45.59
2025-01-14,04:52:23,4.99,3.7,30.41,75.89,0,1.24,11.44
2025-01-14,04:52:33,4.99,3.7,30.55,75.43,0,8.21,208.05
2025-01-14,04:52:43,4.99,3.7,30.65,74.94,0.02,3.56,38.37
2025-01-14,04:52:53,4.99,3.7,30.72,74.53,0,2.86,59.05
2025-01-14,04:53:03,4.99,3.7,30.83,74.07,0.16,1.64,22.52
2025-01-14,04:53:13,4.99,3.7,30.95,73.68,0,1.86,16.09
2025-01-14,04:53:23,4.99,3.7,31,73.33,0,7.28,198.81
2025-01-14,04:53:33,4.99,3.7,31.1,73.07,0.01,4.44,76.85
2025-01-14,04:53:43,4.99,3.7,31.19,72.79,0,5.48,128.83
2025-01-14,04:53:53,4.99,3.7,31.26,72.54,0.03,4.85,85.83
2025-01-14,04:54:03,4.99,3.7,31.34,72.28,0.07,7.95,461.96
2025-01-14,04:54:13,4.99,3.7,31.42,72,0,3.82,1131.2
2025-01-14,04:54:23,4.99,3.7,31.47,71.84,0,1.99,1492.48
2025-01-14,04:54:33,4.99,3.7,31.54,71.71,0.04,2.19,1454.64
2025-01-14,04:54:43,4.99,3.7,31.62,71.57,0.01,2.61,1558.26
2025-01-14,04:54:53,4.99,3.7,31.67,71.33,0.05,4.19,1393.73
2025-01-14,04:55:03,4.99,3.7,31.73,71.11,0,7.09,428.92
2025-01-14,04:55:13,4.99,3.7,31.8,70.95,0,5.61,298.46
2025-01-14,04:55:23,4.99,3.7,31.86,70.8,0.02,3.53,135.79
2025-01-14,04:55:33,4.99,3.7,31.9,70.63,0,2.91,73.26
2025-01-14,04:55:43,4.99,3.7,31.96,70.46,0.03,2.84,282.52
2025-01-14,04:55:53,4.99,3.7,32.03,70.31,0.02,5.97,202.23
2025-01-14,04:56:03,4.99,3.7,32.09,70.12,0,3.14,31.06
2025-01-14,04:56:13,4.99,3.7,32.14,70,0.02,3.72,56.98
2025-01-14,04:56:23,4.99,3.7,32.2,69.91,0,6.21,42.12
2025-01-14,04:56:33,4.99,3.7,32.23,69.78,0.04,3.07,41.17
2025-01-14,04:56:43,4.99,3.7,32.27,69.64,0,5.49,100.53
2025-01-14,04:56:53,4.99,3.7,32.31,69.46,0,1.42,18.68
2025-01-14,04:57:03,4.99,3.7,32.38,69.29,0,1.7,40.09
2025-01-14,04:57:13,4.99,3.7,32.44,69.13,0.01,4.46,166.01
2025-01-14,04:57:23,4.99,3.7,32.45,68.94,0,3.94,158.8
2025-01-14,04:57:33,4.99,3.7,32.53,68.91,0,4.84,513.31
2025-01-14,04:57:43,4.99,3.7,32.55,68.82,0.05,4.8,250.94
2025-01-14,04:57:53,4.99,3.7,32.6,68.68,0.04,1.88,19.2
2025-01-14,04:58:03,4.99,3.7,32.63,68.55,0,5.29,64.33
2025-01-14,04:58:13,4.99,3.7,32.68,68.4,0.04,4.7,91.99
2025-01-14,04:58:23,4.99,3.7,32.68,68.22,0,5.9,129.33
2025-01-14,04:58:33,4.99,3.7,32.77,68.15,0,1.5,72.99
2025-01-14,04:58:43,4.99,3.7,32.81,68.1,0,2.78,255.29
2025-01-14,04:58:53,4.99,3.7,32.85,68.02,0,4.52,208.11
2025-01-14,04:59:03,4.99,3.7,32.89,68.03,0,6.8,305.4
2025-01-14,04:59:13,4.99,3.7,32.94,67.9,0,5.71,185.78
2025-01-14,04:59:23,4.99,3.7,32.99,67.84,0,2.75,56.58
2025-01-14,04:59:33,4.99,3.7,32.99,67.82,0,7.31,694.65
2025-01-14,04:59:43,4.99,3.7,33.07,67.8,0,4.28,309.96
2025-01-14,04:59:53,4.99,3.7,33.11,67.6,0.04,6.67,668.06
2025-01-14,05:00:03,4.99,3.7,33.14,67.5,0,6.25,227.4
2025-01-14,05:00:13,4.99,3.7,33.17,67.5,0,0.62,15.05
2025-01-14,05:00:23,4.99,3.7,33.21,67.46,0.09,0.7,69.21
2025-01-14,05:00:33,4.99,3.7,33.22,67.34,0,0.63,4.68
2025-01-14,05:00:44,4.99,3.7,33.25,67.3,0,1.79,29.63
2025-01-14,05:00:54,4.99,3.7,33.29,67.24,0,4.39,224.27
2025-01-14,05:01:04,4.99,3.7,33.33,67.08,0,5.53,147.04
2025-01-14,05:01:14,4.99,3.7,33.35,66.86,0.02,5.18,53.08
2025-01-14,05:01:24,4.99,3.7,33.39,66.83,0.04,2.28,18.91
2025-01-14,05:01:34,4.99,3.7,33.42,66.75,0,5.48,104.58
2025-01-14,05:01:44,4.99,3.7,33.45,66.67,0,8.29,609.22
2025-01-14,05:01:54,4.99,3.7,33.49,66.62,0,11.72,362.87
2025-01-14,05:02:04,4.99,3.7,33.49,66.33,0,6.28,148.89
2025-01-14,05:02:14,4.99,3.7,33.55,66.37,0.01,4.46,29.98
2025-01-14,05:02:24,4.99,3.7,33.56,66.14,0,0.41,1.79
2025-01-14,05:02:34,4.99,3.7,33.58,66.01,0,2.71,21.98
2025-01-14,05:02:44,4.99,3.7,33.62,66.02,0.03,0,0.02
2025-01-14,05:02:54,4.99,3.7,33.61,66.04,0,0,0
2025-01-14,05:03:04,4.99,3.7,33.65,66.08,0.02,2.3,26.21
2025-01-14,05:03:14,4.99,3.7,33.68,65.91,0.03,0.38,1.86
2025-01-14,05:03:24,4.99,3.7,33.68,65.84,0,1.25,10.36
2025-01-14,05:03:34,4.99,3.7,33.69,65.72,0.02,0.04,0
2025-01-14,05:03:44,4.99,3.7,33.73,65.59,0.02,1.11,15.56
2025-01-14,05:03:54,4.99,3.7,33.73,65.43,0,2.2,10.76
2025-01-14,05:04:04,4.99,3.7,33.73,65.47,0.06,0.02,0
2025-01-14,05:04:14,4.99,3.7,33.77,65.6,0.12,0.3,1.83
2025-01-14,05:04:24,4.99,3.7,33.79,65.5,0.02,0.74,3.59
2025-01-14,05:04:34,4.99,3.7,33.82,65.43,0,2.71,18.56
2025-01-14,05:04:44,4.99,3.7,33.82,65.31,0,1.29,11.38
2025-01-14,05:04:54,4.99,3.7,33.82,65.22,0,3.06,85.27
2025-01-14,05:05:04,4.99,3.7,33.86,65.19,0.02,4.07,77.76
2025-01-14,05:05:14,4.99,3.7,33.88,65.12,0.1,4.07,58.01
2025-01-14,05:05:24,4.99,3.7,33.89,65.06,0,0.39,1.73
2025-01-14,05:05:34,4.99,3.7,33.89,65.02,0,0.02,0
2025-01-14,05:05:44,4.99,3.7,33.89,64.92,0,0.77,3.61
2025-01-14,05:05:54,4.99,3.7,33.91,64.86,0.03,1.89,16.09
2025-01-14,05:06:04,4.99,3.7,33.92,64.75,0.04,0,0.02
2025-01-14,05:06:14,4.99,3.7,33.95,64.75,0,0.25,3.84
2025-01-14,05:06:24,4.99,3.7,33.96,64.69,0.03,0,0
2025-01-14,05:06:34,4.99,3.7,33.96,64.72,0.01,1.04,7.51
2025-01-14,05:06:44,4.99,3.7,33.99,64.71,0,0,0.07
2025-01-14,05:06:54,4.99,3.7,33.96,64.75,0,0,0
2025-01-14,05:07:04,4.99,3.7,34,64.71,0.01,0.13,7.22
2025-01-14,05:07:14,4.99,3.7,34.02,64.57,0,0,0
2025-01-14,05:07:24,4.99,3.7,34.05,64.5,0.05,1.52,5.28
2025-01-14,05:07:34,4.99,3.7,34.05,64.55,0.04,0.37,1.85
2025-01-14,05:07:44,4.99,3.7,34.06,64.55,0.04,0.73,3.62
2025-01-14,05:07:54,4.99,3.7,34.06,64.54,0.03,3.23,17.38
2025-01-14,05:08:04,4.99,3.7,34.06,64.46,0.01,2.89,21.59
2025-01-14,05:08:14,4.99,3.7,34.09,64.38,0.01,5.1,22.23
2025-01-14,05:08:24,4.99,3.7,34.09,64.3,0,1.09,5.42
2025-01-14,05:08:34,4.99,3.7,34.1,64.22,0.04,2.92,31.67
2025-01-14,05:08:44,4.99,3.7,34.09,64.19,0,2.48,13.67
2025-01-14,05:08:54,4.99,3.7,34.1,64.1,0.02,5.99,120.71
2025-01-14,05:09:04,4.99,3.7,34.12,64.09,0.05,4.74,31.67
2025-01-14,05:09:14,4.99,3.7,34.13,64.12,0,0.78,67.07
2025-01-14,05:09:24,4.99,3.7,34.15,64.11,0,3.39,273.36
2025-01-14,05:09:34,4.99,3.7,34.17,64.05,0.01,2.4,196.31
2025-01-14,05:09:44,4.99,3.7,34.16,64.12,0,5.7,83.97
2025-01-14,05:09:54,4.99,3.7,34.19,64.18,0,3.89,60.91
2025-01-14,05:10:04,4.99,3.7,34.17,64.29,0,8.77,123.77
2025-01-14,05:10:14,4.99,3.7,34.19,64.27,0.02,6.53,63.87
2025-01-14,05:10:25,4.99,3.7,34.2,64.25,0.04,9.73,150.99
2025-01-14,05:10:35,4.99,3.7,34.2,64.26,0,3.02,22.51
2025-01-14,05:10:45,4.99,3.7,34.24,64.27,0,2.84,55.98
2025-01-14,05:10:55,4.99,3.7,34.23,64.15,0,3.28,106.02
2025-01-14,05:11:05,4.99,3.7,34.26,64.16,0.05,3.88,272.54
2025-01-14,05:11:15,4.99,3.7,34.24,64.16,0,1.14,188.34
2025-01-14,05:11:25,4.99,3.7,34.26,64.13,0,3.15,96.31
2025-01-14,05:11:35,4.99,3.7,34.26,64.05,0.03,7.94,251.93
2025-01-14,05:11:45,4.99,3.7,34.26,63.96,0.03,5.96,100.8
2025-01-14,05:11:55,4.99,3.7,34.3,63.97,0,4.12,101.52
2025-01-14,05:12:05,4.99,3.7,34.27,64.07,0.03,2.2,183.77
2025-01-14,05:12:15,4.99,3.7,34.3,64.03,0,5.39,137.71
2025-01-14,05:12:25,4.99,3.7,34.3,63.91,0.07,6.55,116.7
2025-01-14,05:12:35,4.99,3.7,34.32,63.98,0,1.2,14.71
2025-01-14,05:12:45,4.99,3.7,34.35,64.15,0.04,0.77,2.62
2025-01-14,05:12:55,4.99,3.7,34.35,63.99,0,3.23,46.1
2025-01-14,05:13:05,4.99,3.7,34.35,64,0.02,1.99,58.08
2025-01-14,05:13:15,4.99,3.7,34.36,63.9,0.06,2.97,21.51
2025-01-14,05:13:25,4.99,3.7,34.36,63.91,0.03,6.04,53.6
2025-01-14,05:13:35,4.99,3.7,34.38,63.92,0,4.37,68.75
2025-01-14,05:13:45,4.99,3.7,34.38,63.94,0.02,2.75,79.9
2025-01-14,05:13:55,4.99,3.7,34.39,64.04,0,5.44,335.27
2025-01-14,05:14:05,4.99,3.7,34.39,63.9,0,1.29,79.57
2025-01-14,05:14:15,4.99,3.7,34.42,63.83,0,2.38,16.78
2025-01-14,05:14:25,4.99,3.7,34.42,63.74,0,5.13,75.28
2025-01-14,05:14:35,4.99,3.7,34.43,63.81,0.05,2.76,14.52
2025-01-14,05:14:45,4.99,3.7,34.44,63.89,0.02,6.11,117.09
2025-01-14,05:14:55,4.99,3.7,34.44,63.88,0,4.04,214.9
2025-01-14,05:15:05,4.99,3.7,34.46,63.88,0.01,2.33,318.1
2025-01-14,05:15:15,4.99,3.7,34.44,63.63,0.03,0.75,50.96
2025-01-14,05:15:25,4.99,3.7,34.49,63.92,0,0.96,16.09
2025-01-14,05:15:35,4.99,3.7,34.5,63.99,0,8.4,67.15
2025-01-14,05:15:45,4.99,3.7,34.51,64.1,0.01,0.36,1.84
2025-01-14,05:15:55,4.99,3.7,34.51,64.02,0,4.74,79.86
2025-01-14,05:16:05,4.99,3.7,34.49,63.83,0,8.55,297.26
2025-01-14,05:16:15,4.99,3.7,34.53,63.9,0.02,9.81,221.09
2025-01-14,05:16:25,4.99,3.7,34.53,63.85,0.05,9.47,105.25
2025-01-14,05:16:35,4.99,3.7,34.56,63.77,0.1,6.2,23.75
2025-01-14,05:16:45,4.99,3.7,34.54,63.86,0.05,10.48,46.49
2025-01-14,05:16:55,4.99,3.7,34.56,63.67,0,3.36,24.38
2025-01-14,05:17:05,4.99,3.7,34.59,63.77,0.02,4.78,116.11
2025-01-14,05:17:15,4.99,3.7,34.59,63.68,0.01,4.48,82.39
2025-01-14,05:17:25,4.99,3.7,34.6,63.66,0.01,3.79,17.99
2025-01-14,05:17:35,4.99,3.7,34.6,63.87,0,13.43,89.15
2025-01-14,05:17:45,4.99,3.7,34.63,64.09,0.04,1.04,4.38
2025-01-14,05:17:55,4.99,3.7,34.63,64.02,0,6.25,120.83
2025-01-14,05:18:05,4.99,3.7,34.64,63.91,0,5.06,224.14
2025-01-14,05:18:15,4.99,3.7,34.64,63.78,0.01,3.52,322.87
2025-01-14,05:18:25,4.99,3.7,34.66,63.49,0.04,2.58,51.27
2025-01-14,05:18:35,4.99,3.7,34.66,63.3,0,3.46,42.95
2025-01-14,05:18:45,4.99,3.7,34.69,63.22,0.01,3.83,22.01
2025-01-14,05:18:55,4.99,3.7,34.67,63.28,0,1.51,4.21
2025-01-14,05:19:05,4.99,3.7,34.69,63.47,0,0.28,3.9
2025-01-14,05:19:15,4.99,3.7,34.71,63.34,0,0.82,22.5
2025-01-14,05:19:25,4.99,3.7,34.71,63.01,0.02,3.07,13.28
2025-01-14,05:19:35,4.99,3.7,34.73,63.06,0.04,2.84,107.67
2025-01-14,05:19:45,4.99,3.7,34.75,63.03,0,2.33,118.57
2025-01-14,05:19:56,4.99,3.7,34.73,63.01,0.07,5.71,90.68
2025-01-14,05:20:06,4.99,3.7,34.75,62.98,0.09,1.48,5.22
2025-01-14,05:20:16,4.99,3.7,34.75,62.91,0,8.33,58.12
2025-01-14,05:20:26,4.99,3.7,34.79,62.96,0.03,0.36,0.83
2025-01-14,05:20:36,4.99,3.7,34.79,63.01,0,0.77,2.67
2025-01-14,05:20:46,4.99,3.7,34.8,62.91,0,6.6,124.78
2025-01-14,05:20:56,4.99,3.7,34.82,63.05,0,3.22,194.43
2025-01-14,05:21:06,4.99,3.7,34.83,63.06,0,3.14,195.76
2025-01-14,05:21:16,4.99,3.7,34.82,63.02,0,3.87,61.31
2025-01-14,05:21:26,4.99,3.7,34.82,62.8,0.03,4.58,69.45
2025-01-14,05:21:36,4.99,3.7,34.84,62.74,0.01,5.78,64.87
2025-01-14,05:21:46,4.99,3.7,34.83,62.77,0.05,1.09,4.47
2025-01-14,05:21:56,4.99,3.7,34.87,62.7,0.07,1.07,7.47
2025-01-14,05:22:06,4.99,3.7,34.89,62.53,0.01,2.55,85.51
2025-01-14,05:22:16,4.99,3.7,34.87,62.49,0.01,3.09,175.14
2025-01-14,05:22:26,4.99,3.7,34.9,62.46,0,2.71,17.6
2025-01-14,05:22:36,4.99,3.7,34.9,62.24,0,2.82,149.22
2025-01-14,05:22:46,4.99,3.7,34.9,62.26,0.02,1.96,191.67
2025-01-14,05:22:56,4.99,3.7,34.94,62.29,0,3.09,307.64
2025-01-14,05:23:06,4.99,3.7,34.95,62.23,0.05,4.85,165.56
2025-01-14,05:23:16,4.99,3.7,34.93,61.99,0.01,1.75,55.17
2025-01-14,05:23:26,4.99,3.7,34.94,62.2,0,4.49,199.91
2025-01-14,05:23:36,4.99,3.7,34.94,62.08,0,2.18,98.08
2025-01-14,05:23:46,4.99,3.7,34.97,61.94,0.02,0.35,0.74
2025-01-14,05:23:56,4.99,3.7,34.98,62.16,0.03,2.83,199.46
2025-01-14,05:24:06,4.99,3.7,35,62.24,0,6.65,98.29
2025-01-14,05:24:16,4.99,3.7,35,62.08,0,0.02,0.03
2025-01-14,05:24:26,4.99,3.7,35.01,61.91,0.05,0.02,0.04
2025-01-14,05:24:36,4.99,3.7,35.01,61.83,0,1.34,33.51
2025-01-14,05:24:46,4.99,3.7,35.03,61.78,0.02,4.25,58.12
2025-01-14,05:24:56,4.99,3.7,35.03,61.87,0.06,2.03,67.2
2025-01-14,05:25:06,4.99,3.7,35.06,62.07,0.12,3.96,40.4
2025-01-14,05:25:16,4.99,3.7,35.04,62.18,0.01,2.3,231.04
2025-01-14,05:25:26,4.99,3.7,35.06,61.99,0,1.11,14.69
2025-01-14,05:25:36,4.99,3.7,35.07,62.03,0.04,5.36,170.87
2025-01-14,05:25:46,4.99,3.7,35.08,62,0.02,5.16,180.94
2025-01-14,05:25:56,4.99,3.7,35.06,61.84,0,2.75,50.83
2025-01-14,05:26:06,4.99,3.7,35.1,61.77,0.03,1.52,23.71
2025-01-14,05:26:16,4.99,3.7,35.1,61.91,0,3.17,58.56
2025-01-14,05:26:26,4.99,3.7,35.1,61.9,0.02,3.87,142.67
2025-01-14,05:26:36,4.99,3.7,35.13,61.96,0.01,0.41,11.15
2025-01-14,05:26:46,4.99,3.7,35.13,61.91,0,5.47,154.63
2025-01-14,05:26:56,4.99,3.7,35.13,61.85,0,3.09,74.46
2025-01-14,05:27:06,4.99,3.7,35.14,62.06,0,3.17,72.6
2025-01-14,05:27:16,4.99,3.7,35.14,62.3,0.02,6.74,141.71
2025-01-14,05:27:26,4.99,3.7,35.13,62.31,0,3.63,38.78
2025-01-14,05:27:36,4.99,3.7,35.18,62.37,0.05,8.6,72.87
2025-01-14,05:27:46,4.99,3.7,35.14,62.55,0.01,5.94,292.21
2025-01-14,05:27:56,4.99,3.7,35.2,62.49,0,5.79,143.37
2025-01-14,05:28:06,4.99,3.7,35.18,62.4,0.01,6.94,34.36
2025-01-14,05:28:16,4.99,3.7,35.21,62.51,0.05,12.79,116.58
2025-01-14,05:28:26,4.99,3.7,35.23,62.67,0.04,11.85,128.89
2025-01-14,05:28:36,4.99,3.7,35.21,62.57,0,4.86,120.35
2025-01-14,05:28:46,4.99,3.7,35.23,62.43,0.02,5.33,28.29
2025-01-14,05:28:56,4.99,3.7,35.24,62.4,0.08,2.91,598.36
2025-01-14,05:29:06,4.99,3.7,35.26,62.16,0,1.06,39.25
2025-01-14,05:29:16,4.99,3.7,35.24,61.94,0.04,1.43,40.68
2025-01-14,05:29:26,4.99,3.7,35.27,62.22,0.08,5.04,197.39
2025-01-14,05:29:37,4.99,3.7,35.26,62.19,0,1.88,70.34
2025-01-14,05:29:47,4.99,3.7,35.28,62.11,0.05,3.03,59.39
2025-01-14,05:29:57,4.99,3.7,35.27,61.96,0.09,2.6,11.63
2025-01-14,05:30:07,4.99,3.7,35.3,62.06,0.01,6.59,129.43
2025-01-14,05:30:17,4.99,3.7,35.31,61.83,0.04,1.03,18.01
2025-01-14,05:30:27,4.99,3.7,35.33,61.81,0.01,4.09,198.9
2025-01-14,05:30:37,4.99,3.7,35.31,61.98,0,5.28,275.27
2025-01-14,05:30:47,4.99,3.7,35.33,61.79,0,3.93,88.14
2025-01-14,05:30:57,4.99,3.7,35.36,61.81,0,3.74,76.05
2025-01-14,05:31:07,4.99,3.7,35.34,62.13,0,6.6,104.2
2025-01-14,05:31:17,4.99,3.7,35.38,62.33,0,4.69,54.58
2025-01-14,05:31:27,4.99,3.7,35.38,62.41,0,4.99,85.88
2025-01-14,05:31:37,4.99,3.7,35.4,62.53,0.09,6.66,118.78
2025-01-14,05:31:47,4.99,3.7,35.41,62.4,0,4.67,146.72
2025-01-14,05:31:57,4.99,3.7,35.44,62.1,0.03,4.97,330.58
2025-01-14,05:32:07,4.99,3.7,35.47,61.91,0,6.55,288.95
2025-01-14,05:32:17,4.99,3.7,35.47,61.96,0.05,6.11,124.73
2025-01-14,05:32:27,4.99,3.7,35.48,61.98,0,1.09,85.02
2025-01-14,05:32:37,4.99,3.7,35.5,62.05,0.01,2.28,31.7
2025-01-14,05:32:47,4.99,3.7,35.51,62.14,0,3.26,135.93
2025-01-14,05:32:57,4.99,3.7,35.55,61.87,0,0.77,12.88
2025-01-14,05:33:07,4.99,3.7,35.55,61.9,0,4.81,128.64
2025-01-14,05:33:17,4.99,3.7,35.61,61.85,0.04,2.29,90.65
2025-01-14,05:33:27,4.99,3.7,35.62,61.77,0.02,2.5,173.48
2025-01-14,05:33:37,4.99,3.7,35.65,61.82,0.02,4.89,202.36
2025-01-14,05:33:47,4.99,3.7,35.7,61.69,0.07,4.09,407.12
2025-01-14,05:33:57,4.99,3.7,35.71,61.66,0.01,5.5,571.13
2025-01-14,05:34:07,4.99,3.7,35.74,61.26,0.01,3.14,155.96
2025-01-14,05:34:17,4.99,3.7,35.78,61.36,0.05,2.78,117.98
2025-01-14,05:34:27,4.99,3.7,35.87,61.42,0,4.21,181.37
2025-01-14,05:34:37,4.99,3.7,35.89,61.23,0,1.22,93.28
2025-01-14,05:34:47,4.99,3.7,35.94,61.29,0.01,5.68,436.35
2025-01-14,05:34:57,4.99,3.7,35.99,61.1,0.01,4.62,477.71
2025-01-14,05:35:07,4.99,3.7,36.04,60.9,0.05,4.3,236.92
2025-01-14,05:35:17,4.99,3.7,36.09,60.81,0,4.66,446.78
2025-01-14,05:35:27,4.99,3.7,36.15,60.53,0.01,6.24,413.57
2025-01-14,05:35:37,4.99,3.7,36.21,60.45,0,3.96,492.78
2025-01-14,05:35:47,4.99,3.7,36.26,60.35,0.05,6.29,709.68
2025-01-14,05:35:57,4.99,3.7,36.31,60.04,0,1.53,64.39
2025-01-14,05:36:07,4.99,3.7,36.39,59.92,0,3.1,271.24
2025-01-14,05:36:17,4.99,3.7,36.42,59.87,0.05,8.6,339.86
2025-01-14,05:36:27,4.99,3.7,36.45,59.66,0.01,2.2,91.01
2025-01-14,05:36:37,4.99,3.7,36.5,59.56,0.02,4.13,71.87
2025-01-14,05:36:47,4.99,3.7,36.58,59.69,0.06,3.99,84.69
2025-01-14,05:36:57,4.99,3.7,36.61,59.85,0.06,8.87,130
2025-01-14,05:37:07,4.99,3.7,36.68,59.8,0,7.01,250.93
2025-01-14,05:37:17,4.99,3.7,36.7,59.51,0,1.34,84.55
2025-01-14,05:37:27,4.99,3.7,36.76,59.13,0,4.4,55.56
2025-01-14,05:37:37,4.99,3.7,36.82,59.29,0.01,0.72,42.43
2025-01-14,05:37:47,4.99,3.7,36.86,59.3,0,3.15,101.98
2025-01-14,05:37:57,4.99,3.7,36.92,59.17,0,5.08,133.29
2025-01-14,05:38:07,4.99,3.7,36.94,59.04,0,3.51,293.39
2025-01-14,05:38:17,4.99,3.7,37,58.89,0,3.83,70.03
2025-01-14,05:38:27,4.99,3.7,37.06,58.71,0,3.3,62.47
2025-01-14,05:38:37,4.99,3.7,37.09,58.72,0,2.48,96.38
2025-01-14,05:38:47,4.99,3.7,37.17,58.35,0.01,4.06,86.39
2025-01-14,05:38:57,4.99,3.7,37.24,57.91,0.02,1.41,60.43
2025-01-14,05:39:08,4.99,3.7,37.3,57.42,0,2.93,86.4
2025-01-14,05:39:18,4.99,3.7,37.34,57.23,0.04,3.52,175.52
2025-01-14,05:39:28,4.99,3.7,37.43,57.15,0.03,2.84,115.66
2025-01-14,05:39:38,4.99,3.7,37.46,57.03,0.01,1,25.78
2025-01-14,05:39:48,4.99,3.7,37.55,57.32,0,3.73,166.29
2025-01-14,05:39:58,4.99,3.7,37.63,57.33,0,4.73,332.97
2025-01-14,05:40:08,4.99,3.7,37.67,56.85,0.01,2.44,18.1
2025-01-14,05:40:18,4.99,3.7,37.74,56.86,0,1.66,66.46
2025-01-14,05:40:28,4.99,3.7,37.79,57.15,0.05,1.52,30.99
2025-01-14,05:40:38,4.99,3.7,37.9,57.02,0.03,0.37,11.14
2025-01-14,05:40:48,4.99,3.7,37.95,56.95,0,1.52,18.7
2025-01-14,05:40:58,4.99,3.7,38.03,56.82,0,2.91,127.69
2025-01-14,05:41:08,4.99,3.7,38.11,56.57,0,5.94,197.35
2025-01-14,05:41:18,4.99,3.7,38.2,56.34,0,1.53,236.24
2025-01-14,05:41:28,4.99,3.7,38.3,56.09,0.02,3.88,485.16
2025-01-14,05:41:38,4.99,3.7,38.38,55.62,0.02,4.57,297.26
2025-01-14,05:41:48,4.99,3.7,38.48,55.28,0.02,2.36,244.42
2025-01-14,05:41:58,4.99,3.7,38.57,55.17,0.03,2.96,253.32
2025-01-14,05:42:08,4.99,3.7,38.67,54.89,0,0,0.01
2025-01-14,05:42:18,4.99,3.7,38.75,54.82,0,5.43,327.59
2025-01-14,05:42:28,4.99,3.7,38.85,54.8,0,5.43,70.4
2025-01-14,05:42:38,4.99,3.7,38.95,54.78,0.09,0.76,3.63
2025-01-14,05:42:48,4.99,3.7,39.04,54.73,0,8.56,257.35
2025-01-14,05:42:58,4.99,3.7,39.15,54.53,0,3.25,185.35
2025-01-14,05:43:08,4.99,3.7,39.22,54.1,0.01,1.8,289.17
2025-01-14,05:43:18,4.99,3.7,39.33,53.73,0,4.28,69.55
2025-01-14,05:43:28,4.99,3.7,39.45,53.57,0,2.78,62.65
2025-01-14,05:43:38,4.99,3.7,39.52,53.05,0,3.45,59.34
2025-01-14,05:43:48,4.99,3.7,39.59,52.85,0.02,5.01,142.14
2025-01-14,05:43:58,4.99,3.7,39.69,52.88,0.1,1.27,11.38
2025-01-14,05:44:08,4.99,3.7,39.8,52.91,0.03,3.22,72.8
2025-01-14,05:44:18,4.99,3.7,39.86,52.73,0,5.07,76.86
2025-01-14,05:44:28,4.99,3.7,39.97,52.77,0,5.42,237.08
2025-01-14,05:44:38,4.99,3.7,40.03,52.23,0.02,2.81,48.61
2025-01-14,05:44:48,4.99,3.7,40.14,52.01,0,5.38,191.67
2025-01-14,05:44:58,4.99,3.7,40.21,51.64,0,4.17,362.24
2025-01-14,05:45:08,4.99,3.7,40.29,51.46,0,1.42,18.66
2025-01-14,05:45:18,4.99,3.7,40.37,51.54,0,2.9,113.51
2025-01-14,05:45:28,4.99,3.7,40.46,51.26,0.08,10.17,662.1
2025-01-14,05:45:38,4.99,3.7,40.53,50.78,0,0.87,9.56
2025-01-14,05:45:48,4.99,3.7,40.64,50.74,0.01,3.34,39.19
2025-01-14,05:45:58,4.99,3.7,40.68,50.77,0.02,4.4,73.9
2025-01-14,05:46:08,4.99,3.7,40.77,50.63,0.02,2.73,156.7
2025-01-14,05:46:18,4.99,3.7,40.86,50.73,0,2.39,23.12
2025-01-14,05:46:28,4.99,3.7,40.91,50.53,0,8.93,215.2
2025-01-14,05:46:38,4.99,3.7,40.96,50.22,0,2.13,20.98
2025-01-14,05:46:48,4.99,3.7,41.07,50.29,0.01,2.5,60.58
2025-01-14,05:46:58,4.99,3.7,41.12,50.25,0,4.03,181.13
2025-01-14,05:47:08,4.99,3.7,41.22,49.93,0,2.62,12.65
2025-01-14,05:47:18,4.99,3.7,41.25,49.62,0,0.31,3.9
2025-01-14,05:47:28,4.99,3.7,41.34,49.52,0.04,0,0.01
2025-01-14,05:47:38,4.99,3.7,41.41,49.35,0,1.32,19.69
2025-01-14,05:47:48,4.99,3.7,41.47,49.02,0,0,0.06
2025-01-14,05:47:58,4.99,3.7,41.56,48.76,0.04,3.26,47.1
2025-01-14,05:48:08,4.99,3.7,41.61,48.73,0.01,3.24,47.34
2025-01-14,05:48:18,4.99,3.7,41.69,48.58,0.07,0.89,82.18
2025-01-14,05:48:28,4.99,3.7,41.76,48.37,0.04,0.81,98.77
2025-01-14,05:48:39,4.99,3.7,41.84,48.08,0.05,5.82,182.39
2025-01-14,05:48:49,4.99,3.7,41.89,48.04,0.01,0.33,1.76
2025-01-14,05:48:59,4.99,3.7,41.98,47.92,0,1.8,27.54
2025-01-14,05:49:09,4.99,3.7,42.03,47.97,0,1.24,44.95
2025-01-14,05:49:19,4.99,3.7,42.11,47.94,0.1,0.75,3.6
2025-01-14,05:49:29,4.99,3.7,42.15,47.8,0.04,2.53,195.76
2025-01-14,05:49:39,4.99,3.7,42.23,47.52,0.01,2.64,52.03
2025-01-14,05:49:49,4.99,3.7,42.26,47.24,0,8.65,398.35
2025-01-14,05:49:59,4.99,3.7,42.32,47,0.01,2.91,293.44
2025-01-14,05:50:09,4.99,3.7,42.38,46.72,0,4.9,326.35
2025-01-14,05:50:19,4.99,3.7,42.4,46.7,0,6.95,472.31
2025-01-14,05:50:29,4.99,3.7,42.47,46.34,0.03,5.22,344.95
2025-01-14,05:50:39,4.99,3.7,42.51,46.42,0,0.99,21.18
2025-01-14,05:50:49,4.99,3.7,42.54,46.7,0.04,2.94,191.32
2025-01-14,05:50:59,4.99,3.7,42.6,46.54,0.05,2.87,32.9
2025-01-14,05:51:09,4.99,3.7,42.6,46.68,0.01,0,0.02
2025-01-14,05:51:19,4.99,3.7,42.64,46.84,0,6.38,358.64
2025-01-14,05:51:29,4.99,3.7,42.69,46.11,0.01,0.77,3.62
2025-01-14,05:51:39,4.99,3.7,42.71,46.29,0.01,0.68,5.7
2025-01-14,05:51:49,4.99,3.7,42.73,46.5,0.02,0,0.06
2025-01-14,05:51:59,4.99,3.7,42.76,46.39,0.02,0.1,7.23
2025-01-14,05:52:09,4.99,3.7,42.77,46.43,0,1.53,15.31
2025-01-14,05:52:19,4.99,3.7,42.81,46.62,0.09,1.38,19.41
2025-01-14,05:52:29,4.99,3.7,42.86,46.68,0,2.54,22.77
2025-01-14,05:52:39,4.99,3.7,42.88,46.73,0,3.85,31.15
2025-01-14,05:52:49,4.99,3.7,42.92,46.69,0.01,0,0.06
2025-01-14,05:52:59,4.99,3.7,42.96,46.65,0,1.36,45.13
2025-01-14,05:53:09,4.99,3.7,42.96,46.42,0.02,0.4,0.76
2025-01-14,05:53:19,4.99,3.7,43.01,46.19,0.01,0.44,1.86
2025-01-14,05:53:29,4.99,3.7,43.06,46.21,0,1.88,39.06
2025-01-14,05:53:39,4.99,3.7,43.08,46,0,3.52,187.46
2025-01-14,05:53:49,4.99,3.7,43.1,45.78,0.02,5.23,57.65
2025-01-14,05:53:59,4.99,3.7,43.18,45.7,0,5.85,76.17
2025-01-14,05:54:09,4.99,3.7,43.21,45.93,0,0.3,0.83
2025-01-14,05:54:19,4.99,3.7,43.27,45.9,0.04,1.13,3.42
2025-01-14,05:54:29,4.99,3.7,43.34,45.9,0,0.88,9.88
2025-01-14,05:54:39,4.99,3.7,43.37,45.73,0.01,0,0.08
2025-01-14,05:54:49,4.99,3.7,43.41,45.44,0,1.54,15.31
2025-01-14,05:54:59,4.99,3.7,43.47,45.38,0.07,2.7,66.97
2025-01-14,05:55:09,4.99,3.7,43.5,45.3,0,3.75,54.91
2025-01-14,05:55:19,4.99,3.7,43.52,45.16,0,3.31,83.35
2025-01-14,05:55:29,4.99,3.7,43.58,44.77,0,1.45,64.6
2025-01-14,05:55:39,4.99,3.7,43.62,44.58,0,3.21,94.7
2025-01-14,05:55:49,4.99,3.7,43.64,44.43,0,1.66,212.06
2025-01-14,05:55:59,4.99,3.7,43.67,44.48,0.02,4.94,100.67
2025-01-14,05:56:09,4.99,3.7,43.69,44.43,0,6.46,267.8
2025-01-14,05:56:19,4.99,3.7,43.71,44.6,0,3.11,78.17
2025-01-14,05:56:29,4.99,3.7,43.78,44.43,0.05,0.86,24.5
2025-01-14,05:56:39,4.99,3.7,43.77,44.35,0.03,1.41,18.62
2025-01-14,05:56:49,4.99,3.7,43.77,44.23,0,5.04,60.49
2025-01-14,05:56:59,4.99,3.7,43.75,44.16,0.03,1.25,19.51
2025-01-14,05:57:09,4.99,3.7,43.78,44.05,0,0.32,1.77
2025-01-14,05:57:19,4.99,3.7,43.78,43.98,0,4.41,420.36
2025-01-14,05:57:29,4.99,3.7,43.72,43.96,0,1.73,158.7
2025-01-14,05:57:39,4.99,3.7,43.75,43.87,0.03,0.03,0
2025-01-14,05:57:49,4.99,3.7,43.72,43.82,0,3.81,142.9
2025-01-14,05:57:59,4.99,3.7,43.69,43.89,0,1.77,56.15
2025-01-14,05:58:09,4.99,3.7,43.68,44.03,0.05,4.76,63.95
2025-01-14,05:58:20,4.99,3.7,43.67,44.11,0,0.01,0.05
2025-01-14,05:58:30,4.99,3.7,43.64,43.98,0.06,2.59,10.65
2025-01-14,05:58:40,4.99,3.7,43.58,44.01,0,4.23,127.41
2025-01-14,05:58:50,4.99,3.7,43.58,44.34,0.07,8.18,911.27
2025-01-14,05:59:00,4.99,3.7,43.52,44.38,0,7.65,741.07
2025-01-14,05:59:10,4.99,3.7,43.5,44.19,0,1.21,22.85
2025-01-14,05:59:20,4.99,3.7,43.44,44.37,0,1.35,21.92
2025-01-14,05:59:30,4.99,3.7,43.41,44.3,0,2.13,12.9
2025-01-14,05:59:40,4.99,3.7,43.37,44.31,0.02,2.41,24.92
2025-01-14,05:59:50,4.99,3.7,43.34,44.41,0.04,0.66,1.61
2025-01-14,06:00:00,4.99,3.7,43.27,44.61,0.01,0.71,3.6
2025-01-14,06:00:10,4.99,3.7,43.24,44.75,0.06,0.71,3.62
2025-01-14,06:00:20,4.99,3.7,43.2,44.8,0,1.16,4.41
2025-01-14,06:00:30,4.99,3.7,43.16,44.91,0.06,2.12,8.85
2025-01-14,06:00:40,4.99,3.7,43.08,45.28,0,0.72,1.59
2025-01-14,06:00:50,4.99,3.7,43.06,45.17,0.02,0,0.04
2025-01-14,06:01:00,4.99,3.7,43.01,45.11,0,0,0
2025-01-14,06:01:10,4.99,3.7,42.98,44.92,0.06,1.28,74.44
2025-01-14,06:01:20,4.99,3.7,42.93,45.18,0,8.05,355.18
2025-01-14,06:01:30,4.99,3.7,42.88,45.05,0.01,1.09,4.42
2025-01-14,06:01:40,4.99,3.7,42.81,45.02,0.02,4.34,157.57
2025-01-14,06:01:50,4.99,3.7,42.8,45.02,0.01,0.13,7.25
2025-01-14,06:02:00,4.99,3.7,42.74,45.26,0,3.54,50.41
2025-01-14,06:02:10,4.99,3.7,42.73,45.39,0.01,2.48,22.8
2025-01-14,06:02:20,4.99,3.7,42.66,45.59,0.04,1.12,4.4
2025-01-14,06:02:30,4.99,3.7,42.62,45.77,0.06,2.31,49.32
2025-01-14,06:02:40,4.99,3.7,42.6,45.86,0,0.92,6.49
2025-01-14,06:02:50,4.99,3.7,42.54,45.84,0.03,0.2,7.22
2025-01-14,06:03:00,4.99,3.7,42.5,45.94,0,0.75,12.85
2025-01-14,06:03:10,4.99,3.7,42.46,46.08,0.03,0.96,9.87
2025-01-14,06:03:20,4.99,3.7,42.42,46.15,0.05,4.46,50.52
2025-01-14,06:03:30,4.99,3.7,42.38,46.02,0,2.26,20.1
2025-01-14,06:03:40,4.99,3.7,42.35,45.95,0.03,0.01,0
2025-01-14,06:03:50,4.99,3.7,42.28,46.17,0,2.39,26.16
2025-01-14,06:04:00,4.99,3.7,42.26,46.4,0.02,3.85,30.39
2025-01-14,06:04:10,4.99,3.7,42.2,46.35,0.02,3.8,31.23
2025-01-14,06:04:20,4.99,3.7,42.15,46.34,0,1.55,24.92
2025-01-14,06:04:30,4.99,3.7,42.15,46.36,0.04,2.66,28.76
2025-01-14,06:04:40,4.99,3.7,42.08,46.49,0.01,1.74,10.13
2025-01-14,06:04:50,4.99,3.7,42.03,46.52,0.01,2.55,20.86
2025-01-14,06:05:00,4.99,3.7,42.02,46.49,0,1.46,4.21
2025-01-14,06:05:10,4.99,3.7,41.98,46.58,0.07,2.66,18.71
2025-01-14,06:05:20,4.99,3.7,41.95,46.67,0,1.89,24.12
2025-01-14,06:05:30,4.99,3.7,41.86,46.67,0.02,4.38,51.32
2025-01-14,06:05:40,4.99,3.7,41.85,46.68,0.07,5.88,33.25
2025-01-14,06:05:50,4.99,3.7,41.82,47.05,0.01,1.43,27.95
2025-01-14,06:06:00,4.99,3.7,41.78,47.12,0,3.38,63.96
2025-01-14,06:06:10,4.99,3.7,41.72,47.28,0.04,2.55,18.73
2025-01-14,06:06:20,4.99,3.7,41.67,47.39,0.05,10.24,225.61
2025-01-14,06:06:30,4.99,3.7,41.67,47.3,0.02,2.61,77.19
2025-01-14,06:06:40,4.99,3.7,41.64,47.36,0,6.59,126.12
2025-01-14,06:06:50,4.99,3.7,41.61,47.58,0.03,3.01,21.43
2025-01-14,06:07:00,4.99,3.7,41.55,47.68,0.04,2.98,19.52
2025-01-14,06:07:10,4.99,3.7,41.52,47.83,0,2.99,43.5
2025-01-14,06:07:20,4.99,3.7,41.48,47.74,0.07,2.75,26.68
2025-01-14,06:07:31,4.99,3.7,41.45,48.11,0.08,7.01,88.67
2025-01-14,06:07:41,4.99,3.7,41.42,48.25,0.03,2,36.93
2025-01-14,06:07:51,4.99,3.7,41.41,48.4,0.04,1.39,17.35
2025-01-14,06:08:01,4.99,3.7,41.37,48.31,0.05,4.32,22.76
2025-01-14,06:08:11,4.99,3.7,41.32,48.01,0.04,1.11,4.44
2025-01-14,06:08:21,4.99,3.7,41.31,47.92,0.08,0.45,11.12
2025-01-14,06:08:31,4.99,3.7,41.3,47.82,0,3.26,48.33
2025-01-14,06:08:41,4.99,3.7,41.25,47.85,0.02,4.8,72.37
2025-01-14,06:08:51,4.99,3.7,41.2,48.07,0,3.73,320.07
2025-01-14,06:09:01,4.99,3.7,41.21,48.3,0.01,4.08,155.15
2025-01-14,06:09:11,4.99,3.7,41.17,48.09,0,5.76,166.4
2025-01-14,06:09:21,4.99,3.7,41.11,48.1,0.04,5.41,37.41
2025-01-14,06:09:31,4.99,3.7,41.1,48.14,0,3.56,29.31
2025-01-14,06:09:41,4.99,3.7,41.08,48.22,0,3.08,30.54
2025-01-14,06:09:51,4.99,3.7,41.04,48.26,0.03,1.48,5.25
2025-01-14,06:10:01,4.99,3.7,41.02,48.24,0.04,1.32,6.29
2025-01-14,06:10:11,4.99,3.7,41.01,48.34,0,6.95,98.89
2025-01-14,06:10:21,4.99,3.7,40.96,48.55,0,2.27,25.35
2025-01-14,06:10:31,4.99,3.7,40.91,48.54,0,0.79,12.94
2025-01-14,06:10:41,4.99,3.7,40.88,48.64,0.04,1.04,6.54
2025-01-14,06:10:51,4.99,3.7,40.9,48.61,0,5.85,69.37
2025-01-14,06:11:01,4.99,3.7,40.87,48.56,0.03,4.19,46.49
2025-01-14,06:11:11,4.99,3.7,40.84,48.92,0,4.85,92.81
2025-01-14,06:11:21,4.99,3.7,40.78,49.16,0,4.01,81.69
2025-01-14,06:11:31,4.99,3.7,40.77,49.16,0.02,1.63,8.13
2025-01-14,06:11:41,4.99,3.7,40.78,49.37,0.04,0.18,3.86
2025-01-14,06:11:51,5,3.7,40.74,49.34,0.01,3.29,34.73
2025-01-14,06:12:01,4.99,3.7,40.68,49.38,0.02,0.45,7.79
2025-01-14,06:12:11,4.99,3.7,40.7,49.59,0.03,6.55,303.7
2025-01-14,06:12:21,4.99,3.7,40.65,49.34,0.02,7.18,384.63
2025-01-14,06:12:31,4.99,3.7,40.65,49.03,0.05,6.83,151.38
2025-01-14,06:12:41,4.99,3.7,40.63,48.96,0,2.08,31.69
2025-01-14,06:12:51,4.99,3.7,40.6,49.15,0,1.46,26.65
2025-01-14,06:13:01,4.99,3.7,40.57,49.01,0,2.89,80.35
2025-01-14,06:13:11,4.99,3.7,40.57,49.08,0.02,1.14,13.48
2025-01-14,06:13:21,4.99,3.7,40.53,49.26,0.06,2.18,7.82
2025-01-14,06:13:31,4.99,3.7,40.53,49.38,0,4.39,61.64
2025-01-14,06:13:41,4.99,3.7,40.5,49.41,0,2.01,24.59
2025-01-14,06:13:51,4.99,3.7,40.5,49.49,0,1.79,20.45
2025-01-14,06:14:01,4.99,3.7,40.49,49.55,0,3.28,128.29
2025-01-14,06:14:11,4.99,3.7,40.46,49.33,0.06,3.46,138.92
2025-01-14,06:14:21,4.99,3.7,40.43,49.24,0.02,3.02,67.54
2025-01-14,06:14:31,4.99,3.7,40.39,49.34,0.03,2.31,25.4
2025-01-14,06:14:41,4.99,3.7,40.4,49.36,0.08,3.26,48.52
2025-01-14,06:14:51,4.99,3.7,40.37,49.28,0.01,2.03,60.09
2025-01-14,06:15:01,4.99,3.7,40.36,49.45,0,3.25,54.45
2025-01-14,06:15:11,4.99,3.7,40.34,49.39,0.06,2.72,24.7
2025-01-14,06:15:21,4.99,3.7,40.31,49.3,0,5.19,109.52
2025-01-14,06:15:31,4.99,3.7,40.3,49.16,0.01,1.44,9.37
2025-01-14,06:15:41,4.99,3.7,40.3,49.52,0.07,3.3,54.57
2025-01-14,06:15:51,4.99,3.7,40.29,49.75,0.02,3.72,210.96
2025-01-14,06:16:01,4.99,3.7,40.24,49.58,0,4.02,48.92
2025-01-14,06:16:11,4.99,3.7,40.24,49.54,0,2.1,23.01
2025-01-14,06:16:21,4.99,3.7,40.23,49.83,0,4.13,137.03
2025-01-14,06:16:31,4.99,3.7,40.21,49.75,0.02,3.29,25.39
2025-01-14,06:16:42,4.99,3.7,40.2,49.69,0,1.44,5.19
2025-01-14,06:16:52,4.99,3.7,40.21,49.8,0.02,0.76,2.55
2025-01-14,06:17:02,4.99,3.7,40.17,49.79,0,4.96,111.37
2025-01-14,06:17:12,4.99,3.7,40.19,49.89,0,3.11,162.39
2025-01-14,06:17:22,4.99,3.7,40.17,49.81,0,1.16,15.56
2025-01-14,06:17:32,4.99,3.7,40.13,49.74,0.04,6.26,76.23
2025-01-14,06:17:42,4.99,3.7,40.14,49.98,0.08,4.11,80.49
2025-01-14,06:17:52,4.99,3.7,40.13,50.08,0,1.16,13.58
2025-01-14,06:18:02,4.99,3.7,40.11,49.94,0.05,2.6,69.23
2025-01-14,06:18:12,4.99,3.7,40.1,50.18,0.07,2.91,15.54
2025-01-14,06:18:22,4.99,3.7,40.09,50.17,0,2.74,14.57
2025-01-14,06:18:32,4.99,3.7,40.07,50.19,0,3.23,36.65
2025-01-14,06:18:42,4.99,3.7,40.07,50.43,0.02,0.39,0.8
2025-01-14,06:18:52,4.99,3.7,40.06,50.56,0.04,4.84,52.58
2025-01-14,06:19:02,4.99,3.7,40.04,50.61,0,2.62,42.7
2025-01-14,06:19:12,4.99,3.7,40.03,50.75,0,1.31,19.69
2025-01-14,06:19:22,4.99,3.7,40.06,50.92,0,3.08,26.53
2025-01-14,06:19:32,4.99,3.7,40.03,50.77,0,3.15,28.46
2025-01-14,06:19:42,4.99,3.7,40.04,50.84,0.09,0.67,1.63
2025-01-14,06:19:52,5,3.7,40,50.96,0.13,1.1,5.35
2025-01-14,06:20:02,4.99,3.7,40.02,51.05,0,1.97,14.03
2025-01-14,06:20:12,4.99,3.7,39.99,50.87,0,0,0
2025-01-14,06:20:22,4.99,3.7,40,51.02,0.02,0.36,1.79
2025-01-14,06:20:32,4.99,3.7,39.99,51.2,0,2.07,32.64
2025-01-14,06:20:42,4.99,3.7,40,51.22,0,1.54,15.25
2025-01-14,06:20:52,4.99,3.7,40,51.55,0.01,1.79,19.24
2025-01-14,06:21:02,5,3.7,40,51.59,0,0.58,4.66
2025-01-14,06:21:12,4.99,3.7,40,51.14,0.05,0.77,14.95
2025-01-14,06:21:22,4.99,3.7,40.02,51.1,0,3.01,43.81
2025-01-14,06:21:32,4.99,3.7,40.02,51.06,0,1,94.81
2025-01-14,06:21:42,4.99,3.7,40,51.12,0.04,6.83,177.41
2025-01-14,06:21:52,4.99,3.7,39.99,50.98,0,4.39,188.73
2025-01-14,06:22:02,4.99,3.7,39.97,50.9,0.03,4.55,89.86
2025-01-14,06:22:12,4.99,3.7,39.97,50.58,0.04,2.42,162.69
2025-01-14,06:22:22,4.99,3.7,39.99,50.75,0.01,1.84,133.13
2025-01-14,06:22:32,4.99,3.7,39.97,50.49,0,2.25,39.01
2025-01-14,06:22:42,4.99,3.7,39.97,50.43,0.02,1.93,39.15
2025-01-14,06:22:52,4.99,3.7,39.97,50.67,0.05,3.96,26.07
2025-01-14,06:23:02,4.99,3.7,39.96,50.71,0,2.71,17.86
2025-01-14,06:23:12,4.99,3.7,39.97,51.07,0.05,0.29,3.9
2025-01-14,06:23:22,5,3.7,39.96,51.05,0.03,0,0.01
2025-01-14,06:23:32,4.99,3.7,39.95,51.08,0.05,0.76,11.98
2025-01-14,06:23:42,4.99,3.7,39.99,51.02,0,1.63,11.26
2025-01-14,06:23:52,4.99,3.7,39.97,51.1,0.01,0.29,1.82
2025-01-14,06:24:02,4.99,3.7,39.96,51.02,0.04,0.25,3.94
2025-01-14,06:24:12,4.99,3.7,39.96,50.94,0.07,2.58,30.86
2025-01-14,06:24:22,4.99,3.7,39.95,50.97,0.03,2.26,18.14
2025-01-14,06:24:32,4.99,3.7,39.96,51.02,0.06,4.36,87.59
2025-01-14,06:24:42,4.99,3.7,39.96,50.78,0,3.85,278.01
2025-01-14,06:24:52,4.99,3.7,39.97,50.53,0.01,3.24,153.53
2025-01-14,06:25:02,4.99,3.7,39.95,50.4,0.04,3.84,106.33
2025-01-14,06:25:12,4.99,3.7,39.96,50.17,0,5.51,96.31
2025-01-14,06:25:22,4.99,3.7,39.97,50.18,0.03,0.74,3.56
2025-01-14,06:25:32,4.99,3.7,39.93,50.45,0,0.01,0
2025-01-14,06:25:43,4.99,3.7,39.93,50.57,0,1.05,26.07
2025-01-14,06:25:53,4.99,3.7,39.96,50.67,0,0.7,2.61
2025-01-14,06:26:03,4.99,3.7,39.95,50.67,0,2.34,16.87
2025-01-14,06:26:13,4.99,3.7,39.95,50.61,0.02,1.68,11.12
2025-01-14,06:26:23,4.99,3.7,39.93,50.82,0,0,0.05
2025-01-14,06:26:33,4.99,3.7,39.92,50.94,0.01,0.58,18.35
2025-01-14,06:26:43,4.99,3.7,39.9,50.88,0,1.69,30.83
2025-01-14,06:26:53,4.99,3.7,39.92,50.77,0,1.25,11.41
2025-01-14,06:27:03,4.99,3.7,39.9,51.13,0.02,3.62,149.3
2025-01-14,06:27:13,4.99,3.7,39.92,51.09,0,0.72,11.61
2025-01-14,06:27:23,4.99,3.7,39.92,50.66,0.08,2.61,116.36
2025-01-14,06:27:33,4.99,3.7,39.93,50.45,0,2.23,128.98
2025-01-14,06:27:43,4.99,3.7,39.9,50.68,0.05,2.18,89.46
2025-01-14,06:27:53,4.99,3.7,39.9,50.66,0.08,2,24.54
2025-01-14,06:28:03,4.99,3.7,39.9,50.41,0,4.9,126.41
2025-01-14,06:28:13,4.99,3.7,39.93,50.36,0.05,2.41,368.37
2025-01-14,06:28:23,4.99,3.7,39.9,50.42,0,2.14,19.97
2025-01-14,06:28:33,4.99,3.7,39.93,50.3,0,0.97,41.04
2025-01-14,06:28:43,4.99,3.7,39.9,50.29,0,2.78,39.34
2025-01-14,06:28:53,4.99,3.7,39.92,50.45,0.04,3.78,126.35
2025-01-14,06:29:03,5,3.7,39.92,50.58,0,5.08,319.54
2025-01-14,06:29:13,4.99,3.7,39.92,50.39,0.06,4.23,170.02
2025-01-14,06:29:23,4.99,3.7,39.9,50.36,0.02,3.87,289.66
2025-01-14,06:29:33,4.99,3.7,39.93,50.38,0,4.66,67
2025-01-14,06:29:43,4.99,3.7,39.92,50.39,0.02,5.06,78.2
2025-01-14,06:29:53,4.99,3.7,39.93,50.55,0,4.98,167.47
2025-01-14,06:30:03,4.99,3.7,39.9,50.59,0.05,1.83,17.17
2025-01-14,06:30:13,4.99,3.7,39.9,50.59,0.06,1.23,24.08
2025-01-14,06:30:23,4.99,3.7,39.9,50.29,0.04,0,0
2025-01-14,06:30:33,5,3.7,39.9,50.46,0,2.06,24.49
2025-01-14,06:30:43,4.99,3.7,39.9,50.65,0.03,3.4,53.04
2025-01-14,06:30:53,4.99,3.7,39.89,50.8,0,3.98,398.09
2025-01-14,06:31:03,4.99,3.7,39.9,50.86,0.02,5.26,590.87
2025-01-14,06:31:13,4.99,3.7,39.89,50.53,0.3,8.42,91.8
2025-01-14,06:31:23,4.99,3.7,39.89,50.42,0,0.01,0
2025-01-14,06:31:33,4.99,3.7,39.89,50.45,0.08,2.16,53.47
2025-01-14,06:31:43,4.99,3.7,39.89,50.76,0.06,3.04,180.93
2025-01-14,06:31:53,4.99,3.7,39.89,50.61,0.02,4.23,181.95
2025-01-14,06:32:03,4.99,3.7,39.89,50.61,0,3.05,33.03
2025-01-14,06:32:13,4.99,3.7,39.86,50.69,0,1.66,22.57
2025-01-14,06:32:23,4.99,3.7,39.87,50.73,0,3.52,73.16
2025-01-14,06:32:33,4.99,3.7,39.89,50.7,0,1.8,10.2
2025-01-14,06:32:43,4.99,3.7,39.87,50.85,0,2.48,36.91
2025-01-14,06:32:53,4.99,3.7,39.86,50.8,0.01,0.76,2.59
2025-01-14,06:33:03,4.99,5.6,39.86,50.88,0.22,3.88,101.42
2025-01-14,06:33:13,4.99,5.6,39.87,51.15,0.01,2.4,284.76
2025-01-14,06:33:23,4.99,5.6,39.87,51.01,0.02,3.25,200.45
2025-01-14,06:33:33,4.99,5.6,39.85,50.81,0,3.08,166.85
2025-01-14,06:33:43,4.99,5.6,39.86,50.73,0.02,1.26,24.42
2025-01-14,06:33:53,4.99,5.6,39.85,50.74,0.01,1.17,41.79
2025-01-14,06:34:03,4.99,5.6,39.85,50.88,0.03,2.36,263.71
2025-01-14,06:34:13,4.99,5.6,39.85,50.77,0,1.92,139.39
2025-01-14,06:34:23,4.99,5.6,39.83,50.69,0,3.75,291.2
2025-01-14,06:34:33,4.99,5.6,39.85,50.38,0,3.74,352.88
2025-01-14,06:34:44,4.99,5.6,39.83,50.24,0,1.73,102.68
2025-01-14,06:34:54,4.99,5.6,39.83,50.11,0,4.1,184.03
2025-01-14,06:35:04,4.99,5.6,39.79,50.24,0,1.32,32.22
2025-01-14,06:35:14,4.99,5.6,39.79,50.37,0,1.45,13.27
2025-01-14,06:35:24,4.99,5.6,39.79,50.38,0.03,4.49,107.5
2025-01-14,06:35:34,4.99,5.6,39.79,50.55,0.04,1.58,32.7
2025-01-14,06:35:44,4.99,5.6,39.79,50.69,0.02,2.34,123.41
2025-01-14,06:35:54,4.99,5.6,39.79,50.79,0.01,2.37,135.06
2025-01-14,06:36:04,4.99,5.6,39.76,50.71,0.07,2.37,47.66
2025-01-14,06:36:14,4.99,5.6,39.79,50.6,0.01,0.66,4.91
2025-01-14,06:36:24,4.99,5.6,39.76,50.57,0,0.57,25.22
2025-01-14,06:36:34,4.99,5.6,39.73,50.53,0.05,2.74,53.09
2025-01-14,06:36:44,4.99,5.6,39.72,50.75,0.02,0.54,15.47
2025-01-14,06:36:54,4.99,5.6,39.75,50.84,0.04,0,0
2025-01-14,06:37:04,4.99,4.87,39.72,50.97,0.21,3.03,12.33
2025-01-14,06:37:14,4.99,4.87,39.75,50.97,0,3.54,106.01
2025-01-14,06:37:24,4.99,4.87,39.72,51.08,0,1.5,48.14
2025-01-14,06:37:34,4.99,4.87,39.72,51.26,0,2.38,35.94
2025-01-14,06:37:44,4.99,4.87,39.73,51.23,0,0.98,35.83
2025-01-14,06:37:54,4.99,4.87,39.75,51.15,0.08,2.29,112.39
2025-01-14,06:38:04,4.99,4.87,39.72,51.15,0.04,2.42,357.42
2025-01-14,06:38:14,4.99,4.87,39.7,51.08,0.01,2.15,106.59
2025-01-14,06:38:24,4.99,4.87,39.72,51.01,0,3.87,212.06
2025-01-14,06:38:34,4.99,4.87,39.7,50.98,0,1.51,128.33
2025-01-14,06:38:44,4.99,4.87,39.72,51,0.04,3.32,74.33
2025-01-14,06:38:54,4.99,4.87,39.69,50.92,0,4.21,461.99
2025-01-14,06:39:04,4.99,4.87,39.69,50.79,0.01,1.77,71.23
2025-01-14,06:39:14,4.99,4.87,39.7,50.83,0.01,1.22,33.89
2025-01-14,06:39:24,4.99,4.87,39.69,51.02,0.01,0.54,2.68
2025-01-14,06:39:34,4.99,4.87,39.7,51.14,0.02,1.72,69.76
2025-01-14,06:39:44,4.99,4.87,39.7,51.26,0,1.77,129
2025-01-14,06:39:54,4.99,4.87,39.7,51.19,0,0.28,8.52
2025-01-14,06:40:04,4.99,4.87,39.7,51.28,0.01,2.68,184.51
2025-01-14,06:40:14,4.99,4.87,39.69,51.28,0.09,3.05,110
2025-01-14,06:40:24,4.99,4.87,39.69,51.09,0.07,2.54,61.46
2025-01-14,06:40:34,4.99,4.87,39.72,51.16,0,3.07,242.63
2025-01-14,06:40:44,4.99,4.87,39.72,50.91,0.02,3.07,247.99
2025-01-14,06:40:54,4.99,4.87,39.72,50.8,0,3.39,412.24
2025-01-14,06:41:04,4.99,4.87,39.69,50.63,0,1.75,56.13
2025-01-14,06:41:14,4.99,4.87,39.69,50.54,0,2.6,92.43
2025-01-14,06:41:24,4.99,4.87,39.69,50.78,0.06,2.44,73.14
2025-01-14,06:41:34,4.99,4.87,39.69,50.87,0.04,3.86,106.75
2025-01-14,06:41:44,4.99,4.87,39.69,50.97,0.02,0.18,11.04
2025-01-14,06:41:54,4.99,4.87,39.7,50.92,0,2.24,114.11
2025-01-14,06:42:04,4.99,4.87,39.69,50.82,0.01,2.59,67.11
2025-01-14,06:42:14,5.03,4.87,39.69,50.93,0.02,2.01,39.84
2025-01-14,06:42:24,3.94,5.53,39.69,51,0.18,4.24,186.94
2025-01-14,06:42:34,4.99,5.53,39.7,51.09,0,1.6,69.67
2025-01-14,06:42:44,4.99,5.53,39.7,51.21,0,1.11,51.6