19.01.2016;19:01:50;34.4
19.01.2016;19:01:52;34.4
19.01.2016;19:01:54;34.4
19.01.2016;19:01:56;34.4
19.01.2016;19:01:58;34.4
19.01.2016;19:02:00;34.4
19.01.2016;19:02:02;34.4
19.01.2016;19:02:04;34.4
19.01.2016;19:02:06;34.4
19.01.2016;19:02:08;34.4
19.01.2016;19:02:10;34.4
19.01.2016;19:02:12;34.4
19.01.2016;19:02:14;34.4
19.01.2016;19:02:16;34.4
19.01.2016;19:02:18;34.4
19.01.2016;19:02:20;34.4
19.01.2016;19:02:22;34.4
19.01.2016;19:02:24;34.4
19.01.2016;19:02:26;34.4
19.01.2016;19:02:28;34.4
19.01.2016;19:02:30;34.4
19.01.2016;19:02:32;34.4
19.01.2016;19:02:34;34.4
19.01.2016;19:02:36;34.4
19.01.2016;19:02:38;34.4
19.01.2016;19:02:40;34.4
19.01.2016;19:02:42;34.4
19.01.2016;19:02:44;34.4
19.01.2016;19:02:46;34.4
19.01.2016;19:02:48;34.4
19.01.2016;19:02:50;34.4
19.01.2016;19:02:52;34.4
19.01.2016;19:02:54;34.4
19.01.2016;19:02:56;34.4
19.01.2016;19:02:58;34.4
19.01.2016;19:03:00;34.4
19.01.2016;19:03:02;34.6
19.01.2016;19:03:04;34.6
19.01.2016;19:03:06;34.6
19.01.2016;19:03:08;34.6
19.01.2016;19:03:10;34.7
19.01.2016;19:03:12;34.7
19.01.2016;19:03:14;34.9
19.01.2016;19:03:16;34.9
19.01.2016;19:03:18;35.1
19.01.2016;19:03:20;35.1
19.01.2016;19:03:22;35.2
19.01.2016;19:03:24;35.2
19.01.2016;19:03:26;35.4
19.01.2016;19:03:28;35.4
19.01.2016;19:03:30;35.4
19.01.2016;19:03:32;35.6
19.01.2016;19:03:34;35.6
19.01.2016;19:03:36;35.6
19.01.2016;19:03:38;35.8
19.01.2016;19:03:40;35.8
19.01.2016;19:03:42;35.8
19.01.2016;19:03:44;35.8
19.01.2016;19:03:46;35.9
19.01.2016;19:03:48;35.9
19.01.2016;19:03:50;35.9
19.01.2016;19:03:52;36.1
19.01.2016;19:03:54;36.1
19.01.2016;19:03:56;36.2
19.01.2016;19:03:58;36.2
19.01.2016;19:04:00;36.2
19.01.2016;19:04:02;36.4
19.01.2016;19:04:04;36.4
19.01.2016;19:04:06;36.6
19.01.2016;19:04:08;36.6
19.01.2016;19:04:10;36.6
19.01.2016;19:04:12;36.7
19.01.2016;19:04:14;36.7
19.01.2016;19:04:16;36.8
19.01.2016;19:04:18;36.8
19.01.2016;19:04:20;36.8
19.01.2016;19:04:22;37
19.01.2016;19:04:24;37
19.01.2016;19:04:26;37.1
19.01.2016;19:04:28;37.1
19.01.2016;19:04:30;37.3
19.01.2016;19:04:32;37.3
19.01.2016;19:04:34;37.3
19.01.2016;19:04:36;37.4
19.01.2016;19:04:38;37.4
19.01.2016;19:04:40;37.6
19.01.2016;19:04:42;37.6
19.01.2016;19:04:44;37.8
19.01.2016;19:04:46;37.8
19.01.2016;19:04:48;37.9
19.01.2016;19:04:50;37.9
19.01.2016;19:04:52;38.1
19.01.2016;19:04:54;38.3
19.01.2016;19:04:56;38.3
19.01.2016;19:04:58;38.4
19.01.2016;19:05:00;38.4
19.01.2016;19:05:02;38.6
19.01.2016;19:05:04;38.6
19.01.2016;19:05:06;38.7
19.01.2016;19:05:08;38.7
19.01.2016;19:05:10;38.9
19.01.2016;19:05:12;38.9
19.01.2016;19:05:14;38.9
19.01.2016;19:05:16;39.1
19.01.2016;19:05:18;39.1
19.01.2016;19:05:20;39.1
19.01.2016;19:05:22;39.2
19.01.2016;19:05:24;39.2
19.01.2016;19:05:26;39.3
19.01.2016;19:05:28;39.3
19.01.2016;19:05:30;39.3
19.01.2016;19:05:32;39.5
19.01.2016;19:05:34;39.5
19.01.2016;19:05:36;39.6
19.01.2016;19:05:38;39.6
19.01.2016;19:05:40;39.6
19.01.2016;19:05:42;39.8
19.01.2016;19:05:44;39.8
19.01.2016;19:05:46;39.8
19.01.2016;19:05:48;39.9
19.01.2016;19:05:50;39.9
19.01.2016;19:05:52;39.9
19.01.2016;19:05:54;40.1
19.01.2016;19:05:56;40.1
19.01.2016;19:05:58;40.1
19.01.2016;19:06:00;40.2
19.01.2016;19:06:02;40.2
19.01.2016;19:06:04;40.3
19.01.2016;19:06:06;40.3
19.01.2016;19:06:08;40.3
19.01.2016;19:06:10;40.5
19.01.2016;19:06:12;40.5
19.01.2016;19:06:14;40.7
19.01.2016;19:06:16;40.7
19.01.2016;19:06:18;40.7
19.01.2016;19:06:20;40.8
19.01.2016;19:06:22;40.8
19.01.2016;19:06:24;40.8
19.01.2016;19:06:26;40.9
19.01.2016;19:06:28;40.9
19.01.2016;19:06:30;41.1
19.01.2016;19:06:32;41.1
19.01.2016;19:06:34;41.1
19.01.2016;19:06:36;41.2
19.01.2016;19:06:38;41.2
19.01.2016;19:06:40;41.2
19.01.2016;19:06:42;41.4
19.01.2016;19:06:44;41.4
19.01.2016;19:06:46;41.6
19.01.2016;19:06:48;41.6
19.01.2016;19:06:50;41.6
19.01.2016;19:06:52;41.7
19.01.2016;19:06:54;41.7
19.01.2016;19:06:56;41.7
19.01.2016;19:06:58;41.8
19.01.2016;19:07:00;41.8
19.01.2016;19:07:02;41.8
19.01.2016;19:07:04;42
19.01.2016;19:07:06;42
19.01.2016;19:07:08;42.2
19.01.2016;19:07:10;42.2
19.01.2016;19:07:12;42.2
19.01.2016;19:07:14;42.3
19.01.2016;19:07:16;42.3
19.01.2016;19:07:18;42.4
19.01.2016;19:07:20;42.4
19.01.2016;19:07:22;42.4
19.01.2016;19:07:24;42.6
19.01.2016;19:07:26;42.6
19.01.2016;19:07:28;42.8
19.01.2016;19:07:30;42.8
19.01.2016;19:07:32;42.9
19.01.2016;19:07:34;42.9
19.01.2016;19:07:36;43.1
19.01.2016;19:07:38;43.1
19.01.2016;19:07:40;43.2
19.01.2016;19:07:42;43.2
19.01.2016;19:07:44;43.4
19.01.2016;19:07:46;43.4
19.01.2016;19:07:48;43.6
19.01.2016;19:07:50;43.6
19.01.2016;19:07:52;43.6
19.01.2016;19:07:54;43.7
19.01.2016;19:07:56;43.7
19.01.2016;19:07:58;43.9
19.01.2016;19:08:00;43.9
19.01.2016;19:08:02;44.1
19.01.2016;19:08:04;44.1
19.01.2016;19:08:06;44.2
19.01.2016;19:08:08;44.2
19.01.2016;19:08:10;44.3
19.01.2016;19:08:12;44.3
19.01.2016;19:08:14;44.5
19.01.2016;19:08:16;44.5
19.01.2016;19:08:18;44.7
19.01.2016;19:08:20;44.7
19.01.2016;19:08:22;44.7
19.01.2016;19:08:24;44.8
19.01.2016;19:08:26;44.8
19.01.2016;19:08:28;44.9
19.01.2016;19:08:30;44.9
19.01.2016;19:08:32;44.9
19.01.2016;19:08:34;45.1
19.01.2016;19:08:36;45.1
19.01.2016;19:08:38;45.2
19.01.2016;19:08:40;45.2
19.01.2016;19:08:42;45.4
19.01.2016;19:08:44;45.4
19.01.2016;19:08:46;45.4
19.01.2016;19:08:48;45.5
19.01.2016;19:08:50;45.5
19.01.2016;19:08:52;45.5
19.01.2016;19:08:54;45.7
19.01.2016;19:08:56;45.7
19.01.2016;19:08:58;45.7
19.01.2016;19:09:00;45.8
19.01.2016;19:09:02;45.8
19.01.2016;19:09:04;45.8
19.01.2016;19:09:06;45.9
19.01.2016;19:09:08;45.9
19.01.2016;19:09:10;45.9
19.01.2016;19:09:12;46.1
19.01.2016;19:09:14;46.1
19.01.2016;19:09:16;46.1
19.01.2016;19:09:18;46.1
19.01.2016;19:09:20;46.2
19.01.2016;19:09:22;46.2
19.01.2016;19:09:24;46.2
19.01.2016;19:09:26;46.4
19.01.2016;19:09:28;46.4
19.01.2016;19:09:30;46.4
19.01.2016;19:09:32;46.4
19.01.2016;19:09:34;46.4
19.01.2016;19:09:36;46.5
19.01.2016;19:09:38;46.5
19.01.2016;19:09:40;46.5
19.01.2016;19:09:42;46.5
19.01.2016;19:09:44;46.6
19.01.2016;19:09:46;46.6
19.01.2016;19:09:48;46.6
19.01.2016;19:09:50;46.6
19.01.2016;19:09:52;46.8
19.01.2016;19:09:54;46.8
19.01.2016;19:09:56;46.8
19.01.2016;19:09:58;46.8
19.01.2016;19:10:00;46.8
19.01.2016;19:10:02;46.8
19.01.2016;19:10:04;46.9
19.01.2016;19:10:06;46.9
19.01.2016;19:10:08;46.9
19.01.2016;19:10:10;46.9
19.01.2016;19:10:12;46.9
19.01.2016;19:10:14;46.9
19.01.2016;19:10:16;46.9
19.01.2016;19:10:18;46.9
19.01.2016;19:10:20;46.9
19.01.2016;19:10:22;46.9
19.01.2016;19:10:24;46.9
19.01.2016;19:10:26;46.9
19.01.2016;19:10:28;47
19.01.2016;19:10:30;47
19.01.2016;19:10:32;47
19.01.2016;19:10:34;47
19.01.2016;19:10:36;47
19.01.2016;19:10:38;47
19.01.2016;19:10:40;47
19.01.2016;19:10:42;47
19.01.2016;19:10:44;47
19.01.2016;19:10:46;47
19.01.2016;19:10:48;47
19.01.2016;19:10:50;47
19.01.2016;19:10:52;47
19.01.2016;19:10:54;47
19.01.2016;19:10:56;47
19.01.2016;19:10:58;47
19.01.2016;19:11:00;47
19.01.2016;19:11:02;47
19.01.2016;19:11:04;47
19.01.2016;19:11:06;47
19.01.2016;19:11:08;47
19.01.2016;19:11:10;47
19.01.2016;19:11:12;47
19.01.2016;19:11:14;47
19.01.2016;19:11:16;47
19.01.2016;19:11:18;47.2
19.01.2016;19:11:20;47.2
19.01.2016;19:11:22;47.2
19.01.2016;19:11:24;47.3
19.01.2016;19:11:26;47.3
19.01.2016;19:11:28;47.3
19.01.2016;19:11:30;47.4
19.01.2016;19:11:32;47.4
19.01.2016;19:11:34;47.5
19.01.2016;19:11:36;47.5
19.01.2016;19:11:38;47.5
19.01.2016;19:11:40;47.5
19.01.2016;19:11:42;47.5
19.01.2016;19:11:44;56.7
19.01.2016;19:11:46;77.2
19.01.2016;19:11:48;83.8
19.01.2016;19:11:50;87.9
19.01.2016;19:11:52;91.1
19.01.2016;19:11:54;93.7
19.01.2016;19:11:56;101.6
19.01.2016;19:11:58;106.9
19.01.2016;19:12:00;111.3
19.01.2016;19:12:02;115.6
19.01.2016;19:12:04;120.1
19.01.2016;19:12:06;125.1
19.01.2016;19:12:08;130.3
19.01.2016;19:12:10;135.6
19.01.2016;19:12:12;140.4
19.01.2016;19:12:14;145
19.01.2016;19:12:16;149.8
19.01.2016;19:12:18;154.4
19.01.2016;19:12:20;158.9
19.01.2016;19:12:22;163
19.01.2016;19:12:24;168.4
19.01.2016;19:12:26;172.2
19.01.2016;19:12:28;176.2
19.01.2016;19:12:30;180.9
19.01.2016;19:12:32;185.4
19.01.2016;19:12:34;190
19.01.2016;19:12:36;197.7
19.01.2016;19:12:38;216.8
19.01.2016;19:12:40;226.2
19.01.2016;19:12:42;231.4
19.01.2016;19:12:44;234.7
19.01.2016;19:12:46;236.9
19.01.2016;19:12:48;238.5
19.01.2016;19:12:50;239.3
19.01.2016;19:12:52;240.7
19.01.2016;19:12:54;241.2
19.01.2016;19:12:56;241.9
19.01.2016;19:12:58;242.3
19.01.2016;19:13:00;242.6
19.01.2016;19:13:02;242.8
19.01.2016;19:13:04;242.9
19.01.2016;19:13:06;242.9
19.01.2016;19:13:08;242.9
19.01.2016;19:13:10;242.8
19.01.2016;19:13:12;242.4
19.01.2016;19:13:14;242.1
19.01.2016;19:13:16;241.7
19.01.2016;19:13:18;241.1
19.01.2016;19:13:20;240.8
19.01.2016;19:13:22;240
19.01.2016;19:13:24;239.6
19.01.2016;19:13:26;238.7
19.01.2016;19:13:28;238.2
19.01.2016;19:13:30;237.2
19.01.2016;19:13:32;236.7
19.01.2016;19:13:34;235.7
19.01.2016;19:13:36;235.1
19.01.2016;19:13:38;234
19.01.2016;19:13:40;233.4
19.01.2016;19:13:42;232.3
19.01.2016;19:13:44;231.1
19.01.2016;19:13:46;230.5
19.01.2016;19:13:48;229.3
19.01.2016;19:13:50;228.8
19.01.2016;19:13:52;227.6
19.01.2016;19:13:54;227
19.01.2016;19:13:56;225.8
19.01.2016;19:13:58;225.2
19.01.2016;19:14:00;224.1
19.01.2016;19:14:02;223.6
19.01.2016;19:14:04;222.4
19.01.2016;19:14:06;221.9
19.01.2016;19:14:08;221
19.01.2016;19:14:10;220.6
19.01.2016;19:14:12;219.7
19.01.2016;19:14:14;219.3
19.01.2016;19:14:16;218.5
19.01.2016;19:14:18;218.2
19.01.2016;19:14:20;217.4
19.01.2016;19:14:22;217.1
19.01.2016;19:14:24;216.4
19.01.2016;19:14:26;216.1
19.01.2016;19:14:28;215.7
19.01.2016;19:14:30;215.1
19.01.2016;19:14:32;214.8
19.01.2016;19:14:34;214.1
19.01.2016;19:14:36;213.7
19.01.2016;19:14:38;212.9
19.01.2016;19:14:40;212.6
19.01.2016;19:14:42;211.8
19.01.2016;19:14:44;211.3
19.01.2016;19:14:46;210.5
19.01.2016;19:14:48;210.1
19.01.2016;19:14:50;209.3
19.01.2016;19:14:52;208.8
19.01.2016;19:14:54;208
19.01.2016;19:14:56;207.6
19.01.2016;19:14:58;206.7
19.01.2016;19:15:00;205.8
19.01.2016;19:15:02;205.4
19.01.2016;19:15:04;204.5
19.01.2016;19:15:06;204.1
19.01.2016;19:15:08;203.2
19.01.2016;19:15:10;202.8
19.01.2016;19:15:12;201.9
19.01.2016;19:15:14;201.6
19.01.2016;19:15:16;200.8
19.01.2016;19:15:18;200.4
19.01.2016;19:15:20;199.7
19.01.2016;19:15:22;199.4
19.01.2016;19:15:24;198.7
19.01.2016;19:15:26;198.3
19.01.2016;19:15:28;197.7
19.01.2016;19:15:30;197.4
19.01.2016;19:15:32;196.8
19.01.2016;19:15:34;196.4
19.01.2016;19:15:36;195.8
19.01.2016;19:15:38;195.2
19.01.2016;19:15:40;194.8
19.01.2016;19:15:42;194.2
19.01.2016;19:15:44;193.8
19.01.2016;19:15:46;193.2
19.01.2016;19:15:48;192.8
19.01.2016;19:15:50;192.2
19.01.2016;19:15:52;191.8
19.01.2016;19:15:54;191.2
19.01.2016;19:15:56;190.8
19.01.2016;19:15:58;190.1
19.01.2016;19:16:00;189.8
19.01.2016;19:16:02;189.1
19.01.2016;19:16:04;188.7
19.01.2016;19:16:06;188.1
19.01.2016;19:16:08;187.7
19.01.2016;19:16:10;187.4
19.01.2016;19:16:12;186.7
19.01.2016;19:16:14;186.3
19.01.2016;19:16:16;185.9
19.01.2016;19:16:18;185.5
19.01.2016;19:16:20;185.1
19.01.2016;19:16:22;184.7
19.01.2016;19:16:24;184.3
19.01.2016;19:16:26;183.9
19.01.2016;19:16:28;183.6
19.01.2016;19:16:30;183.2
19.01.2016;19:16:32;182.8
19.01.2016;19:16:34;182.6
19.01.2016;19:16:36;182.2
19.01.2016;19:16:38;181.9
19.01.2016;19:16:40;181.7
19.01.2016;19:16:42;181.4
19.01.2016;19:16:44;181.2
19.01.2016;19:16:46;180.9
19.01.2016;19:16:48;180.9
19.01.2016;19:16:50;180.8
19.01.2016;19:16:52;180.6
19.01.2016;19:16:54;180.4
19.01.2016;19:16:56;180.4
19.01.2016;19:16:58;180.2
19.01.2016;19:17:00;180.2
19.01.2016;19:17:02;180
19.01.2016;19:17:04;180
19.01.2016;19:17:06;179.8
19.01.2016;19:17:08;179.8
19.01.2016;19:17:10;179.7
19.01.2016;19:17:12;179.7
19.01.2016;19:17:14;179.4
19.01.2016;19:17:16;179.4
19.01.2016;19:17:18;179.3
19.01.2016;19:17:20;179.3
19.01.2016;19:17:22;179.1
19.01.2016;19:17:24;178.9
19.01.2016;19:17:26;178.7
19.01.2016;19:17:28;178.7
19.01.2016;19:17:30;178.5
19.01.2016;19:17:32;178.2
19.01.2016;19:17:34;177.9
19.01.2016;19:17:36;177.7
19.01.2016;19:17:38;177.5
19.01.2016;19:17:40;177.5
19.01.2016;19:17:42;177.2
19.01.2016;19:17:44;176.9
19.01.2016;19:17:46;176.7
19.01.2016;19:17:48;176.7
19.01.2016;19:17:50;176.6
19.01.2016;19:17:52;176.3
19.01.2016;19:17:54;176.3
19.01.2016;19:17:56;176.1
19.01.2016;19:17:58;175.9
19.01.2016;19:18:00;175.9
19.01.2016;19:18:02;175.9
19.01.2016;19:18:04;175.9
19.01.2016;19:18:06;175.9
19.01.2016;19:18:08;176.1
19.01.2016;19:18:10;176.4
19.01.2016;19:18:12;177.1
19.01.2016;19:18:14;177.1
19.01.2016;19:18:16;176.8
19.01.2016;19:18:18;176.8
19.01.2016;19:18:20;176.3
19.01.2016;19:18:22;175.8
19.01.2016;19:18:24;175.7
19.01.2016;19:18:26;176.6
19.01.2016;19:18:28;175.3
19.01.2016;19:18:30;174.9
19.01.2016;19:18:32;174.7
19.01.2016;19:18:34;174.4
19.01.2016;19:18:36;174.2
19.01.2016;19:18:38;174
19.01.2016;19:18:40;174
19.01.2016;19:18:42;174
19.01.2016;19:18:44;174.2
19.01.2016;19:18:46;174.3
19.01.2016;19:18:48;174.3
19.01.2016;19:18:50;174.5
19.01.2016;19:18:52;174.5
19.01.2016;19:18:54;174.7
19.01.2016;19:18:56;174.7
19.01.2016;19:18:58;174.7
19.01.2016;19:19:00;174.8
19.01.2016;19:19:02;174.8
19.01.2016;19:19:04;174.8
19.01.2016;19:19:06;174.8
19.01.2016;19:19:08;174.9
19.01.2016;19:19:10;174.9
19.01.2016;19:19:12;174.9
19.01.2016;19:19:14;175.1
19.01.2016;19:19:16;175.3
19.01.2016;19:19:18;175.3
19.01.2016;19:19:20;175.4
19.01.2016;19:19:22;175.7
19.01.2016;19:19:24;175.7
19.01.2016;19:19:26;175.9
19.01.2016;19:19:28;176.2
19.01.2016;19:19:30;176.4
19.01.2016;19:19:32;176.7
19.01.2016;19:19:34;176.7
19.01.2016;19:19:36;177.1
19.01.2016;19:19:38;177.3
19.01.2016;19:19:40;177.6
19.01.2016;19:19:42;177.8
19.01.2016;19:19:44;178.1
19.01.2016;19:19:46;178.3
19.01.2016;19:19:48;178.6
19.01.2016;19:19:50;178.9
19.01.2016;19:19:52;179.2
19.01.2016;19:19:54;179.4
19.01.2016;19:19:56;179.7
19.01.2016;19:19:58;180
19.01.2016;19:20:00;180.3
19.01.2016;19:20:02;180.6
19.01.2016;19:20:04;180.8
19.01.2016;19:20:06;181.2
19.01.2016;19:20:08;181.5
19.01.2016;19:20:10;181.8
19.01.2016;19:20:12;182.1
19.01.2016;19:20:14;182.4
19.01.2016;19:20:16;182.8
19.01.2016;19:20:18;183.1
19.01.2016;19:20:20;183.4
19.01.2016;19:20:22;183.8
19.01.2016;19:20:24;184.2
19.01.2016;19:20:26;184.5
19.01.2016;19:20:28;184.9
19.01.2016;19:20:30;185.2
19.01.2016;19:20:32;185.6
19.01.2016;19:20:34;185.9
19.01.2016;19:20:36;186.3
19.01.2016;19:20:38;186.7
19.01.2016;19:20:40;187
19.01.2016;19:20:42;187.4
19.01.2016;19:20:44;188.1
19.01.2016;19:20:46;188.4
19.01.2016;19:20:48;188.7
19.01.2016;19:20:50;188.9
19.01.2016;19:20:52;189.2
19.01.2016;19:20:54;189.5
19.01.2016;19:20:56;189.8
19.01.2016;19:20:58;190.1
19.01.2016;19:21:00;190.3
19.01.2016;19:21:02;190.6
19.01.2016;19:21:04;190.8
19.01.2016;19:21:06;191.1
19.01.2016;19:21:08;191.4
19.01.2016;19:21:10;191.7
19.01.2016;19:21:12;191.9
19.01.2016;19:21:14;192.2
19.01.2016;19:21:16;192.5
19.01.2016;19:21:18;192.7
19.01.2016;19:21:20;193.1
19.01.2016;19:21:22;193.4
19.01.2016;19:21:24;193.7
19.01.2016;19:21:26;194
19.01.2016;19:21:28;194.4
19.01.2016;19:21:30;194.8
19.01.2016;19:21:32;195.2
19.01.2016;19:21:34;195.6
19.01.2016;19:21:36;196
19.01.2016;19:21:38;196.3
19.01.2016;19:21:40;196.6
19.01.2016;19:21:42;196.9
19.01.2016;19:21:44;197.2
19.01.2016;19:21:46;197.6
19.01.2016;19:21:48;197.9
19.01.2016;19:21:50;198.3
19.01.2016;19:21:52;198.6
19.01.2016;19:21:54;198.9
19.01.2016;19:21:56;199.2
19.01.2016;19:21:58;199.6
19.01.2016;19:22:00;199.9
19.01.2016;19:22:02;200.3
19.01.2016;19:22:04;200.6
19.01.2016;19:22:06;200.8
19.01.2016;19:22:08;200.8
19.01.2016;19:22:10;201.1
19.01.2016;19:22:12;201.3
19.01.2016;19:22:14;201.3
19.01.2016;19:22:16;201.3
19.01.2016;19:22:18;201.3
19.01.2016;19:22:20;201.1
19.01.2016;19:22:22;200.9
19.01.2016;19:22:24;200.9
19.01.2016;19:22:26;200.7
19.01.2016;19:22:28;200.7
19.01.2016;19:22:30;200.5
19.01.2016;19:22:32;200.5
19.01.2016;19:22:34;200.3
19.01.2016;19:22:36;200.3
19.01.2016;19:22:38;200.2
19.01.2016;19:22:40;200.2
19.01.2016;19:22:42;200.2
19.01.2016;19:22:44;199.9
19.01.2016;19:22:46;199.9
19.01.2016;19:22:48;199.9
19.01.2016;19:22:50;199.9
19.01.2016;19:22:52;200.1
19.01.2016;19:22:54;200.1
19.01.2016;19:22:56;199.8
19.01.2016;19:22:58;198.9
19.01.2016;19:23:00;198.6
19.01.2016;19:23:02;198.2
19.01.2016;19:23:04;197.3
19.01.2016;19:23:06;197
19.01.2016;19:23:08;196.6
19.01.2016;19:23:10;196.3
19.01.2016;19:23:12;196.3
19.01.2016;19:23:14;196.3
19.01.2016;19:23:16;197.1
19.01.2016;19:23:18;198.2
19.01.2016;19:23:20;199.7
19.01.2016;19:23:22;200.3
19.01.2016;19:23:24;201.6
19.01.2016;19:23:26;202.4
19.01.2016;19:23:28;203.8
19.01.2016;19:23:30;205.3
19.01.2016;19:23:32;207.2
19.01.2016;19:23:34;208.9
19.01.2016;19:23:36;210.8
19.01.2016;19:23:38;212.6
19.01.2016;19:23:40;213.8
19.01.2016;19:23:42;215.4
19.01.2016;19:23:44;217.2
19.01.2016;19:23:46;218.8
19.01.2016;19:23:48;220.1
19.01.2016;19:23:50;221.6
19.01.2016;19:23:52;222.6
19.01.2016;19:23:54;224.3
19.01.2016;19:23:56;225.2
19.01.2016;19:23:58;227.6
19.01.2016;19:24:00;228.9
19.01.2016;19:24:02;230.3
19.01.2016;19:24:04;231.7
19.01.2016;19:24:06;233.2
19.01.2016;19:24:08;234.8
19.01.2016;19:24:10;236.3
19.01.2016;19:24:12;238.1
19.01.2016;19:24:14;239.7
19.01.2016;19:24:16;240.8
19.01.2016;19:24:18;241.6
19.01.2016;19:24:20;243.4
19.01.2016;19:24:22;243.9
19.01.2016;19:24:24;244.7
19.01.2016;19:24:26;244.7
19.01.2016;19:24:28;245
19.01.2016;19:24:30;245.9
19.01.2016;19:24:32;246.2
19.01.2016;19:24:34;247.2
19.01.2016;19:24:36;248.4
19.01.2016;19:24:38;249.8
19.01.2016;19:24:40;250.2
19.01.2016;19:24:42;250.5
19.01.2016;19:24:44;250.7
19.01.2016;19:24:46;250.9
19.01.2016;19:24:48;250.9
19.01.2016;19:24:50;251.2
19.01.2016;19:24:52;251.8
19.01.2016;19:24:54;252.3
19.01.2016;19:24:56;253.1
19.01.2016;19:24:58;253.4
19.01.2016;19:25:00;254.3
19.01.2016;19:25:02;254.9
19.01.2016;19:25:04;255.8
19.01.2016;19:25:06;256.2
19.01.2016;19:25:08;257.6
19.01.2016;19:25:10;259.1
19.01.2016;19:25:12;259.3
19.01.2016;19:25:14;259.8
19.01.2016;19:25:16;261.2
19.01.2016;19:25:18;262.5
19.01.2016;19:25:20;263.1
19.01.2016;19:25:22;264.7
19.01.2016;19:25:24;265.9
19.01.2016;19:25:26;266.7
19.01.2016;19:25:28;268.1
19.01.2016;19:25:30;268.9
19.01.2016;19:25:32;270.1
19.01.2016;19:25:34;270.6
19.01.2016;19:25:36;272.3
19.01.2016;19:25:38;274.4
19.01.2016;19:25:40;277.2
19.01.2016;19:25:42;278.9
19.01.2016;19:25:44;280.4
19.01.2016;19:25:46;281.3
19.01.2016;19:25:48;281.3
19.01.2016;19:25:50;281.4
19.01.2016;19:25:52;281.4
19.01.2016;19:25:54;281.4
19.01.2016;19:25:56;281.2
19.01.2016;19:25:58;280.8
19.01.2016;19:26:00;280.6
19.01.2016;19:26:02;280.6
19.01.2016;19:26:04;280.2
19.01.2016;19:26:06;280.2
19.01.2016;19:26:08;279.8
19.01.2016;19:26:10;279.2
19.01.2016;19:26:12;279
19.01.2016;19:26:14;278.6
19.01.2016;19:26:16;277.9
19.01.2016;19:26:18;277.6
19.01.2016;19:26:20;275.4
19.01.2016;19:26:22;271
19.01.2016;19:26:24;265.3
19.01.2016;19:26:26;259.8
19.01.2016;19:26:28;253.9
19.01.2016;19:26:30;247.9
19.01.2016;19:26:32;242.4
19.01.2016;19:26:34;237.1
19.01.2016;19:26:36;230.4
19.01.2016;19:26:38;225.2
19.01.2016;19:26:40;220.3
19.01.2016;19:26:42;215.6
19.01.2016;19:26:44;211
19.01.2016;19:26:46;206.8
19.01.2016;19:26:48;202.8
19.01.2016;19:26:50;199.3
19.01.2016;19:26:52;195.9
19.01.2016;19:26:54;192.9
19.01.2016;19:26:56;190.8
19.01.2016;19:26:58;191.3
19.01.2016;19:27:00;193.2
19.01.2016;19:27:02;195.6
19.01.2016;19:27:04;197.9
19.01.2016;19:27:06;200
19.01.2016;19:27:08;201.7
19.01.2016;19:27:10;202.7
19.01.2016;19:27:12;204.2
19.01.2016;19:27:14;204.8
19.01.2016;19:27:16;205.9
19.01.2016;19:27:18;206.6
19.01.2016;19:27:20;206.9
19.01.2016;19:27:22;207.6
19.01.2016;19:27:24;208.1
19.01.2016;19:27:26;208.4
19.01.2016;19:27:28;208.7
19.01.2016;19:27:30;209.1
19.01.2016;19:27:32;209.9
19.01.2016;19:27:34;210.3
19.01.2016;19:27:36;210.6
19.01.2016;19:27:38;210.6
19.01.2016;19:27:40;210.9
19.01.2016;19:27:42;211.2
19.01.2016;19:27:44;211.4
19.01.2016;19:27:46;211.7
19.01.2016;19:27:48;211.7
19.01.2016;19:27:50;212
19.01.2016;19:27:52;212.3
19.01.2016;19:27:54;212.4
19.01.2016;19:27:56;212.4
19.01.2016;19:27:58;212.6
19.01.2016;19:28:00;212.6
19.01.2016;19:28:02;212.8
19.01.2016;19:28:04;212.8
19.01.2016;19:28:06;212.8
19.01.2016;19:28:08;212.8
19.01.2016;19:28:10;212.6
19.01.2016;19:28:12;212.3
19.01.2016;19:28:14;212.3
19.01.2016;19:28:16;212.3
19.01.2016;19:28:18;212.7
19.01.2016;19:28:20;213
19.01.2016;19:28:22;213.4
19.01.2016;19:28:24;213.8
19.01.2016;19:28:26;214.7
19.01.2016;19:28:28;215.2
19.01.2016;19:28:30;216.3
19.01.2016;19:28:32;216.8
19.01.2016;19:28:34;217.9
19.01.2016;19:28:36;219.1
19.01.2016;19:28:38;219.6
19.01.2016;19:28:40;220.7
19.01.2016;19:28:42;221.1
19.01.2016;19:28:44;221.8
19.01.2016;19:28:46;222.1
19.01.2016;19:28:48;222.8
19.01.2016;19:28:50;223.2
19.01.2016;19:28:52;223.6
19.01.2016;19:28:54;223.9
19.01.2016;19:28:56;224.2
19.01.2016;19:28:58;224.2
19.01.2016;19:29:00;224.4
19.01.2016;19:29:02;224.4
19.01.2016;19:29:04;224.4
19.01.2016;19:29:06;224.4
19.01.2016;19:29:08;224.4
19.01.2016;19:29:10;224.4
19.01.2016;19:29:12;224.4
19.01.2016;19:29:14;224.4
19.01.2016;19:29:16;224.4
19.01.2016;19:29:18;224.4
19.01.2016;19:29:20;224.4
19.01.2016;19:29:22;224.4
19.01.2016;19:29:24;224.6
19.01.2016;19:29:26;224.6
19.01.2016;19:29:28;224.8
19.01.2016;19:29:30;224.8
19.01.2016;19:29:32;224.8
19.01.2016;19:29:34;224.8
19.01.2016;19:29:36;224.8
19.01.2016;19:29:38;224.8
19.01.2016;19:29:40;224.8
19.01.2016;19:29:42;224.8
19.01.2016;19:29:44;224.8
19.01.2016;19:29:46;224.5
19.01.2016;19:29:48;224.5
19.01.2016;19:29:50;224.3
19.01.2016;19:29:52;224.3
19.01.2016;19:29:54;224.1
19.01.2016;19:29:56;223.9
19.01.2016;19:29:58;223.9
19.01.2016;19:30:00;223.9
19.01.2016;19:30:02;224.2
19.01.2016;19:30:04;224.2
19.01.2016;19:30:06;224.2
19.01.2016;19:30:08;224.2
19.01.2016;19:30:10;224.2
19.01.2016;19:30:12;224.2
19.01.2016;19:30:14;224.2
19.01.2016;19:30:16;224.2
19.01.2016;19:30:18;224
19.01.2016;19:30:20;223.8
19.01.2016;19:30:22;223.4
19.01.2016;19:30:24;223.1
19.01.2016;19:30:26;222.6
19.01.2016;19:30:28;222.3
19.01.2016;19:30:30;222.1
19.01.2016;19:30:32;221.8
19.01.2016;19:30:34;221.6
19.01.2016;19:30:36;221.2
19.01.2016;19:30:38;220.9
19.01.2016;19:30:40;220.6
19.01.2016;19:30:42;220.1
19.01.2016;19:30:44;219.8
19.01.2016;19:30:46;219.8
19.01.2016;19:30:48;220
19.01.2016;19:30:50;220.3
19.01.2016;19:30:52;220.6
19.01.2016;19:30:54;220.8
19.01.2016;19:30:56;221.3
19.01.2016;19:30:58;221.6
19.01.2016;19:31:00;221.8
19.01.2016;19:31:02;222.1
19.01.2016;19:31:04;222.3
19.01.2016;19:31:06;222.3
19.01.2016;19:31:08;222.5
19.01.2016;19:31:10;222.5
19.01.2016;19:31:12;222.7
19.01.2016;19:31:14;223
19.01.2016;19:31:16;223
19.01.2016;19:31:18;223
19.01.2016;19:31:20;223
19.01.2016;19:31:22;223
19.01.2016;19:31:24;223
19.01.2016;19:31:26;223
19.01.2016;19:31:28;223
19.01.2016;19:31:30;223
19.01.2016;19:31:32;222.8
19.01.2016;19:31:34;222.6
19.01.2016;19:31:36;222.6
19.01.2016;19:31:38;222.4
19.01.2016;19:31:40;222.4
19.01.2016;19:31:42;222.4
19.01.2016;19:31:44;222.4
19.01.2016;19:31:46;222.4
19.01.2016;19:31:48;222.4
19.01.2016;19:31:50;222.4
19.01.2016;19:31:52;222.4
19.01.2016;19:31:54;222.4
19.01.2016;19:31:56;222.4
19.01.2016;19:31:58;222.4
19.01.2016;19:32:00;222.4
19.01.2016;19:32:02;222.4
19.01.2016;19:32:04;222.6
19.01.2016;19:32:06;222.8
19.01.2016;19:32:08;223.1
19.01.2016;19:32:10;223.3
19.01.2016;19:32:12;223.3
19.01.2016;19:32:14;223.4
19.01.2016;19:32:16;223.4
19.01.2016;19:32:18;223.3
19.01.2016;19:32:20;223.3
19.01.2016;19:32:22;223.3
19.01.2016;19:32:24;223.3
19.01.2016;19:32:26;223.5
19.01.2016;19:32:28;223.5
19.01.2016;19:32:30;223.6
19.01.2016;19:32:32;223.8
19.01.2016;19:32:34;223.8
19.01.2016;19:32:36;224
19.01.2016;19:32:38;224.3
19.01.2016;19:32:40;224.6
19.01.2016;19:32:42;225
19.01.2016;19:32:44;225.3
19.01.2016;19:32:46;225.8
19.01.2016;19:32:48;226.2
19.01.2016;19:32:50;226.5
19.01.2016;19:32:52;226.8
19.01.2016;19:32:54;227.1
19.01.2016;19:32:56;227.5
19.01.2016;19:32:58;228.3
19.01.2016;19:33:00;228.7
19.01.2016;19:33:02;229.4
19.01.2016;19:33:04;229.8
19.01.2016;19:33:06;230.2
19.01.2016;19:33:08;230.6
19.01.2016;19:33:10;230.8
19.01.2016;19:33:12;230.8
19.01.2016;19:33:14;230.8
19.01.2016;19:33:16;230.9
19.01.2016;19:33:18;231.3
19.01.2016;19:33:20;231.6
19.01.2016;19:33:22;232
19.01.2016;19:33:24;232.4
19.01.2016;19:33:26;233.3
19.01.2016;19:33:28;233.8
19.01.2016;19:33:30;234.2
19.01.2016;19:33:32;234.6
19.01.2016;19:33:34;234.8
19.01.2016;19:33:36;235.1
19.01.2016;19:33:38;235.4
19.01.2016;19:33:40;236.1
19.01.2016;19:33:42;236.5
19.01.2016;19:33:44;237.3
19.01.2016;19:33:46;237.7
19.01.2016;19:33:48;238.4
19.01.2016;19:33:50;238.7
19.01.2016;19:33:52;238.7
19.01.2016;19:33:54;238.7
19.01.2016;19:33:56;238.9
19.01.2016;19:33:58;239.3
19.01.2016;19:34:00;239.3
19.01.2016;19:34:02;239.3
19.01.2016;19:34:04;239.4
19.01.2016;19:34:06;239.6
19.01.2016;19:34:08;239.9
19.01.2016;19:34:10;240.4
19.01.2016;19:34:12;241.7
19.01.2016;19:34:14;242.2
19.01.2016;19:34:16;243.8
19.01.2016;19:34:18;245.9
19.01.2016;19:34:20;248.6
19.01.2016;19:34:22;251.9
19.01.2016;19:34:24;256.7
19.01.2016;19:34:26;263.2
19.01.2016;19:34:28;270.7
19.01.2016;19:34:30;278.8
19.01.2016;19:34:32;285.3
19.01.2016;19:34:34;292.3
19.01.2016;19:34:36;295.7
19.01.2016;19:34:38;297.9
19.01.2016;19:34:40;299.5
19.01.2016;19:34:42;300.3
19.01.2016;19:34:44;301.6
19.01.2016;19:34:46;302.9
19.01.2016;19:34:48;304.6
19.01.2016;19:34:50;306.4
19.01.2016;19:34:52;308.1
19.01.2016;19:34:54;310.6
19.01.2016;19:34:56;313.8
19.01.2016;19:34:58;317.8
19.01.2016;19:35:00;322.4
19.01.2016;19:35:02;327
19.01.2016;19:35:04;331.7
19.01.2016;19:35:06;336.6
19.01.2016;19:35:08;341.3
19.01.2016;19:35:10;350.8
19.01.2016;19:35:12;354.2
19.01.2016;19:35:14;356.7
19.01.2016;19:35:16;358.4
19.01.2016;19:35:18;359.1
19.01.2016;19:35:20;361.9
19.01.2016;19:35:22;365.2
19.01.2016;19:35:24;367.3
19.01.2016;19:35:26;368.5
19.01.2016;19:35:28;368.8
19.01.2016;19:35:30;368.1
19.01.2016;19:35:32;365.9
19.01.2016;19:35:34;363.4
19.01.2016;19:35:36;360.1
19.01.2016;19:35:38;356.6
19.01.2016;19:35:40;352.9
19.01.2016;19:35:42;349.4
19.01.2016;19:35:44;345.9
19.01.2016;19:35:46;342.2
19.01.2016;19:35:48;338.1
19.01.2016;19:35:50;333.8
19.01.2016;19:35:52;329.1
19.01.2016;19:35:54;331.5
19.01.2016;19:35:56;335.2
19.01.2016;19:35:58;339
19.01.2016;19:36:00;342.1
19.01.2016;19:36:02;346.9
19.01.2016;19:36:04;350.5
19.01.2016;19:36:06;352
19.01.2016;19:36:08;352
19.01.2016;19:36:10;351.9
19.01.2016;19:36:12;352.8
19.01.2016;19:36:14;354.1
19.01.2016;19:36:16;358
19.01.2016;19:36:18;360.1
19.01.2016;19:36:20;359.9
19.01.2016;19:36:22;357.1
19.01.2016;19:36:24;353.3
19.01.2016;19:36:26;349.9
19.01.2016;19:36:28;346.6
19.01.2016;19:36:30;343.2
19.01.2016;19:36:32;340.3
19.01.2016;19:36:34;337.5
19.01.2016;19:36:36;335.4
19.01.2016;19:36:38;332.9
19.01.2016;19:36:40;330.1
19.01.2016;19:36:42;328.8
19.01.2016;19:36:44;330.1
19.01.2016;19:36:46;331.4
19.01.2016;19:36:48;330.5
19.01.2016;19:36:50;329.8
19.01.2016;19:36:52;328.1
19.01.2016;19:36:54;327.4
19.01.2016;19:36:56;327.3
19.01.2016;19:36:58;326.7
19.01.2016;19:37:00;325.8
19.01.2016;19:37:02;325.7
19.01.2016;19:37:04;327.7
19.01.2016;19:37:06;328.6
19.01.2016;19:37:08;328.9
19.01.2016;19:37:10;327.2
19.01.2016;19:37:12;325.9
19.01.2016;19:37:14;325
19.01.2016;19:37:16;324.6
19.01.2016;19:37:18;325.3
19.01.2016;19:37:20;324.2
19.01.2016;19:37:22;323.3
19.01.2016;19:37:24;324.3
19.01.2016;19:37:26;327.6
19.01.2016;19:37:28;328.4
19.01.2016;19:37:30;328.6
19.01.2016;19:37:32;327
19.01.2016;19:37:34;325.8
19.01.2016;19:37:36;327.9
19.01.2016;19:37:38;330.6
19.01.2016;19:37:40;331.1
19.01.2016;19:37:42;329.5
19.01.2016;19:37:44;328.7
19.01.2016;19:37:46;330
19.01.2016;19:37:48;333.1
19.01.2016;19:37:50;337.3
19.01.2016;19:37:52;339.1
19.01.2016;19:37:54;337.4
19.01.2016;19:37:56;334.6
19.01.2016;19:37:58;333.7
19.01.2016;19:38:00;335.6
19.01.2016;19:38:02;339.4
19.01.2016;19:38:04;343.5
19.01.2016;19:38:06;343.6
19.01.2016;19:38:08;342
19.01.2016;19:38:10;342.1
19.01.2016;19:38:12;343.2
19.01.2016;19:38:14;342.3
19.01.2016;19:38:16;340.9
19.01.2016;19:38:18;339.2
19.01.2016;19:38:20;337.6
19.01.2016;19:38:22;336
19.01.2016;19:38:24;335.3
19.01.2016;19:38:26;335.3
19.01.2016;19:38:28;334.8
19.01.2016;19:38:30;334.4
19.01.2016;19:38:32;331.8
19.01.2016;19:38:34;330.2
19.01.2016;19:38:36;328.6
19.01.2016;19:38:38;326.3
19.01.2016;19:38:40;325.2
19.01.2016;19:38:42;324.3
19.01.2016;19:38:44;322.2
19.01.2016;19:38:46;321.1
19.01.2016;19:38:48;317.9
19.01.2016;19:38:50;312.9
19.01.2016;19:38:52;308.6
19.01.2016;19:38:54;304.6
19.01.2016;19:38:56;301.5
19.01.2016;19:38:58;300.1
19.01.2016;19:39:00;299.9
19.01.2016;19:39:02;299.9
19.01.2016;19:39:04;299.6
19.01.2016;19:39:06;299.9
19.01.2016;19:39:08;299.2
19.01.2016;19:39:10;298.2
19.01.2016;19:39:12;298.1
19.01.2016;19:39:14;298.3
19.01.2016;19:39:16;301.5
19.01.2016;19:39:18;302.8
19.01.2016;19:39:20;302.3
19.01.2016;19:39:22;301.8
19.01.2016;19:39:24;302.2
19.01.2016;19:39:26;301.1
19.01.2016;19:39:28;316.1
19.01.2016;19:39:30;326.8
19.01.2016;19:39:32;334.1
19.01.2016;19:39:34;342.8
19.01.2016;19:39:36;350.8
19.01.2016;19:39:38;360.9
19.01.2016;19:39:40;372.9
19.01.2016;19:39:42;381.7
19.01.2016;19:39:44;388.8
19.01.2016;19:39:46;392.2
19.01.2016;19:39:48;393.7
19.01.2016;19:39:50;395.7
19.01.2016;19:39:52;397.6
19.01.2016;19:39:54;398.6
19.01.2016;19:39:56;396.3
19.01.2016;19:39:58;395
19.01.2016;19:40:00;396.9
19.01.2016;19:40:02;399.1
19.01.2016;19:40:04;399.1
19.01.2016;19:40:06;397.5
19.01.2016;19:40:08;396.9
19.01.2016;19:40:10;394
19.01.2016;19:40:12;394.6
19.01.2016;19:40:14;394.6
19.01.2016;19:40:16;393.9
19.01.2016;19:40:18;392.2
19.01.2016;19:40:20;393.6
19.01.2016;19:40:22;394.9
19.01.2016;19:40:24;392.9
19.01.2016;19:40:26;392.4
19.01.2016;19:40:28;390.6
19.01.2016;19:40:30;388.3
19.01.2016;19:40:32;387.3
19.01.2016;19:40:34;386.8
19.01.2016;19:40:36;384.4
19.01.2016;19:40:38;381.1
19.01.2016;19:40:40;379.9
19.01.2016;19:40:42;379.7
19.01.2016;19:40:44;380.3
19.01.2016;19:40:46;379.9
19.01.2016;19:40:48;378.1
19.01.2016;19:40:50;375.4
19.01.2016;19:40:52;371.4
19.01.2016;19:40:54;371.7
19.01.2016;19:40:56;372.5
19.01.2016;19:40:58;369.9
19.01.2016;19:41:00;368.3
19.01.2016;19:41:02;367.5
19.01.2016;19:41:04;369.1
19.01.2016;19:41:06;364.9
19.01.2016;19:41:08;364.6
19.01.2016;19:41:10;369.4
19.01.2016;19:41:12;371.3
19.01.2016;19:41:14;368.2
19.01.2016;19:41:16;363.1
19.01.2016;19:41:18;357.9
19.01.2016;19:41:20;352.7
19.01.2016;19:41:22;347.9
19.01.2016;19:41:24;343.3
19.01.2016;19:41:26;339.1
19.01.2016;19:41:28;335.1
19.01.2016;19:41:30;331.2
19.01.2016;19:41:32;325.9
19.01.2016;19:41:34;322.3
19.01.2016;19:41:36;318.8
19.01.2016;19:41:38;315.6
19.01.2016;19:41:40;312.3
19.01.2016;19:41:42;309.2
19.01.2016;19:41:44;306.4
19.01.2016;19:41:46;303.8
19.01.2016;19:41:48;301.1
19.01.2016;19:41:50;298.6
19.01.2016;19:41:52;296.2
19.01.2016;19:41:54;293.9
19.01.2016;19:41:56;291.7
19.01.2016;19:41:58;289.5
19.01.2016;19:42:00;287.4
19.01.2016;19:42:02;285.4
19.01.2016;19:42:04;283.4
19.01.2016;19:42:06;281.3
19.01.2016;19:42:08;279.3
19.01.2016;19:42:10;277.6
19.01.2016;19:42:12;275.8
19.01.2016;19:42:14;273.6
19.01.2016;19:42:16;272
19.01.2016;19:42:18;270.4
19.01.2016;19:42:20;268.9
19.01.2016;19:42:22;267.3
19.01.2016;19:42:24;265.7
19.01.2016;19:42:26;264.4
19.01.2016;19:42:28;263.6
19.01.2016;19:42:30;262.1
19.01.2016;19:42:32;261.3
19.01.2016;19:42:34;259.8
19.01.2016;19:42:36;258.4
19.01.2016;19:42:38;256.1
19.01.2016;19:42:40;253.9
19.01.2016;19:42:42;251.9
19.01.2016;19:42:44;249.2
19.01.2016;19:42:46;248.6
19.01.2016;19:42:48;251
19.01.2016;19:42:50;251
19.01.2016;19:42:52;251.2
19.01.2016;19:42:54;251.2
19.01.2016;19:42:56;251.4
19.01.2016;19:42:58;258.2
19.01.2016;19:43:00;271.1
19.01.2016;19:43:02;286.6
19.01.2016;19:43:04;303.2
19.01.2016;19:43:06;320.7
19.01.2016;19:43:08;338.1
19.01.2016;19:43:10;355.7
19.01.2016;19:43:12;372.4
19.01.2016;19:43:14;382.7
19.01.2016;19:43:16;397.7
19.01.2016;19:43:18;392.3
19.01.2016;19:43:20;378.7
19.01.2016;19:43:22;369.2
19.01.2016;19:43:24;362.9
19.01.2016;19:43:26;395.4
19.01.2016;19:43:28;421.9
19.01.2016;19:43:30;439.6
19.01.2016;19:43:32;452.1
19.01.2016;19:43:34;464.5
19.01.2016;19:43:36;477.6
19.01.2016;19:43:38;486.6
19.01.2016;19:43:40;500.1
19.01.2016;19:43:42;514.4
19.01.2016;19:43:44;526.2
19.01.2016;19:43:46;536.4
19.01.2016;19:43:48;545.4
19.01.2016;19:43:50;554.8
19.01.2016;19:43:52;562.5
19.01.2016;19:43:54;568.7
19.01.2016;19:43:56;574.6
19.01.2016;19:43:58;576.1
19.01.2016;19:44:00;575.9
19.01.2016;19:44:02;573.2
19.01.2016;19:44:04;566.1
19.01.2016;19:44:06;558.6
19.01.2016;19:44:08;554.1
19.01.2016;19:44:10;549.9
19.01.2016;19:44:12;547.3
19.01.2016;19:44:14;547.8
19.01.2016;19:44:16;545.2
19.01.2016;19:44:18;542.3
19.01.2016;19:44:20;539.2
19.01.2016;19:44:22;538.1
19.01.2016;19:44:24;537.1
19.01.2016;19:44:26;536.5
19.01.2016;19:44:28;535.2
19.01.2016;19:44:30;532.8
19.01.2016;19:44:32;530.1
19.01.2016;19:44:34;527.8
19.01.2016;19:44:36;526.2
19.01.2016;19:44:38;524.3
19.01.2016;19:44:40;523.1
19.01.2016;19:44:42;521.8
19.01.2016;19:44:44;519.9
19.01.2016;19:44:46;518.3
19.01.2016;19:44:48;514.3
19.01.2016;19:44:50;507.2
19.01.2016;19:44:52;501.1
19.01.2016;19:44:54;495.4
19.01.2016;19:44:56;490.1
19.01.2016;19:44:58;485.2
19.01.2016;19:45:00;480.4
19.01.2016;19:45:02;475.8
19.01.2016;19:45:04;470.2
19.01.2016;19:45:06;466.6
19.01.2016;19:45:08;463.2
19.01.2016;19:45:10;460.2
19.01.2016;19:45:12;457.6
19.01.2016;19:45:14;455.2
19.01.2016;19:45:16;453.1
19.01.2016;19:45:18;451.5
19.01.2016;19:45:20;450.1
19.01.2016;19:45:22;448.8
19.01.2016;19:45:24;447.5
19.01.2016;19:45:26;446.1
19.01.2016;19:45:28;444.6
19.01.2016;19:45:30;443.1
19.01.2016;19:45:32;441.1
19.01.2016;19:45:34;439.4
19.01.2016;19:45:36;439.1
19.01.2016;19:45:38;436.4
19.01.2016;19:45:40;432.4
19.01.2016;19:45:42;429.3
19.01.2016;19:45:44;427.2
19.01.2016;19:45:46;422.3
19.01.2016;19:45:48;418.5
19.01.2016;19:45:50;414.7
19.01.2016;19:45:52;411.1
19.01.2016;19:45:54;407.3
19.01.2016;19:45:56;403.6
19.01.2016;19:45:58;399
19.01.2016;19:46:00;395.4
19.01.2016;19:46:02;392.8
19.01.2016;19:46:04;388.3
19.01.2016;19:46:06;384
19.01.2016;19:46:08;379.8
19.01.2016;19:46:10;375.8
19.01.2016;19:46:12;372.1
19.01.2016;19:46:14;368.2
19.01.2016;19:46:16;364.6
19.01.2016;19:46:18;361.4
19.01.2016;19:46:20;357.4
19.01.2016;19:46:22;354.3
19.01.2016;19:46:24;351.8
19.01.2016;19:46:26;349
19.01.2016;19:46:28;345.8
19.01.2016;19:46:30;343.6
19.01.2016;19:46:32;341.4
19.01.2016;19:46:34;338.9
19.01.2016;19:46:36;336.6
19.01.2016;19:46:38;335
19.01.2016;19:46:40;333.2
19.01.2016;19:46:42;332.6
19.01.2016;19:46:44;331.1
19.01.2016;19:46:46;330.9
19.01.2016;19:46:48;328.7
19.01.2016;19:46:50;327.3
19.01.2016;19:46:52;325.4
19.01.2016;19:46:54;324.3
19.01.2016;19:46:56;323.3
19.01.2016;19:46:58;322.2
19.01.2016;19:47:00;321.4
19.01.2016;19:47:02;320.4
19.01.2016;19:47:04;319.6
19.01.2016;19:47:06;318.9
19.01.2016;19:47:08;318.4
19.01.2016;19:47:10;316.3
19.01.2016;19:47:12;316
19.01.2016;19:47:14;315.3
19.01.2016;19:47:16;314.2
19.01.2016;19:47:18;314.4
19.01.2016;19:47:20;314.4
19.01.2016;19:47:22;314.4
19.01.2016;19:47:24;313.3
19.01.2016;19:47:26;312.6
19.01.2016;19:47:28;312.6
19.01.2016;19:47:30;312.8
19.01.2016;19:47:32;312.5
19.01.2016;19:47:34;312.1
19.01.2016;19:47:36;312.4
19.01.2016;19:47:38;312.4
19.01.2016;19:47:40;311.9
19.01.2016;19:47:42;311.7
19.01.2016;19:47:44;311.5
19.01.2016;19:47:46;311.3
19.01.2016;19:47:48;311.8
19.01.2016;19:47:50;311.8
19.01.2016;19:47:52;310.7
19.01.2016;19:47:54;309.7
19.01.2016;19:47:56;309.4
19.01.2016;19:47:58;309.4
19.01.2016;19:48:00;309.2
19.01.2016;19:48:02;308.9
19.01.2016;19:48:04;309.2
19.01.2016;19:48:06;309.1
19.01.2016;19:48:08;308.9
19.01.2016;19:48:10;308.2
19.01.2016;19:48:12;307.8
19.01.2016;19:48:14;307.8
19.01.2016;19:48:16;307.2
19.01.2016;19:48:18;306.7
19.01.2016;19:48:20;306.6
19.01.2016;19:48:22;306.1
19.01.2016;19:48:24;306.4
19.01.2016;19:48:26;306.9
19.01.2016;19:48:28;306.9
19.01.2016;19:48:30;308.4
19.01.2016;19:48:32;308.8
19.01.2016;19:48:34;309.9
19.01.2016;19:48:36;310.4
19.01.2016;19:48:38;309.9
19.01.2016;19:48:40;309.6
19.01.2016;19:48:42;309.4
19.01.2016;19:48:44;310.2
19.01.2016;19:48:46;310.7
19.01.2016;19:48:48;311.6
19.01.2016;19:48:50;312.3
19.01.2016;19:48:52;311.7
19.01.2016;19:48:54;310.9
19.01.2016;19:48:56;310.6
19.01.2016;19:48:58;310.6
19.01.2016;19:49:00;310.7
19.01.2016;19:49:02;310.3
19.01.2016;19:49:04;310.1
19.01.2016;19:49:06;309.4
19.01.2016;19:49:08;308.8
19.01.2016;19:49:10;309.4
19.01.2016;19:49:12;310.1
19.01.2016;19:49:14;311.6
19.01.2016;19:49:16;311.6
19.01.2016;19:49:18;313
19.01.2016;19:49:20;313.4
19.01.2016;19:49:22;312
19.01.2016;19:49:24;311.2
19.01.2016;19:49:26;311.5
19.01.2016;19:49:28;311.5
19.01.2016;19:49:30;310.6
19.01.2016;19:49:32;311.2
19.01.2016;19:49:34;311.7
19.01.2016;19:49:36;311.7
19.01.2016;19:49:38;314.1
19.01.2016;19:49:40;315.2
19.01.2016;19:49:42;316.9
19.01.2016;19:49:44;319.1
19.01.2016;19:49:46;319.4
19.01.2016;19:49:48;320.4
19.01.2016;19:49:50;321.6
19.01.2016;19:49:52;321.6
19.01.2016;19:49:54;322.5
19.01.2016;19:49:56;323.3
19.01.2016;19:49:58;323.7
19.01.2016;19:50:00;324.4
19.01.2016;19:50:02;324.7
19.01.2016;19:50:04;324.6
19.01.2016;19:50:06;323.1
19.01.2016;19:50:08;321.8
19.01.2016;19:50:10;321.3
19.01.2016;19:50:12;321.1
19.01.2016;19:50:14;321.2
19.01.2016;19:50:16;320.8
19.01.2016;19:50:18;319.3
19.01.2016;19:50:20;318.3
19.01.2016;19:50:22;317.9
19.01.2016;19:50:24;318.2
19.01.2016;19:50:26;317.8
19.01.2016;19:50:28;317.6
19.01.2016;19:50:30;318.7
19.01.2016;19:50:32;319.8
19.01.2016;19:50:34;319.2
19.01.2016;19:50:36;318.7
19.01.2016;19:50:38;319.8
19.01.2016;19:50:40;320.2
19.01.2016;19:50:42;317.8
19.01.2016;19:50:44;317.3
19.01.2016;19:50:46;317.3
19.01.2016;19:50:48;317.6
19.01.2016;19:50:50;317.2
19.01.2016;19:50:52;316.7
19.01.2016;19:50:54;316.7
19.01.2016;19:50:56;316.4
19.01.2016;19:50:58;316.1
19.01.2016;19:51:00;315.4
19.01.2016;19:51:02;315.1
19.01.2016;19:51:04;315.1
19.01.2016;19:51:06;314.8
19.01.2016;19:51:08;314.6
19.01.2016;19:51:10;314.2
19.01.2016;19:51:12;314.7
19.01.2016;19:51:14;312.9
19.01.2016;19:51:16;308.9
19.01.2016;19:51:18;303.4
19.01.2016;19:51:20;301.9
19.01.2016;19:51:22;303.6
19.01.2016;19:51:24;305.4
19.01.2016;19:51:26;309.9
19.01.2016;19:51:28;314.6
19.01.2016;19:51:30;314.8
19.01.2016;19:51:32;316.3
19.01.2016;19:51:34;319.2
19.01.2016;19:51:36;324.1
19.01.2016;19:51:38;325.3
19.01.2016;19:51:40;329.2
19.01.2016;19:51:42;333
19.01.2016;19:51:44;334.7
19.01.2016;19:51:46;337
19.01.2016;19:51:48;343.7
19.01.2016;19:51:50;346.6
19.01.2016;19:51:52;349.2
19.01.2016;19:51:54;349.2
19.01.2016;19:51:56;348.4
19.01.2016;19:51:58;347.4
19.01.2016;19:52:00;346.1
19.01.2016;19:52:02;345.3
19.01.2016;19:52:04;343.2
19.01.2016;19:52:06;341.8
19.01.2016;19:52:08;339.6
19.01.2016;19:52:10;337.9
19.01.2016;19:52:12;336.2
19.01.2016;19:52:14;334.4
19.01.2016;19:52:16;333
19.01.2016;19:52:18;331.7
19.01.2016;19:52:20;330.1
19.01.2016;19:52:22;328.4
19.01.2016;19:52:24;326.1
19.01.2016;19:52:26;324.8
19.01.2016;19:52:28;324
19.01.2016;19:52:30;322.9
19.01.2016;19:52:32;322.4
19.01.2016;19:52:34;321.9
19.01.2016;19:52:36;320.8
19.01.2016;19:52:38;319.6
19.01.2016;19:52:40;318.4
19.01.2016;19:52:42;317.9
19.01.2016;19:52:44;316.6
19.01.2016;19:52:46;315.6
19.01.2016;19:52:48;314.8
19.01.2016;19:52:50;314.4
19.01.2016;19:52:52;313.8
19.01.2016;19:52:54;313.8
19.01.2016;19:52:56;312.4
19.01.2016;19:52:58;311.3
19.01.2016;19:53:00;311
19.01.2016;19:53:02;311
19.01.2016;19:53:04;309.6
19.01.2016;19:53:06;308.8
19.01.2016;19:53:08;308.4
19.01.2016;19:53:10;308.6
19.01.2016;19:53:12;308.2
19.01.2016;19:53:14;307.6
19.01.2016;19:53:16;307.3
19.01.2016;19:53:18;307
19.01.2016;19:53:20;306.6
19.01.2016;19:53:22;306.6
19.01.2016;19:53:24;306.6
19.01.2016;19:53:26;305.5
19.01.2016;19:53:28;305.2
19.01.2016;19:53:30;305
19.01.2016;19:53:32;304.5
19.01.2016;19:53:34;304.5
19.01.2016;19:53:36;304.8
19.01.2016;19:53:38;304.6
19.01.2016;19:53:40;304.6
19.01.2016;19:53:42;304.1
19.01.2016;19:53:44;303.9
19.01.2016;19:53:46;303.7
19.01.2016;19:53:48;304.2
19.01.2016;19:53:50;303.2
19.01.2016;19:53:52;303.4
19.01.2016;19:53:54;303.2
19.01.2016;19:53:56;303.2
19.01.2016;19:53:58;303.4
19.01.2016;19:54:00;303.4
19.01.2016;19:54:02;303.1
19.01.2016;19:54:04;303.1
19.01.2016;19:54:06;303.1
19.01.2016;19:54:08;303.4
19.01.2016;19:54:10;302.8
19.01.2016;19:54:12;302.6
19.01.2016;19:54:14;302.6
19.01.2016;19:54:16;302.7
19.01.2016;19:54:18;302.7
19.01.2016;19:54:20;302.6
19.01.2016;19:54:22;301.5
19.01.2016;19:54:24;301.1
19.01.2016;19:54:26;301.1
19.01.2016;19:54:28;301.1
19.01.2016;19:54:30;300.7
19.01.2016;19:54:32;300.3
19.01.2016;19:54:34;299.7
19.01.2016;19:54:36;299.3
19.01.2016;19:54:38;299.1
19.01.2016;19:54:40;299.1
19.01.2016;19:54:42;299.8
19.01.2016;19:54:44;299.8
19.01.2016;19:54:46;299.4
19.01.2016;19:54:48;299.8
19.01.2016;19:54:50;299.3
19.01.2016;19:54:52;299.8
19.01.2016;19:54:54;300.2
19.01.2016;19:54:56;300.3
19.01.2016;19:54:58;300.4
19.01.2016;19:55:00;300.4
19.01.2016;19:55:02;300.8
19.01.2016;19:55:04;301.7
19.01.2016;19:55:06;301.9
19.01.2016;19:55:08;302.2
19.01.2016;19:55:10;302.2
19.01.2016;19:55:12;301.9
19.01.2016;19:55:14;302.3
19.01.2016;19:55:16;302.3
19.01.2016;19:55:18;302.9
19.01.2016;19:55:20;303.2
19.01.2016;19:55:22;303.2
19.01.2016;19:55:24;303.2
19.01.2016;19:55:26;303.6
19.01.2016;19:55:28;304
19.01.2016;19:55:30;304.6
19.01.2016;19:55:32;305.9
19.01.2016;19:55:34;306.6
19.01.2016;19:55:36;307.6
19.01.2016;19:55:38;307.6
19.01.2016;19:55:40;308.4
19.01.2016;19:55:42;308.8
19.01.2016;19:55:44;309.1
19.01.2016;19:55:46;309.6
19.01.2016;19:55:48;309.9
19.01.2016;19:55:50;309.9
19.01.2016;19:55:52;310.7
19.01.2016;19:55:54;311.2
19.01.2016;19:55:56;311.5
19.01.2016;19:55:58;311.8
19.01.2016;19:56:00;311.5
19.01.2016;19:56:02;311.9
19.01.2016;19:56:04;312.8
19.01.2016;19:56:06;313.1
19.01.2016;19:56:08;313.5
19.01.2016;19:56:10;313.8
19.01.2016;19:56:12;313.8
19.01.2016;19:56:14;314.1
19.01.2016;19:56:16;313.8
19.01.2016;19:56:18;313.3
19.01.2016;19:56:20;313.3
19.01.2016;19:56:22;313.2
19.01.2016;19:56:24;313.9
19.01.2016;19:56:26;314.3
19.01.2016;19:56:28;314.6
19.01.2016;19:56:30;314
19.01.2016;19:56:32;314
19.01.2016;19:56:34;315
19.01.2016;19:56:36;315.4
19.01.2016;19:56:38;316.2
19.01.2016;19:56:40;316.5
19.01.2016;19:56:42;316.5
19.01.2016;19:56:44;316.9
19.01.2016;19:56:46;317.3
19.01.2016;19:56:48;317.3
19.01.2016;19:56:50;316.6
19.01.2016;19:56:52;316
19.01.2016;19:56:54;315.6
19.01.2016;19:56:56;315.6
19.01.2016;19:56:58;315.9
19.01.2016;19:57:00;316.3
19.01.2016;19:57:02;316.8
19.01.2016;19:57:04;317.4
19.01.2016;19:57:06;317.7
19.01.2016;19:57:08;318.6
19.01.2016;19:57:10;318
19.01.2016;19:57:12;317.3
19.01.2016;19:57:14;316.7
19.01.2016;19:57:16;315.3
19.01.2016;19:57:18;314.1
19.01.2016;19:57:20;312.8
19.01.2016;19:57:22;312.4
19.01.2016;19:57:24;311.9
19.01.2016;19:57:26;311.8
19.01.2016;19:57:28;311.8
19.01.2016;19:57:30;311.5
19.01.2016;19:57:32;311.2
19.01.2016;19:57:34;311.5
19.01.2016;19:57:36;312.1
19.01.2016;19:57:38;312.1
19.01.2016;19:57:40;311.7
19.01.2016;19:57:42;311.7
19.01.2016;19:57:44;311
19.01.2016;19:57:46;311.4
19.01.2016;19:57:48;311.6
19.01.2016;19:57:50;311.7
19.01.2016;19:57:52;312.1
19.01.2016;19:57:54;313.2
19.01.2016;19:57:56;313.6
19.01.2016;19:57:58;313.6
19.01.2016;19:58:00;313.6
19.01.2016;19:58:02;312.1
19.01.2016;19:58:04;311.5
19.01.2016;19:58:06;309.9
19.01.2016;19:58:08;309.3
19.01.2016;19:58:10;310.2
19.01.2016;19:58:12;310.7
19.01.2016;19:58:14;311.7
19.01.2016;19:58:16;312.4
19.01.2016;19:58:18;312.4
19.01.2016;19:58:20;312.9
19.01.2016;19:58:22;313.5
19.01.2016;19:58:24;314.6
19.01.2016;19:58:26;314.1
19.01.2016;19:58:28;313.8
19.01.2016;19:58:30;312.6
19.01.2016;19:58:32;312.3
19.01.2016;19:58:34;311.7
19.01.2016;19:58:36;311.1
19.01.2016;19:58:38;309.7
19.01.2016;19:58:40;309.3
19.01.2016;19:58:42;308.6
19.01.2016;19:58:44;308.6
19.01.2016;19:58:46;308.5
19.01.2016;19:58:48;308.4
19.01.2016;19:58:50;308.4
19.01.2016;19:58:52;308.4
19.01.2016;19:58:54;308.4
19.01.2016;19:58:56;307.9
19.01.2016;19:58:58;307.9
19.01.2016;19:59:00;307.4
19.01.2016;19:59:02;307.8
19.01.2016;19:59:04;308.1
19.01.2016;19:59:06;308.5
19.01.2016;19:59:08;308.5
19.01.2016;19:59:10;308.9
19.01.2016;19:59:12;308.2
19.01.2016;19:59:14;307.6
19.01.2016;19:59:16;307.6
19.01.2016;19:59:18;307.2
19.01.2016;19:59:20;306.8
19.01.2016;19:59:22;306.6
19.01.2016;19:59:24;305.7
19.01.2016;19:59:26;305.9
19.01.2016;19:59:28;305.5
19.01.2016;19:59:30;305.1
19.01.2016;19:59:32;304.1
19.01.2016;19:59:34;304.1
19.01.2016;19:59:36;303.6
19.01.2016;19:59:38;302.4
19.01.2016;19:59:40;301.6
19.01.2016;19:59:42;299.6
19.01.2016;19:59:44;298.3
19.01.2016;19:59:46;297.7
19.01.2016;19:59:48;296
19.01.2016;19:59:50;294.8
19.01.2016;19:59:52;294.2
19.01.2016;19:59:54;292.9
19.01.2016;19:59:56;292.3
19.01.2016;19:59:58;291.2
19.01.2016;20:00:00;290.6
19.01.2016;20:00:02;289.6
19.01.2016;20:00:04;288.9
19.01.2016;20:00:06;288.4
19.01.2016;20:00:08;287.5
19.01.2016;20:00:10;286.7
19.01.2016;20:00:12;286.2
19.01.2016;20:00:14;285.2
19.01.2016;20:00:16;284.7
19.01.2016;20:00:18;283.9
19.01.2016;20:00:20;283.9
19.01.2016;20:00:22;284.2
19.01.2016;20:00:24;284.2
19.01.2016;20:00:26;283.7
19.01.2016;20:00:28;283.7
19.01.2016;20:00:30;283.3
19.01.2016;20:00:32;282.6
19.01.2016;20:00:34;283.6
19.01.2016;20:00:36;283.6
19.01.2016;20:00:38;283.6
19.01.2016;20:00:40;283.3
19.01.2016;20:00:42;283.4
19.01.2016;20:00:44;283.2
19.01.2016;20:00:46;283.2
19.01.2016;20:00:48;284.2
19.01.2016;20:00:50;284.7
19.01.2016;20:00:52;285.2
19.01.2016;20:00:54;286.7
19.01.2016;20:00:56;286.7
19.01.2016;20:00:58;286.4
19.01.2016;20:01:00;285.9
19.01.2016;20:01:02;285.6
19.01.2016;20:01:04;286.7
19.01.2016;20:01:06;286.7
19.01.2016;20:01:08;286.7
19.01.2016;20:01:10;286.7
19.01.2016;20:01:12;288
19.01.2016;20:01:14;288.3
19.01.2016;20:01:16;288.2
19.01.2016;20:01:18;287.7
19.01.2016;20:01:20;286.7
19.01.2016;20:01:22;286.7
19.01.2016;20:01:24;286.3
19.01.2016;20:01:26;285.8
19.01.2016;20:01:28;284.4
19.01.2016;20:01:30;283.3
19.01.2016;20:01:32;282.9
19.01.2016;20:01:34;281.6
19.01.2016;20:01:36;280.8
19.01.2016;20:01:38;279.6
19.01.2016;20:01:40;279.3
19.01.2016;20:01:42;278.9
19.01.2016;20:01:44;278.3
19.01.2016;20:01:46;277.8
19.01.2016;20:01:48;278.1
19.01.2016;20:01:50;278.3
19.01.2016;20:01:52;278.8
19.01.2016;20:01:54;280.4
19.01.2016;20:01:56;280.2
19.01.2016;20:01:58;280.2
19.01.2016;20:02:00;280.9
19.01.2016;20:02:02;281.1
19.01.2016;20:02:04;281.6
19.01.2016;20:02:06;282.8
19.01.2016;20:02:08;282.8
19.01.2016;20:02:10;282.9
19.01.2016;20:02:12;282.9
19.01.2016;20:02:14;282.9
19.01.2016;20:02:16;282.9
19.01.2016;20:02:18;282.9
19.01.2016;20:02:20;283.9
19.01.2016;20:02:22;284.9
19.01.2016;20:02:24;285.7
19.01.2016;20:02:26;285.4
19.01.2016;20:02:28;284.9
19.01.2016;20:02:30;285.2
19.01.2016;20:02:32;284.7
19.01.2016;20:02:34;284.4
19.01.2016;20:02:36;284.7
19.01.2016;20:02:38;284.7
19.01.2016;20:02:40;284.6
19.01.2016;20:02:42;284.2
19.01.2016;20:02:44;283.5
19.01.2016;20:02:46;282.9
19.01.2016;20:02:48;282.8
19.01.2016;20:02:50;282.1
19.01.2016;20:02:52;281.6
19.01.2016;20:02:54;281.6
19.01.2016;20:02:56;281.6
19.01.2016;20:02:58;281.6
19.01.2016;20:03:00;281.4
19.01.2016;20:03:02;280.4
19.01.2016;20:03:04;278.9
19.01.2016;20:03:06;277.5
19.01.2016;20:03:08;275.5
19.01.2016;20:03:10;273.7
19.01.2016;20:03:12;271.3
19.01.2016;20:03:14;269.9
19.01.2016;20:03:16;269.1
19.01.2016;20:03:18;283.6
19.01.2016;20:03:20;291.7
19.01.2016;20:03:22;305.5
19.01.2016;20:03:24;322.8
19.01.2016;20:03:26;342.2
19.01.2016;20:03:28;361.8
19.01.2016;20:03:30;370.7
19.01.2016;20:03:32;371.3
19.01.2016;20:03:34;369.1
19.01.2016;20:03:36;367.7
19.01.2016;20:03:38;371.2
19.01.2016;20:03:40;374.7
19.01.2016;20:03:42;376.2
19.01.2016;20:03:44;368.9
19.01.2016;20:03:46;361.1
19.01.2016;20:03:48;353.2
19.01.2016;20:03:50;345.9
19.01.2016;20:03:52;339
19.01.2016;20:03:54;333.1
19.01.2016;20:03:56;327.2
19.01.2016;20:03:58;324.8
19.01.2016;20:04:00;331.1
19.01.2016;20:04:02;336.8
19.01.2016;20:04:04;338.2
19.01.2016;20:04:06;338.4
19.01.2016;20:04:08;337.2
19.01.2016;20:04:10;336.4
19.01.2016;20:04:12;334.4
19.01.2016;20:04:14;332.6
19.01.2016;20:04:16;330.6
19.01.2016;20:04:18;328.8
19.01.2016;20:04:20;326.4
19.01.2016;20:04:22;324.2
19.01.2016;20:04:24;321.5
19.01.2016;20:04:26;319
19.01.2016;20:04:28;316.4
19.01.2016;20:04:30;313.8
19.01.2016;20:04:32;310.9
19.01.2016;20:04:34;308.1
19.01.2016;20:04:36;305.8
19.01.2016;20:04:38;303.4
19.01.2016;20:04:40;301.6
19.01.2016;20:04:42;299.7
19.01.2016;20:04:44;297.4
19.01.2016;20:04:46;295.5
19.01.2016;20:04:48;293.7
19.01.2016;20:04:50;292.5
19.01.2016;20:04:52;290
19.01.2016;20:04:54;288.2
19.01.2016;20:04:56;286.7
19.01.2016;20:04:58;286.1
19.01.2016;20:05:00;284.5
19.01.2016;20:05:02;283.1
19.01.2016;20:05:04;281.4
19.01.2016;20:05:06;279.7
19.01.2016;20:05:08;278.6
19.01.2016;20:05:10;277.7
19.01.2016;20:05:12;276.2
19.01.2016;20:05:14;275
19.01.2016;20:05:16;273.9
19.01.2016;20:05:18;272.8
19.01.2016;20:05:20;271.7
19.01.2016;20:05:22;270.9
19.01.2016;20:05:24;269.9
19.01.2016;20:05:26;269.3
19.01.2016;20:05:28;268.6
19.01.2016;20:05:30;268.1
19.01.2016;20:05:32;266.9
19.01.2016;20:05:34;266.4
19.01.2016;20:05:36;266.4
19.01.2016;20:05:38;266
19.01.2016;20:05:40;265.6
19.01.2016;20:05:42;265.8
19.01.2016;20:05:44;265.4
19.01.2016;20:05:46;264.1
19.01.2016;20:05:48;263.4
19.01.2016;20:05:50;263
19.01.2016;20:05:52;262
19.01.2016;20:05:54;261.7
19.01.2016;20:05:56;260.9
19.01.2016;20:05:58;260.3
19.01.2016;20:06:00;259.6
19.01.2016;20:06:02;258.8
19.01.2016;20:06:04;257.9
19.01.2016;20:06:06;257.7
19.01.2016;20:06:08;257.7
19.01.2016;20:06:10;257.1
19.01.2016;20:06:12;256.7
19.01.2016;20:06:14;256.4
19.01.2016;20:06:16;256.4
19.01.2016;20:06:18;255.1
19.01.2016;20:06:20;254.7
19.01.2016;20:06:22;254.9
19.01.2016;20:06:24;254.6
19.01.2016;20:06:26;254.2
19.01.2016;20:06:28;253.8
19.01.2016;20:06:30;254.2
19.01.2016;20:06:32;254.6
19.01.2016;20:06:34;255.1
19.01.2016;20:06:36;255.2
19.01.2016;20:06:38;255.2
19.01.2016;20:06:40;255
19.01.2016;20:06:42;255
19.01.2016;20:06:44;254.6
19.01.2016;20:06:46;254.3
19.01.2016;20:06:48;253.9
19.01.2016;20:06:50;253.6
19.01.2016;20:06:52;253.6
19.01.2016;20:06:54;253.8
19.01.2016;20:06:56;254.1
19.01.2016;20:06:58;253.9
19.01.2016;20:07:00;253.4
19.01.2016;20:07:02;253.3
19.01.2016;20:07:04;252.9
19.01.2016;20:07:06;253.3
19.01.2016;20:07:08;253.7
19.01.2016;20:07:10;254.1
19.01.2016;20:07:12;254.3
19.01.2016;20:07:14;254.3
19.01.2016;20:07:16;253.9
19.01.2016;20:07:18;253.9
19.01.2016;20:07:20;254.4
19.01.2016;20:07:22;254.4
19.01.2016;20:07:24;254.4
19.01.2016;20:07:26;255.1
19.01.2016;20:07:28;255.4
19.01.2016;20:07:30;254.9
19.01.2016;20:07:32;254.7
19.01.2016;20:07:34;254.9
19.01.2016;20:07:36;254.9
19.01.2016;20:07:38;254.9
19.01.2016;20:07:40;255.3
19.01.2016;20:07:42;254.9
19.01.2016;20:07:44;254.9
19.01.2016;20:07:46;254.5
19.01.2016;20:07:48;254.5
19.01.2016;20:07:50;254.2
19.01.2016;20:07:52;253.9
19.01.2016;20:07:54;253.7
19.01.2016;20:07:56;253.2
19.01.2016;20:07:58;253.2
19.01.2016;20:08:00;253.2
19.01.2016;20:08:02;253.2
19.01.2016;20:08:04;253.7
19.01.2016;20:08:06;252.8
19.01.2016;20:08:08;252.3
19.01.2016;20:08:10;251.3
19.01.2016;20:08:12;251.1
19.01.2016;20:08:14;250.6
19.01.2016;20:08:16;250.3
19.01.2016;20:08:18;249.8
19.01.2016;20:08:20;249
19.01.2016;20:08:22;249
19.01.2016;20:08:24;249.3
19.01.2016;20:08:26;249.2
19.01.2016;20:08:28;249.2
19.01.2016;20:08:30;249.8
19.01.2016;20:08:32;249.2
19.01.2016;20:08:34;249.1
19.01.2016;20:08:36;249.5
19.01.2016;20:08:38;249.2
19.01.2016;20:08:40;249.4
19.01.2016;20:08:42;250.2
19.01.2016;20:08:44;250.2
19.01.2016;20:08:46;250.7
19.01.2016;20:08:48;251
19.01.2016;20:08:50;251.6
19.01.2016;20:08:52;251.9
19.01.2016;20:08:54;253.1
19.01.2016;20:08:56;253.1
19.01.2016;20:08:58;252.7
19.01.2016;20:09:00;252.2
19.01.2016;20:09:02;251.3
19.01.2016;20:09:04;251
19.01.2016;20:09:06;250.4
19.01.2016;20:09:08;250.7
19.01.2016;20:09:10;250.2
19.01.2016;20:09:12;250.7
19.01.2016;20:09:14;250.4
19.01.2016;20:09:16;249.9
19.01.2016;20:09:18;249.4
19.01.2016;20:09:20;248.9
19.01.2016;20:09:22;248.5
19.01.2016;20:09:24;248.1
19.01.2016;20:09:26;247.6
19.01.2016;20:09:28;247.4
19.01.2016;20:09:30;247.2
19.01.2016;20:09:32;247.5
19.01.2016;20:09:34;247.2
19.01.2016;20:09:36;246.7
19.01.2016;20:09:38;247.2
19.01.2016;20:09:40;247.2
19.01.2016;20:09:42;246.9
19.01.2016;20:09:44;246.9
19.01.2016;20:09:46;246.9
19.01.2016;20:09:48;246.5
19.01.2016;20:09:50;246.5
19.01.2016;20:09:52;246.5
19.01.2016;20:09:54;246.5
19.01.2016;20:09:56;245.6
19.01.2016;20:09:58;244.8
19.01.2016;20:10:00;244.3
19.01.2016;20:10:02;244.5
19.01.2016;20:10:04;244.2
19.01.2016;20:10:06;244.2
19.01.2016;20:10:08;243.9
19.01.2016;20:10:10;243.4
19.01.2016;20:10:12;243.7
19.01.2016;20:10:14;243.7
19.01.2016;20:10:16;244.6
19.01.2016;20:10:18;245
19.01.2016;20:10:20;244.6
19.01.2016;20:10:22;244.3
19.01.2016;20:10:24;244.3
19.01.2016;20:10:26;244.5
19.01.2016;20:10:28;244.7
19.01.2016;20:10:30;244.7
19.01.2016;20:10:32;244.2
19.01.2016;20:10:34;244.6
19.01.2016;20:10:36;244.6
19.01.2016;20:10:38;245.7
19.01.2016;20:10:40;247
19.01.2016;20:10:42;247
19.01.2016;20:10:44;247.8
19.01.2016;20:10:46;247.8
19.01.2016;20:10:48;248.1
19.01.2016;20:10:50;248.4
19.01.2016;20:10:52;248.4
19.01.2016;20:10:54;248.7
19.01.2016;20:10:56;249.1
19.01.2016;20:10:58;249.5
19.01.2016;20:11:00;249.8
19.01.2016;20:11:02;249.6
19.01.2016;20:11:04;249.3
19.01.2016;20:11:06;249
19.01.2016;20:11:08;248.8
19.01.2016;20:11:10;248.8
19.01.2016;20:11:12;248.8
19.01.2016;20:11:14;248.8
19.01.2016;20:11:16;248.5
19.01.2016;20:11:18;248.5
19.01.2016;20:11:20;248.9
19.01.2016;20:11:22;249.1
19.01.2016;20:11:24;248.9
19.01.2016;20:11:26;249.1
19.01.2016;20:11:28;249.4
19.01.2016;20:11:30;249.7
19.01.2016;20:11:32;249.4
19.01.2016;20:11:34;249.6
19.01.2016;20:11:36;249.9
19.01.2016;20:11:38;250.3
19.01.2016;20:11:40;250.3
19.01.2016;20:11:42;250.6
19.01.2016;20:11:44;250.7
19.01.2016;20:11:46;250.4
19.01.2016;20:11:48;249.7
19.01.2016;20:11:50;249.4
19.01.2016;20:11:52;249.8
19.01.2016;20:11:54;250.4
19.01.2016;20:11:56;250.4
19.01.2016;20:11:58;250.1
19.01.2016;20:12:00;250.9
19.01.2016;20:12:02;250.7
19.01.2016;20:12:04;250.3
19.01.2016;20:12:06;250
19.01.2016;20:12:08;250
19.01.2016;20:12:10;249.8
19.01.2016;20:12:12;249.3
19.01.2016;20:12:14;248.8
19.01.2016;20:12:16;248.5
19.01.2016;20:12:18;248.7
19.01.2016;20:12:20;248.7
19.01.2016;20:12:22;248.3
19.01.2016;20:12:24;248.3
19.01.2016;20:12:26;248.4
19.01.2016;20:12:28;248.4
19.01.2016;20:12:30;248
19.01.2016;20:12:32;248
19.01.2016;20:12:34;247.8
19.01.2016;20:12:36;247.5
19.01.2016;20:12:38;247.5
19.01.2016;20:12:40;247.5
19.01.2016;20:12:42;246.6
19.01.2016;20:12:44;246.3
19.01.2016;20:12:46;246.3
19.01.2016;20:12:48;246.1
19.01.2016;20:12:50;246.1
19.01.2016;20:12:52;246.1
19.01.2016;20:12:54;245.8
19.01.2016;20:12:56;245.1
19.01.2016;20:12:58;244.8
19.01.2016;20:13:00;244.5
19.01.2016;20:13:02;243.3
19.01.2016;20:13:04;242.7
19.01.2016;20:13:06;242.2
19.01.2016;20:13:08;241.9
19.01.2016;20:13:10;242.2
19.01.2016;20:13:12;242.4
19.01.2016;20:13:14;242.3
19.01.2016;20:13:16;242.6
19.01.2016;20:13:18;242.8
19.01.2016;20:13:20;242.8
19.01.2016;20:13:22;242.8
19.01.2016;20:13:24;242.5
19.01.2016;20:13:26;242.1
19.01.2016;20:13:28;241.7
19.01.2016;20:13:30;241.4
19.01.2016;20:13:32;241.3
19.01.2016;20:13:34;240.8
19.01.2016;20:13:36;240
19.01.2016;20:13:38;239.7
19.01.2016;20:13:40;239.3
19.01.2016;20:13:42;239.3
19.01.2016;20:13:44;239.1
19.01.2016;20:13:46;238.3
19.01.2016;20:13:48;237.8
19.01.2016;20:13:50;237.4
19.01.2016;20:13:52;237.7
19.01.2016;20:13:54;237.7
19.01.2016;20:13:56;236.9
19.01.2016;20:13:58;236.6
19.01.2016;20:14:00;235.9
19.01.2016;20:14:02;235.9
19.01.2016;20:14:04;235.3
19.01.2016;20:14:06;234.8
19.01.2016;20:14:08;234.4
19.01.2016;20:14:10;234.1
19.01.2016;20:14:12;233.4
19.01.2016;20:14:14;233.1
19.01.2016;20:14:16;232.8
19.01.2016;20:14:18;232.6
19.01.2016;20:14:20;232.2
19.01.2016;20:14:22;231.5
19.01.2016;20:14:24;231.1
19.01.2016;20:14:26;230.8
19.01.2016;20:14:28;230.4
19.01.2016;20:14:30;230.1
19.01.2016;20:14:32;230.3
19.01.2016;20:14:34;230.3
19.01.2016;20:14:36;230
19.01.2016;20:14:38;229.7
19.01.2016;20:14:40;229.4
19.01.2016;20:14:42;229.1
19.01.2016;20:14:44;228.8
19.01.2016;20:14:46;228.6
19.01.2016;20:14:48;228.3
19.01.2016;20:14:50;228.3
19.01.2016;20:14:52;228.1
19.01.2016;20:14:54;227.8
19.01.2016;20:14:56;227.8
19.01.2016;20:14:58;227.6
19.01.2016;20:15:00;227.3
19.01.2016;20:15:02;227.1
19.01.2016;20:15:04;226.7
19.01.2016;20:15:06;226.4
19.01.2016;20:15:08;226.4
19.01.2016;20:15:10;226.3
19.01.2016;20:15:12;226.3
19.01.2016;20:15:14;226.2
19.01.2016;20:15:16;226.2
19.01.2016;20:15:18;226.3
19.01.2016;20:15:20;226.3
19.01.2016;20:15:22;226
19.01.2016;20:15:24;225.8
19.01.2016;20:15:26;225.6
19.01.2016;20:15:28;225.3
19.01.2016;20:15:30;225.1
19.01.2016;20:15:32;225.1
19.01.2016;20:15:34;225.4
19.01.2016;20:15:36;225.4
19.01.2016;20:15:38;225.4
19.01.2016;20:15:40;225.4
19.01.2016;20:15:42;225.4
19.01.2016;20:15:44;225.4
19.01.2016;20:15:46;225.6
19.01.2016;20:15:48;225.9
19.01.2016;20:15:50;225.9
19.01.2016;20:15:52;226.1
19.01.2016;20:15:54;226.1
19.01.2016;20:15:56;226.1
19.01.2016;20:15:58;226.1
19.01.2016;20:16:00;226.1
19.01.2016;20:16:02;226.5
19.01.2016;20:16:04;226.8
19.01.2016;20:16:06;226.9
19.01.2016;20:16:08;225.4
19.01.2016;20:16:10;224
19.01.2016;20:16:12;223.2
19.01.2016;20:16:14;223.8
19.01.2016;20:16:16;224.4
19.01.2016;20:16:18;224.7
19.01.2016;20:16:20;225.1
19.01.2016;20:16:22;228.7
19.01.2016;20:16:24;232.6
19.01.2016;20:16:26;242.7
19.01.2016;20:16:28;244.2
19.01.2016;20:16:30;245.2
19.01.2016;20:16:32;250.4
19.01.2016;20:16:34;253.2
19.01.2016;20:16:36;263.1
19.01.2016;20:16:38;271.3
19.01.2016;20:16:40;281.1
19.01.2016;20:16:42;290.9
19.01.2016;20:16:44;304.1
19.01.2016;20:16:46;310.5
19.01.2016;20:16:48;317.4
19.01.2016;20:16:50;324.2
19.01.2016;20:16:52;330.6
19.01.2016;20:16:54;339.4
19.01.2016;20:16:56;353.4
19.01.2016;20:16:58;370.9
19.01.2016;20:17:00;374.5
19.01.2016;20:17:02;375
19.01.2016;20:17:04;374
19.01.2016;20:17:06;371.7
19.01.2016;20:17:08;368.7
19.01.2016;20:17:10;364.9
19.01.2016;20:17:12;361.1
19.01.2016;20:17:14;357.2
19.01.2016;20:17:16;353.3
19.01.2016;20:17:18;349.1
19.01.2016;20:17:20;345
19.01.2016;20:17:22;340.8
19.01.2016;20:17:24;336.7
19.01.2016;20:17:26;332.6
19.01.2016;20:17:28;328.8
19.01.2016;20:17:30;324.9
19.01.2016;20:17:32;321.1
19.01.2016;20:17:34;317.4
19.01.2016;20:17:36;313.8
19.01.2016;20:17:38;309.1
19.01.2016;20:17:40;305.7
19.01.2016;20:17:42;302.4
19.01.2016;20:17:44;299.2
19.01.2016;20:17:46;296.1
19.01.2016;20:17:48;293.1
19.01.2016;20:17:50;290.2
19.01.2016;20:17:52;287.4
19.01.2016;20:17:54;284.8
19.01.2016;20:17:56;282.2
19.01.2016;20:17:58;279.8
19.01.2016;20:18:00;277.6
19.01.2016;20:18:02;275.2
19.01.2016;20:18:04;273.1
19.01.2016;20:18:06;271.2
19.01.2016;20:18:08;269.4
19.01.2016;20:18:10;267.7
19.01.2016;20:18:12;265.8
19.01.2016;20:18:14;264
19.01.2016;20:18:16;262.5
19.01.2016;20:18:18;260.9
19.01.2016;20:18:20;259.1
19.01.2016;20:18:22;257.6
19.01.2016;20:18:24;256.3
19.01.2016;20:18:26;254.9
19.01.2016;20:18:28;253.6
19.01.2016;20:18:30;252.8
19.01.2016;20:18:32;251.5
19.01.2016;20:18:34;250.8
19.01.2016;20:18:36;249.4
19.01.2016;20:18:38;248.7
19.01.2016;20:18:40;247.4
19.01.2016;20:18:42;246.9
19.01.2016;20:18:44;245.9
19.01.2016;20:18:46;245.4
19.01.2016;20:18:48;244.6
19.01.2016;20:18:50;244.3
19.01.2016;20:18:52;243.4
19.01.2016;20:18:54;243
19.01.2016;20:18:56;242.7
19.01.2016;20:18:58;242.4
19.01.2016;20:19:00;241.7
19.01.2016;20:19:02;241.3
19.01.2016;20:19:04;241
19.01.2016;20:19:06;240.3
19.01.2016;20:19:08;239.9
19.01.2016;20:19:10;239.7
19.01.2016;20:19:12;239.3
19.01.2016;20:19:14;238.6
19.01.2016;20:19:16;238.3
19.01.2016;20:19:18;237.8
19.01.2016;20:19:20;237.4
19.01.2016;20:19:22;237
19.01.2016;20:19:24;236.6
19.01.2016;20:19:26;236.2
19.01.2016;20:19:28;235.5
19.01.2016;20:19:30;235.1
19.01.2016;20:19:32;234.7
19.01.2016;20:19:34;234.4
19.01.2016;20:19:36;234
19.01.2016;20:19:38;233.6
19.01.2016;20:19:40;233.2
19.01.2016;20:19:42;232.8
19.01.2016;20:19:44;232.3
19.01.2016;20:19:46;232.1
19.01.2016;20:19:48;231.7
19.01.2016;20:19:50;231.5
19.01.2016;20:19:52;231.5
19.01.2016;20:19:54;231.4
19.01.2016;20:19:56;231.4
19.01.2016;20:19:58;231.2
19.01.2016;20:20:00;231.2
19.01.2016;20:20:02;230.9
19.01.2016;20:20:04;230.7
19.01.2016;20:20:06;230.3
19.01.2016;20:20:08;229.9
19.01.2016;20:20:10;229.5
19.01.2016;20:20:12;229.2
19.01.2016;20:20:14;228.9
19.01.2016;20:20:16;228.6
19.01.2016;20:20:18;228.2
19.01.2016;20:20:20;227.8
19.01.2016;20:20:22;227.4
19.01.2016;20:20:24;227.1
19.01.2016;20:20:26;226.3
19.01.2016;20:20:28;226.1
19.01.2016;20:20:30;225.8
19.01.2016;20:20:32;225.4
19.01.2016;20:20:34;225.1
19.01.2016;20:20:36;224.8
19.01.2016;20:20:38;224.4
19.01.2016;20:20:40;224.2
19.01.2016;20:20:42;223.8
19.01.2016;20:20:44;223.6
19.01.2016;20:20:46;223.2
19.01.2016;20:20:48;222.9
19.01.2016;20:20:50;222.6
19.01.2016;20:20:52;222.2
19.01.2016;20:20:54;221.9
19.01.2016;20:20:56;221.6
19.01.2016;20:20:58;221.2
19.01.2016;20:21:00;220.9
19.01.2016;20:21:02;220.1
19.01.2016;20:21:04;219.8
19.01.2016;20:21:06;219.4
19.01.2016;20:21:08;219.1
19.01.2016;20:21:10;218.7
19.01.2016;20:21:12;218.4
19.01.2016;20:21:14;218.1
19.01.2016;20:21:16;217.6
19.01.2016;20:21:18;217.2
19.01.2016;20:21:20;216.9
19.01.2016;20:21:22;216.6
19.01.2016;20:21:24;216.2
19.01.2016;20:21:26;215.8
19.01.2016;20:21:28;215.5
19.01.2016;20:21:30;215.1
19.01.2016;20:21:32;214.7
19.01.2016;20:21:34;214.4
19.01.2016;20:21:36;214.1
19.01.2016;20:21:38;213.8
19.01.2016;20:21:40;213.2
19.01.2016;20:21:42;213
19.01.2016;20:21:44;213
19.01.2016;20:21:46;212.7
19.01.2016;20:21:48;212.6
19.01.2016;20:21:50;212.6
19.01.2016;20:21:52;212.3
19.01.2016;20:21:54;212.1
19.01.2016;20:21:56;212.1
19.01.2016;20:21:58;211.8
19.01.2016;20:22:00;211.6
19.01.2016;20:22:02;211.6
19.01.2016;20:22:04;211.2
19.01.2016;20:22:06;210.9
19.01.2016;20:22:08;210.6
19.01.2016;20:22:10;210.4
19.01.2016;20:22:12;210.2
19.01.2016;20:22:14;210.2
19.01.2016;20:22:16;209.9
19.01.2016;20:22:18;209.7
19.01.2016;20:22:20;209.4
19.01.2016;20:22:22;209.2
19.01.2016;20:22:24;209.2
19.01.2016;20:22:26;209.6
19.01.2016;20:22:28;210.1
19.01.2016;20:22:30;210.6
19.01.2016;20:22:32;210.6
19.01.2016;20:22:34;210.6
19.01.2016;20:22:36;210.6
19.01.2016;20:22:38;210.8
19.01.2016;20:22:40;210.8
19.01.2016;20:22:42;212
19.01.2016;20:22:44;213.2
19.01.2016;20:22:46;214.6
19.01.2016;20:22:48;215.2
19.01.2016;20:22:50;216.6
19.01.2016;20:22:52;217.8
19.01.2016;20:22:54;218.7
19.01.2016;20:22:56;218.9
19.01.2016;20:22:58;218.6
19.01.2016;20:23:00;218.2
19.01.2016;20:23:02;217.8
19.01.2016;20:23:04;217.4
19.01.2016;20:23:06;217
19.01.2016;20:23:08;216.6
19.01.2016;20:23:10;216.3
19.01.2016;20:23:12;215.9
19.01.2016;20:23:14;215.5
19.01.2016;20:23:16;215.5
19.01.2016;20:23:18;215.5
19.01.2016;20:23:20;215.5
19.01.2016;20:23:22;215.2
19.01.2016;20:23:24;214.9
19.01.2016;20:23:26;214.6
19.01.2016;20:23:28;214.3
19.01.2016;20:23:30;213.9
19.01.2016;20:23:32;213.1
19.01.2016;20:23:34;212.7
19.01.2016;20:23:36;212.3
19.01.2016;20:23:38;211.9
19.01.2016;20:23:40;211.6
19.01.2016;20:23:42;211.3
19.01.2016;20:23:44;210.8
19.01.2016;20:23:46;210.4
19.01.2016;20:23:48;210.1
19.01.2016;20:23:50;210.1
19.01.2016;20:23:52;209.9
19.01.2016;20:23:54;209.7
19.01.2016;20:23:56;209.7
19.01.2016;20:23:58;209.4
19.01.2016;20:24:00;209.2
19.01.2016;20:24:02;208.8
19.01.2016;20:24:04;208.5
19.01.2016;20:24:06;208.2
19.01.2016;20:24:08;207.9
19.01.2016;20:24:10;207.6
19.01.2016;20:24:12;207.2
19.01.2016;20:24:14;206.9
19.01.2016;20:24:16;206.6
19.01.2016;20:24:18;206.3
19.01.2016;20:24:20;206
19.01.2016;20:24:22;205.7
19.01.2016;20:24:24;205.4
19.01.2016;20:24:26;205.1
19.01.2016;20:24:28;204.8
19.01.2016;20:24:30;204.4
19.01.2016;20:24:32;204.1
19.01.2016;20:24:34;203.7
19.01.2016;20:24:36;203.5
19.01.2016;20:24:38;203.5
19.01.2016;20:24:40;203.3
19.01.2016;20:24:42;203.1
19.01.2016;20:24:44;202.8
19.01.2016;20:24:46;202.6
19.01.2016;20:24:48;202.3
19.01.2016;20:24:50;202.3
19.01.2016;20:24:52;202
19.01.2016;20:24:54;201.8
19.01.2016;20:24:56;201.5
19.01.2016;20:24:58;201.5
19.01.2016;20:25:00;201.4
19.01.2016;20:25:02;201.4
19.01.2016;20:25:04;201.4
19.01.2016;20:25:06;201.4
19.01.2016;20:25:08;201.4
19.01.2016;20:25:10;201.4
19.01.2016;20:25:12;201.2
19.01.2016;20:25:14;200.9
19.01.2016;20:25:16;200.9
19.01.2016;20:25:18;201.2
19.01.2016;20:25:20;201.8
19.01.2016;20:25:22;202.1
19.01.2016;20:25:24;202.1
19.01.2016;20:25:26;202.1
19.01.2016;20:25:28;201.9
19.01.2016;20:25:30;201.9
19.01.2016;20:25:32;201.9
19.01.2016;20:25:34;202.1
19.01.2016;20:25:36;202.1
19.01.2016;20:25:38;202.1
19.01.2016;20:25:40;202.1
19.01.2016;20:25:42;202.1
19.01.2016;20:25:44;202.1
19.01.2016;20:25:46;201.8
19.01.2016;20:25:48;201.6
19.01.2016;20:25:50;201.6
19.01.2016;20:25:52;201.4
19.01.2016;20:25:54;201.4
19.01.2016;20:25:56;201.4
19.01.2016;20:25:58;201.4
19.01.2016;20:26:00;201.2
19.01.2016;20:26:02;201.1
19.01.2016;20:26:04;200.8
19.01.2016;20:26:06;200.7
19.01.2016;20:26:08;200.7
19.01.2016;20:26:10;200.4
19.01.2016;20:26:12;200.1
19.01.2016;20:26:14;199.8
19.01.2016;20:26:16;199.6
19.01.2016;20:26:18;199.4
19.01.2016;20:26:20;199.4
19.01.2016;20:26:22;199.1
19.01.2016;20:26:24;199.1
19.01.2016;20:26:26;198.9
19.01.2016;20:26:28;198.6
19.01.2016;20:26:30;198.4
19.01.2016;20:26:32;198.1
19.01.2016;20:26:34;197.8
19.01.2016;20:26:36;197.5
19.01.2016;20:26:38;197.4
19.01.2016;20:26:40;197.2
19.01.2016;20:26:42;197.2
19.01.2016;20:26:44;197.2
19.01.2016;20:26:46;197.2
19.01.2016;20:26:48;197.4
19.01.2016;20:26:50;197.7
19.01.2016;20:26:52;197.9
19.01.2016;20:26:54;197.9
19.01.2016;20:26:56;197.9
19.01.2016;20:26:58;197.9
19.01.2016;20:27:00;197.9
19.01.2016;20:27:02;198.2
19.01.2016;20:27:04;198.2
19.01.2016;20:27:06;198.3
19.01.2016;20:27:08;198.3
19.01.2016;20:27:10;198.3
19.01.2016;20:27:12;198.2
19.01.2016;20:27:14;198.2
19.01.2016;20:27:16;197.9
19.01.2016;20:27:18;197.7
19.01.2016;20:27:20;197.7
19.01.2016;20:27:22;197.6
19.01.2016;20:27:24;197.4
19.01.2016;20:27:26;197.4
19.01.2016;20:27:28;197.4
19.01.2016;20:27:30;197.4
19.01.2016;20:27:32;197.4
19.01.2016;20:27:34;197.2
19.01.2016;20:27:36;197.2
19.01.2016;20:27:38;197.2
19.01.2016;20:27:40;197
19.01.2016;20:27:42;197
19.01.2016;20:27:44;197
19.01.2016;20:27:46;196.8
19.01.2016;20:27:48;196.8
19.01.2016;20:27:50;197.2
19.01.2016;20:27:52;197.5
19.01.2016;20:27:54;197.7
19.01.2016;20:27:56;197.7
19.01.2016;20:27:58;197.7
19.01.2016;20:28:00;197.7
19.01.2016;20:28:02;197.7
19.01.2016;20:28:04;197.7
19.01.2016;20:28:06;197.7
19.01.2016;20:28:08;197.8
19.01.2016;20:28:10;197.8
19.01.2016;20:28:12;197.8
19.01.2016;20:28:14;197.8
19.01.2016;20:28:16;197.6
