09.02.2016;12:25:28;312.9
09.02.2016;12:25:30;312.9
09.02.2016;12:25:32;312.6
09.02.2016;12:25:34;312.4
09.02.2016;12:25:36;312.4
09.02.2016;12:25:38;312.4
09.02.2016;12:25:40;312.4
09.02.2016;12:25:42;312.6
09.02.2016;12:25:44;312.3
09.02.2016;12:25:46;311.6
09.02.2016;12:25:48;311
09.02.2016;12:25:50;310.5
09.02.2016;12:25:52;310.2
09.02.2016;12:25:54;309.9
09.02.2016;12:25:56;309.5
09.02.2016;12:25:58;308.7
09.02.2016;12:26:00;307.5
09.02.2016;12:26:02;307.5
09.02.2016;12:26:04;307.1
09.02.2016;12:26:06;306.6
09.02.2016;12:26:08;306.6
09.02.2016;12:26:10;306.9
09.02.2016;12:26:12;306.9
09.02.2016;12:26:14;307.4
09.02.2016;12:26:16;308.1
09.02.2016;12:26:18;308.4
09.02.2016;12:26:20;308.7
09.02.2016;12:26:22;309.9
09.02.2016;12:26:24;309.9
09.02.2016;12:26:26;310.9
09.02.2016;12:26:28;312
09.02.2016;12:26:30;312.3
09.02.2016;12:26:32;312.6
09.02.2016;12:26:34;314.4
09.02.2016;12:26:36;315.6
09.02.2016;12:26:38;318.4
09.02.2016;12:26:40;320.9
09.02.2016;12:26:42;322.3
09.02.2016;12:26:44;323.9
09.02.2016;12:26:46;325.2
09.02.2016;12:26:48;327.4
09.02.2016;12:26:50;329.6
09.02.2016;12:26:52;331.5
09.02.2016;12:26:54;332.9
09.02.2016;12:26:56;334.8
09.02.2016;12:26:58;335.9
09.02.2016;12:27:00;337.2
09.02.2016;12:27:02;338.2
09.02.2016;12:27:04;338.6
09.02.2016;12:27:06;337.6
09.02.2016;12:27:08;353.8
09.02.2016;12:27:10;358.8
09.02.2016;12:27:12;359.4
09.02.2016;12:27:14;358.9
09.02.2016;12:27:16;355.9
09.02.2016;12:27:18;352.4
09.02.2016;12:27:20;349.6
09.02.2016;12:27:22;345.3
09.02.2016;12:27:24;341.4
09.02.2016;12:27:26;338.4
09.02.2016;12:27:28;334.6
09.02.2016;12:27:30;330.7
09.02.2016;12:27:32;326.8
09.02.2016;12:27:34;322.7
09.02.2016;12:27:36;318.6
09.02.2016;12:27:38;315.2
09.02.2016;12:27:40;312.3
09.02.2016;12:27:42;309.6
09.02.2016;12:27:44;306.1
09.02.2016;12:27:46;302.8
09.02.2016;12:27:48;299.5
09.02.2016;12:27:50;296.3
09.02.2016;12:27:52;293.4
09.02.2016;12:27:54;290.4
09.02.2016;12:27:56;287.9
09.02.2016;12:27:58;285.6
09.02.2016;12:28:00;282.9
09.02.2016;12:28:02;280.2
09.02.2016;12:28:04;277.6
09.02.2016;12:28:06;275.7
09.02.2016;12:28:08;273.9
09.02.2016;12:28:10;271.8
09.02.2016;12:28:12;269.8
09.02.2016;12:28:14;267.8
09.02.2016;12:28:16;266.2
09.02.2016;12:28:18;264.1
09.02.2016;12:28:20;261.6
09.02.2016;12:28:22;259.7
09.02.2016;12:28:24;258.5
09.02.2016;12:28:26;256.6
09.02.2016;12:28:28;254.9
09.02.2016;12:28:30;253.3
09.02.2016;12:28:32;251.8
09.02.2016;12:28:34;250.3
09.02.2016;12:28:36;249.1
09.02.2016;12:28:38;247.8
09.02.2016;12:28:40;246.9
09.02.2016;12:28:42;245.5
09.02.2016;12:28:44;244.9
09.02.2016;12:28:46;243.2
09.02.2016;12:28:48;241.8
09.02.2016;12:28:50;240.4
09.02.2016;12:28:52;239.2
09.02.2016;12:28:54;238.4
09.02.2016;12:28:56;237.2
09.02.2016;12:28:58;235.8
09.02.2016;12:29:00;235
09.02.2016;12:29:02;233.7
09.02.2016;12:29:04;233.2
09.02.2016;12:29:06;232.4
09.02.2016;12:29:08;232.1
09.02.2016;12:29:10;231.7
09.02.2016;12:29:12;231.4
09.02.2016;12:29:14;230.6
09.02.2016;12:29:16;230.1
09.02.2016;12:29:18;229.2
09.02.2016;12:29:20;228.8
09.02.2016;12:29:22;227.8
09.02.2016;12:29:24;227.4
09.02.2016;12:29:26;226.9
09.02.2016;12:29:28;226.3
09.02.2016;12:29:30;225.9
09.02.2016;12:29:32;225.1
09.02.2016;12:29:34;224
09.02.2016;12:29:36;223.4
09.02.2016;12:29:38;222
09.02.2016;12:29:40;221.3
09.02.2016;12:29:42;221.1
09.02.2016;12:29:44;220.8
09.02.2016;12:29:46;220.4
09.02.2016;12:29:48;220.4
09.02.2016;12:29:50;220.1
09.02.2016;12:29:52;219.8
09.02.2016;12:29:54;219.5
09.02.2016;12:29:56;219.5
09.02.2016;12:29:58;219.3
09.02.2016;12:30:00;218.9
09.02.2016;12:30:02;218.2
09.02.2016;12:30:04;217.7
09.02.2016;12:30:06;217.6
09.02.2016;12:30:08;217.6
09.02.2016;12:30:10;217.4
09.02.2016;12:30:12;217.4
09.02.2016;12:30:14;216.5
09.02.2016;12:30:16;216.3
09.02.2016;12:30:18;216.3
09.02.2016;12:30:20;215.8
09.02.2016;12:30:22;215.8
09.02.2016;12:30:24;215.7
09.02.2016;12:30:26;215.4
09.02.2016;12:30:28;215.2
09.02.2016;12:30:30;215.2
09.02.2016;12:30:32;214.8
09.02.2016;12:30:34;214.6
09.02.2016;12:30:36;214.6
09.02.2016;12:30:38;214.1
09.02.2016;12:30:40;214.3
09.02.2016;12:30:42;213.9
09.02.2016;12:30:44;213.7
09.02.2016;12:30:46;213.7
09.02.2016;12:30:48;213.9
09.02.2016;12:30:50;213.4
09.02.2016;12:30:52;213.1
09.02.2016;12:30:54;212.9
09.02.2016;12:30:56;212.4
09.02.2016;12:30:58;212.4
09.02.2016;12:31:00;212.4
09.02.2016;12:31:02;212.2
09.02.2016;12:31:04;212.6
09.02.2016;12:31:06;212.6
09.02.2016;12:31:08;212.4
09.02.2016;12:31:10;212.2
09.02.2016;12:31:12;211.8
09.02.2016;12:31:14;211.8
09.02.2016;12:31:16;211.6
09.02.2016;12:31:18;210.7
09.02.2016;12:31:20;210.2
09.02.2016;12:31:22;209.8
09.02.2016;12:31:24;209.5
09.02.2016;12:31:26;208.7
09.02.2016;12:31:28;208.4
09.02.2016;12:31:30;208.1
09.02.2016;12:31:32;207.8
09.02.2016;12:31:34;207.4
09.02.2016;12:31:36;206.7
09.02.2016;12:31:38;206.2
09.02.2016;12:31:40;205.7
09.02.2016;12:31:42;205.4
09.02.2016;12:31:44;204.7
09.02.2016;12:31:46;204.4
09.02.2016;12:31:48;203.7
09.02.2016;12:31:50;203.2
09.02.2016;12:31:52;202.8
09.02.2016;12:31:54;202.4
09.02.2016;12:31:56;201.7
09.02.2016;12:31:58;201.4
09.02.2016;12:32:00;201
09.02.2016;12:32:02;200.6
09.02.2016;12:32:04;200.3
09.02.2016;12:32:06;199.9
09.02.2016;12:32:08;199.6
09.02.2016;12:32:10;199.2
09.02.2016;12:32:12;199
09.02.2016;12:32:14;198.7
09.02.2016;12:32:16;198.4
09.02.2016;12:32:18;198.2
09.02.2016;12:32:20;198.2
09.02.2016;12:32:22;198
09.02.2016;12:32:24;197.8
09.02.2016;12:32:26;197.4
09.02.2016;12:32:28;196.8
09.02.2016;12:32:30;196.8
09.02.2016;12:32:32;196.4
09.02.2016;12:32:34;196.2
09.02.2016;12:32:36;196.1
09.02.2016;12:32:38;195.8
09.02.2016;12:32:40;195.8
09.02.2016;12:32:42;195.6
09.02.2016;12:32:44;195.3
09.02.2016;12:32:46;195.3
09.02.2016;12:32:48;195
09.02.2016;12:32:50;194.8
09.02.2016;12:32:52;194.8
09.02.2016;12:32:54;194.6
09.02.2016;12:32:56;194.3
09.02.2016;12:32:58;194
09.02.2016;12:33:00;194
09.02.2016;12:33:02;193.8
09.02.2016;12:33:04;193.5
09.02.2016;12:33:06;193.5
09.02.2016;12:33:08;193.2
09.02.2016;12:33:10;193.2
09.02.2016;12:33:12;193
09.02.2016;12:33:14;192.6
09.02.2016;12:33:16;192.3
09.02.2016;12:33:18;192.1
09.02.2016;12:33:20;191.8
09.02.2016;12:33:22;191.8
09.02.2016;12:33:24;191.6
09.02.2016;12:33:26;191.4
09.02.2016;12:33:28;191.2
09.02.2016;12:33:30;191.2
09.02.2016;12:33:32;191
09.02.2016;12:33:34;190.8
09.02.2016;12:33:36;190.6
09.02.2016;12:33:38;190.2
09.02.2016;12:33:40;189.9
09.02.2016;12:33:42;189.7
09.02.2016;12:33:44;189.5
09.02.2016;12:33:46;189.5
09.02.2016;12:33:48;189.2
09.02.2016;12:33:50;189.2
09.02.2016;12:33:52;188.9
09.02.2016;12:33:54;188.9
09.02.2016;12:33:56;188.7
09.02.2016;12:33:58;188.4
09.02.2016;12:34:00;188.1
09.02.2016;12:34:02;188.1
09.02.2016;12:34:04;187.8
09.02.2016;12:34:06;187.7
09.02.2016;12:34:08;187.6
09.02.2016;12:34:10;187.6
09.02.2016;12:34:12;187.3
09.02.2016;12:34:14;187.3
09.02.2016;12:34:16;187.6
09.02.2016;12:34:18;187.2
09.02.2016;12:34:20;187.2
09.02.2016;12:34:22;187.2
09.02.2016;12:34:24;186.9
09.02.2016;12:34:26;186.9
09.02.2016;12:34:28;186.9
09.02.2016;12:34:30;186.9
09.02.2016;12:34:32;186.6
09.02.2016;12:34:34;186.6
09.02.2016;12:34:36;186.6
09.02.2016;12:34:38;186.4
09.02.2016;12:34:40;186.4
09.02.2016;12:34:42;186.3
09.02.2016;12:34:44;186.1
09.02.2016;12:34:46;185.9
09.02.2016;12:34:48;185.9
09.02.2016;12:34:50;186.2
09.02.2016;12:34:52;186.2
09.02.2016;12:34:54;186.2
09.02.2016;12:34:56;186
09.02.2016;12:34:58;186.3
09.02.2016;12:35:00;186.7
09.02.2016;12:35:02;186.8
09.02.2016;12:35:04;186.8
09.02.2016;12:35:06;186.8
09.02.2016;12:35:08;186.8
09.02.2016;12:35:10;186.7
09.02.2016;12:35:12;187.6
09.02.2016;12:35:14;187.9
09.02.2016;12:35:16;187.9
09.02.2016;12:35:18;187.7
09.02.2016;12:35:20;187.9
09.02.2016;12:35:22;187.6
09.02.2016;12:35:24;187.6
09.02.2016;12:35:26;187.6
09.02.2016;12:35:28;187.6
09.02.2016;12:35:30;187.8
09.02.2016;12:35:32;187.8
09.02.2016;12:35:34;187.6
09.02.2016;12:35:36;187.6
09.02.2016;12:35:38;187.9
09.02.2016;12:35:40;187.9
09.02.2016;12:35:42;189.2
09.02.2016;12:35:44;189.6
09.02.2016;12:35:46;190
09.02.2016;12:35:48;190
09.02.2016;12:35:50;190
09.02.2016;12:35:52;189.8
09.02.2016;12:35:54;190.2
09.02.2016;12:35:56;189.9
09.02.2016;12:35:58;189.5
09.02.2016;12:36:00;189.5
09.02.2016;12:36:02;189.9
09.02.2016;12:36:04;190.1
09.02.2016;12:36:06;190.1
09.02.2016;12:36:08;190.1
09.02.2016;12:36:10;189.8
09.02.2016;12:36:12;189.6
09.02.2016;12:36:14;189.4
09.02.2016;12:36:16;189.1
09.02.2016;12:36:18;189.1
09.02.2016;12:36:20;188.9
09.02.2016;12:36:22;189.2
09.02.2016;12:36:24;189.2
09.02.2016;12:36:26;189.2
09.02.2016;12:36:28;189.2
09.02.2016;12:36:30;188.9
09.02.2016;12:36:32;188.9
09.02.2016;12:36:34;188.9
09.02.2016;12:36:36;188.9
09.02.2016;12:36:38;188.7
09.02.2016;12:36:40;188.7
09.02.2016;12:36:42;188.9
09.02.2016;12:36:44;188.9
09.02.2016;12:36:46;188.6
09.02.2016;12:36:48;188.6
09.02.2016;12:36:50;188.9
09.02.2016;12:36:52;189.2
09.02.2016;12:36:54;189.2
09.02.2016;12:36:56;188.9
09.02.2016;12:36:58;188.6
09.02.2016;12:37:00;188.2
09.02.2016;12:37:02;188
09.02.2016;12:37:04;187.7
09.02.2016;12:37:06;187.7
09.02.2016;12:37:08;187.3
09.02.2016;12:37:10;187.3
09.02.2016;12:37:12;187
09.02.2016;12:37:14;186.7
09.02.2016;12:37:16;186.6
09.02.2016;12:37:18;186.4
09.02.2016;12:37:20;186.4
09.02.2016;12:37:22;186.2
09.02.2016;12:37:24;186.2
09.02.2016;12:37:26;186.2
09.02.2016;12:37:28;186.2
09.02.2016;12:37:30;185.9
09.02.2016;12:37:32;185.7
09.02.2016;12:37:34;185.4
09.02.2016;12:37:36;185.3
09.02.2016;12:37:38;185.3
09.02.2016;12:37:40;185.3
09.02.2016;12:37:42;185.7
09.02.2016;12:37:44;185.9
09.02.2016;12:37:46;185.9
09.02.2016;12:37:48;185.9
09.02.2016;12:37:50;185.9
09.02.2016;12:37:52;185.9
09.02.2016;12:37:54;185.9
09.02.2016;12:37:56;185.9
09.02.2016;12:37:58;185.7
09.02.2016;12:38:00;185.7
09.02.2016;12:38:02;185.4
09.02.2016;12:38:04;185.3
09.02.2016;12:38:06;185.3
09.02.2016;12:38:08;185.4
09.02.2016;12:38:10;185.4
09.02.2016;12:38:12;185.9
09.02.2016;12:38:14;186.9
09.02.2016;12:38:16;187.2
09.02.2016;12:38:18;188.5
09.02.2016;12:38:20;188.9
09.02.2016;12:38:22;189.8
09.02.2016;12:38:24;190.3
09.02.2016;12:38:26;190.6
09.02.2016;12:38:28;190.9
09.02.2016;12:38:30;191.3
09.02.2016;12:38:32;191.4
09.02.2016;12:38:34;191.4
09.02.2016;12:38:36;191.3
09.02.2016;12:38:38;191.3
09.02.2016;12:38:40;190.9
09.02.2016;12:38:42;190.7
09.02.2016;12:38:44;190.3
09.02.2016;12:38:46;189.9
09.02.2016;12:38:48;189.6
09.02.2016;12:38:50;189.2
09.02.2016;12:38:52;188.8
09.02.2016;12:38:54;188.4
09.02.2016;12:38:56;188.1
09.02.2016;12:38:58;187.6
09.02.2016;12:39:00;187.2
09.02.2016;12:39:02;186.8
09.02.2016;12:39:04;186.1
09.02.2016;12:39:06;185.7
09.02.2016;12:39:08;185.4
09.02.2016;12:39:10;185.1
09.02.2016;12:39:12;184.8
09.02.2016;12:39:14;184.4
09.02.2016;12:39:16;184.2
09.02.2016;12:39:18;183.9
09.02.2016;12:39:20;183.9
09.02.2016;12:39:22;183.7
09.02.2016;12:39:24;183.4
09.02.2016;12:39:26;183.2
09.02.2016;12:39:28;182.9
09.02.2016;12:39:30;182.7
09.02.2016;12:39:32;182.4
09.02.2016;12:39:34;182.1
09.02.2016;12:39:36;181.9
09.02.2016;12:39:38;181.7
09.02.2016;12:39:40;181.5
09.02.2016;12:39:42;181.5
09.02.2016;12:39:44;181.2
09.02.2016;12:39:46;181
09.02.2016;12:39:48;180.7
09.02.2016;12:39:50;180.5
09.02.2016;12:39:52;180.2
09.02.2016;12:39:54;179.9
09.02.2016;12:39:56;179.6
09.02.2016;12:39:58;179.3
09.02.2016;12:40:00;179.1
09.02.2016;12:40:02;178.8
09.02.2016;12:40:04;178.5
09.02.2016;12:40:06;178.2
09.02.2016;12:40:08;177.9
09.02.2016;12:40:10;177.7
09.02.2016;12:40:12;177.4
09.02.2016;12:40:14;177.2
09.02.2016;12:40:16;177
09.02.2016;12:40:18;176.8
09.02.2016;12:40:20;176.8
09.02.2016;12:40:22;176.8
09.02.2016;12:40:24;176.8
09.02.2016;12:40:26;176.6
09.02.2016;12:40:28;176.6
09.02.2016;12:40:30;176.4
09.02.2016;12:40:32;176.2
09.02.2016;12:40:34;175.9
09.02.2016;12:40:36;175.9
09.02.2016;12:40:38;175.8
09.02.2016;12:40:40;175.6
09.02.2016;12:40:42;175.3
09.02.2016;12:40:44;175.3
09.02.2016;12:40:46;175.2
09.02.2016;12:40:48;175
09.02.2016;12:40:50;174.8
09.02.2016;12:40:52;174.8
09.02.2016;12:40:54;174.6
09.02.2016;12:40:56;174.4
09.02.2016;12:40:58;174.4
09.02.2016;12:41:00;174.2
09.02.2016;12:41:02;174
09.02.2016;12:41:04;174
09.02.2016;12:41:06;173.8
09.02.2016;12:41:08;173.8
09.02.2016;12:41:10;173.7
09.02.2016;12:41:12;173.8
09.02.2016;12:41:14;173.8
09.02.2016;12:41:16;173.8
09.02.2016;12:41:18;173.8
09.02.2016;12:41:20;174.1
09.02.2016;12:41:22;174.4
09.02.2016;12:41:24;174.8
09.02.2016;12:41:26;175.8
09.02.2016;12:41:28;176.1
09.02.2016;12:41:30;176.4
09.02.2016;12:41:32;176.6
09.02.2016;12:41:34;176.6
09.02.2016;12:41:36;176.9
09.02.2016;12:41:38;177.4
09.02.2016;12:41:40;178.2
09.02.2016;12:41:42;178.6
09.02.2016;12:41:44;179
09.02.2016;12:41:46;179.2
09.02.2016;12:41:48;179.6
09.02.2016;12:41:50;179.8
09.02.2016;12:41:52;180
09.02.2016;12:41:54;180
09.02.2016;12:41:56;180
09.02.2016;12:41:58;180.2
09.02.2016;12:42:00;180.4
09.02.2016;12:42:02;180.8
09.02.2016;12:42:04;180.9
09.02.2016;12:42:06;180.9
09.02.2016;12:42:08;181.5
09.02.2016;12:42:10;181.5
09.02.2016;12:42:12;181.7
09.02.2016;12:42:14;182.1
09.02.2016;12:42:16;182.1
09.02.2016;12:42:18;182.2
09.02.2016;12:42:20;182.2
09.02.2016;12:42:22;182.4
09.02.2016;12:42:24;182.4
09.02.2016;12:42:26;182.4
09.02.2016;12:42:28;182.6
09.02.2016;12:42:30;182.6
09.02.2016;12:42:32;182.6
09.02.2016;12:42:34;182.9
09.02.2016;12:42:36;183.2
09.02.2016;12:42:38;183.5
09.02.2016;12:42:40;183.7
09.02.2016;12:42:42;183.9
09.02.2016;12:42:44;184.2
09.02.2016;12:42:46;184.4
09.02.2016;12:42:48;184.4
09.02.2016;12:42:50;184.7
09.02.2016;12:42:52;184.7
09.02.2016;12:42:54;184.9
09.02.2016;12:42:56;185.2
09.02.2016;12:42:58;185.4
09.02.2016;12:43:00;185.7
09.02.2016;12:43:02;185.9
09.02.2016;12:43:04;186.1
09.02.2016;12:43:06;186.1
09.02.2016;12:43:08;186.1
09.02.2016;12:43:10;186.1
09.02.2016;12:43:12;186.3
09.02.2016;12:43:14;186.3
09.02.2016;12:43:16;186.3
09.02.2016;12:43:18;186.3
09.02.2016;12:43:20;186.4
09.02.2016;12:43:22;186.4
09.02.2016;12:43:24;186.7
09.02.2016;12:43:26;186.7
09.02.2016;12:43:28;186.7
09.02.2016;12:43:30;186.7
09.02.2016;12:43:32;186.7
09.02.2016;12:43:34;186.7
09.02.2016;12:43:36;186.9
09.02.2016;12:43:38;187.2
09.02.2016;12:43:40;187.4
09.02.2016;12:43:42;187.4
09.02.2016;12:43:44;187.8
09.02.2016;12:43:46;188.1
09.02.2016;12:43:48;188.3
09.02.2016;12:43:50;188.7
09.02.2016;12:43:52;188.9
09.02.2016;12:43:54;188.9
09.02.2016;12:43:56;189.1
09.02.2016;12:43:58;189.4
09.02.2016;12:44:00;189.6
09.02.2016;12:44:02;189.9
09.02.2016;12:44:04;190.3
09.02.2016;12:44:06;190.4
09.02.2016;12:44:08;190.4
09.02.2016;12:44:10;190.4
09.02.2016;12:44:12;190.4
09.02.2016;12:44:14;190.4
09.02.2016;12:44:16;190.4
09.02.2016;12:44:18;190.4
09.02.2016;12:44:20;190.4
09.02.2016;12:44:22;190.8
09.02.2016;12:44:24;190.8
09.02.2016;12:44:26;191.1
09.02.2016;12:44:28;191.2
09.02.2016;12:44:30;191.2
09.02.2016;12:44:32;191.2
09.02.2016;12:44:34;191.2
09.02.2016;12:44:36;191.2
09.02.2016;12:44:38;191.3
09.02.2016;12:44:40;191.3
09.02.2016;12:44:42;191.3
09.02.2016;12:44:44;191.6
09.02.2016;12:44:46;191.6
09.02.2016;12:44:48;191.8
09.02.2016;12:44:50;191.8
09.02.2016;12:44:52;192
09.02.2016;12:44:54;192.2
09.02.2016;12:44:56;192.2
09.02.2016;12:44:58;192.3
09.02.2016;12:45:00;192.6
09.02.2016;12:45:02;192.6
09.02.2016;12:45:04;192.6
09.02.2016;12:45:06;192.9
09.02.2016;12:45:08;192.9
09.02.2016;12:45:10;193.1
09.02.2016;12:45:12;193.1
09.02.2016;12:45:14;193.4
09.02.2016;12:45:16;193.9
09.02.2016;12:45:18;194.3
09.02.2016;12:45:20;195.1
09.02.2016;12:45:22;195.8
09.02.2016;12:45:24;197.2
09.02.2016;12:45:26;198.6
09.02.2016;12:45:28;200
09.02.2016;12:45:30;201.7
09.02.2016;12:45:32;202.8
09.02.2016;12:45:34;204.1
09.02.2016;12:45:36;204.8
09.02.2016;12:45:38;206.3
09.02.2016;12:45:40;207.8
09.02.2016;12:45:42;209.2
09.02.2016;12:45:44;209.8
09.02.2016;12:45:46;210.9
09.02.2016;12:45:48;212.6
09.02.2016;12:45:50;213.4
09.02.2016;12:45:52;214.9
09.02.2016;12:45:54;216.2
09.02.2016;12:45:56;216.7
09.02.2016;12:45:58;218.2
09.02.2016;12:46:00;219.4
09.02.2016;12:46:02;220.1
09.02.2016;12:46:04;221.6
09.02.2016;12:46:06;222
09.02.2016;12:46:08;223.8
09.02.2016;12:46:10;224.3
09.02.2016;12:46:12;225.7
09.02.2016;12:46:14;226.7
09.02.2016;12:46:16;227.6
09.02.2016;12:46:18;228.6
09.02.2016;12:46:20;229.2
09.02.2016;12:46:22;230.7
09.02.2016;12:46:24;231.1
09.02.2016;12:46:26;231.7
09.02.2016;12:46:28;233.1
09.02.2016;12:46:30;233.8
09.02.2016;12:46:32;234.4
09.02.2016;12:46:34;234.8
09.02.2016;12:46:36;235.1
09.02.2016;12:46:38;236.3
09.02.2016;12:46:40;236.8
09.02.2016;12:46:42;237.9
09.02.2016;12:46:44;238.4
09.02.2016;12:46:46;238.8
09.02.2016;12:46:48;239.1
09.02.2016;12:46:50;239.7
09.02.2016;12:46:52;241.1
09.02.2016;12:46:54;242.2
09.02.2016;12:46:56;242.7
09.02.2016;12:46:58;243.6
09.02.2016;12:47:00;244.3
09.02.2016;12:47:02;245.6
09.02.2016;12:47:04;246
09.02.2016;12:47:06;247
09.02.2016;12:47:08;247.5
09.02.2016;12:47:10;247.6
09.02.2016;12:47:12;248
09.02.2016;12:47:14;248.2
09.02.2016;12:47:16;248.6
09.02.2016;12:47:18;249.3
09.02.2016;12:47:20;249.8
09.02.2016;12:47:22;250.8
09.02.2016;12:47:24;251.4
09.02.2016;12:47:26;251.8
09.02.2016;12:47:28;252.8
09.02.2016;12:47:30;253.9
09.02.2016;12:47:32;254.3
09.02.2016;12:47:34;255.3
09.02.2016;12:47:36;255.7
09.02.2016;12:47:38;255.7
09.02.2016;12:47:40;255.8
09.02.2016;12:47:42;256.8
09.02.2016;12:47:44;257.5
09.02.2016;12:47:46;258.1
09.02.2016;12:47:48;259.4
09.02.2016;12:47:50;259.9
09.02.2016;12:47:52;260.4
09.02.2016;12:47:54;260.4
09.02.2016;12:47:56;260.1
09.02.2016;12:47:58;260.1
09.02.2016;12:48:00;260.7
09.02.2016;12:48:02;262
09.02.2016;12:48:04;262.2
09.02.2016;12:48:06;262.7
09.02.2016;12:48:08;263.1
09.02.2016;12:48:10;264.2
09.02.2016;12:48:12;264.7
09.02.2016;12:48:14;266.6
09.02.2016;12:48:16;267.1
09.02.2016;12:48:18;267.5
09.02.2016;12:48:20;268.6
09.02.2016;12:48:22;269.2
09.02.2016;12:48:24;269.6
09.02.2016;12:48:26;270.6
09.02.2016;12:48:28;270.6
09.02.2016;12:48:30;270.6
09.02.2016;12:48:32;270.6
09.02.2016;12:48:34;271.1
09.02.2016;12:48:36;271.1
09.02.2016;12:48:38;272.5
09.02.2016;12:48:40;272.5
09.02.2016;12:48:42;272.9
09.02.2016;12:48:44;273.2
09.02.2016;12:48:46;273.8
09.02.2016;12:48:48;274.9
09.02.2016;12:48:50;275.2
09.02.2016;12:48:52;274.8
09.02.2016;12:48:54;274.8
09.02.2016;12:48:56;275
09.02.2016;12:48:58;275
09.02.2016;12:49:00;275
09.02.2016;12:49:02;275.3
09.02.2016;12:49:04;275.6
09.02.2016;12:49:06;275.6
09.02.2016;12:49:08;275.8
09.02.2016;12:49:10;275.8
09.02.2016;12:49:12;275.8
09.02.2016;12:49:14;276.1
09.02.2016;12:49:16;276.1
09.02.2016;12:49:18;277.1
09.02.2016;12:49:20;278.2
09.02.2016;12:49:22;275.6
09.02.2016;12:49:24;273.7
09.02.2016;12:49:26;273.8
09.02.2016;12:49:28;271.1
09.02.2016;12:49:30;268.9
09.02.2016;12:49:32;266.9
09.02.2016;12:49:34;264.7
09.02.2016;12:49:36;262.8
09.02.2016;12:49:38;262.6
09.02.2016;12:49:40;262.2
09.02.2016;12:49:42;262.2
09.02.2016;12:49:44;258.7
09.02.2016;12:49:46;253.1
09.02.2016;12:49:48;248.6
09.02.2016;12:49:50;240.2
09.02.2016;12:49:52;234.6
09.02.2016;12:49:54;230.4
09.02.2016;12:49:56;226.5
09.02.2016;12:49:58;222.4
09.02.2016;12:50:00;218.7
09.02.2016;12:50:02;215.3
09.02.2016;12:50:04;212.7
09.02.2016;12:50:06;209.9
09.02.2016;12:50:08;206.7
09.02.2016;12:50:10;203.6
09.02.2016;12:50:12;200.3
09.02.2016;12:50:14;196.8
09.02.2016;12:50:16;190.9
09.02.2016;12:50:18;184.4
09.02.2016;12:50:20;179.6
09.02.2016;12:50:22;175.7
09.02.2016;12:50:24;171.4
09.02.2016;12:50:26;168
09.02.2016;12:50:28;164.6
09.02.2016;12:50:30;160.5
09.02.2016;12:50:32;157.3
09.02.2016;12:50:34;154.2
09.02.2016;12:50:36;151.3
09.02.2016;12:50:38;148.8
09.02.2016;12:50:40;146.8
09.02.2016;12:50:42;145.4
09.02.2016;12:50:44;143.7
09.02.2016;12:50:46;141.9
09.02.2016;12:50:48;138.6
09.02.2016;12:50:50;137.3
09.02.2016;12:50:52;136
09.02.2016;12:50:54;135.2
09.02.2016;12:50:56;133.5
09.02.2016;12:50:58;131.4
09.02.2016;12:51:00;128.8
09.02.2016;12:51:02;126.7
09.02.2016;12:51:04;125.9
09.02.2016;12:51:06;125.5
09.02.2016;12:51:08;125.2
09.02.2016;12:51:10;124.8
09.02.2016;12:51:12;124.3
09.02.2016;12:51:14;123.3
09.02.2016;12:51:16;121.8
09.02.2016;12:51:18;120.4
09.02.2016;12:51:20;119.6
09.02.2016;12:51:22;118.3
09.02.2016;12:51:24;117.8
09.02.2016;12:51:26;115.9
09.02.2016;12:51:28;113.5
09.02.2016;12:51:30;112.1
09.02.2016;12:51:32;111.1
09.02.2016;12:51:34;110.1
09.02.2016;12:51:36;109.6
09.02.2016;12:51:38;108.7
09.02.2016;12:51:40;108.2
09.02.2016;12:51:42;108.2
09.02.2016;12:51:44;108.4
09.02.2016;12:51:46;109.1
09.02.2016;12:51:48;109.6
09.02.2016;12:51:50;110.5
09.02.2016;12:51:52;111.1
09.02.2016;12:51:54;112.7
09.02.2016;12:51:56;114.6
09.02.2016;12:51:58;118.6
09.02.2016;12:52:00;124.6
09.02.2016;12:52:02;129.9
09.02.2016;12:52:04;135.6
09.02.2016;12:52:06;141.8
09.02.2016;12:52:08;148.1
09.02.2016;12:52:10;155.9
09.02.2016;12:52:12;161.9
09.02.2016;12:52:14;167.7
09.02.2016;12:52:16;173.6
09.02.2016;12:52:18;179.2
09.02.2016;12:52:20;183.8
09.02.2016;12:52:22;188.3
09.02.2016;12:52:24;192.8
09.02.2016;12:52:26;197.4
09.02.2016;12:52:28;202
09.02.2016;12:52:30;206.2
09.02.2016;12:52:32;210
09.02.2016;12:52:34;213.8
09.02.2016;12:52:36;217.4
09.02.2016;12:52:38;221.1
09.02.2016;12:52:40;224.3
09.02.2016;12:52:42;227.6
09.02.2016;12:52:44;230.8
09.02.2016;12:52:46;235.2
09.02.2016;12:52:48;238.3
09.02.2016;12:52:50;241.2
09.02.2016;12:52:52;243.8
09.02.2016;12:52:54;246.3
09.02.2016;12:52:56;248.7
09.02.2016;12:52:58;251
09.02.2016;12:53:00;253.1
09.02.2016;12:53:02;255.1
09.02.2016;12:53:04;257.1
09.02.2016;12:53:06;259.1
09.02.2016;12:53:08;261
09.02.2016;12:53:10;262.7
09.02.2016;12:53:12;264.3
09.02.2016;12:53:14;266
09.02.2016;12:53:16;267.5
09.02.2016;12:53:18;269.2
09.02.2016;12:53:20;270.7
09.02.2016;12:53:22;272.9
09.02.2016;12:53:24;274.7
09.02.2016;12:53:26;276.2
09.02.2016;12:53:28;277.6
09.02.2016;12:53:30;279
09.02.2016;12:53:32;279.8
09.02.2016;12:53:34;281.7
09.02.2016;12:53:36;283.3
09.02.2016;12:53:38;284.1
09.02.2016;12:53:40;285.6
09.02.2016;12:53:42;286.3
09.02.2016;12:53:44;287.7
09.02.2016;12:53:46;288.3
09.02.2016;12:53:48;289.7
09.02.2016;12:53:50;290.4
09.02.2016;12:53:52;291.6
09.02.2016;12:53:54;292.1
09.02.2016;12:53:56;293.1
09.02.2016;12:53:58;294.3
09.02.2016;12:54:00;294.9
09.02.2016;12:54:02;296.1
09.02.2016;12:54:04;296.7
09.02.2016;12:54:06;297.6
09.02.2016;12:54:08;297.9
09.02.2016;12:54:10;298.1
09.02.2016;12:54:12;298.4
09.02.2016;12:54:14;298.8
09.02.2016;12:54:16;299.3
09.02.2016;12:54:18;300.2
09.02.2016;12:54:20;300.6
09.02.2016;12:54:22;301.4
09.02.2016;12:54:24;301.8
09.02.2016;12:54:26;302.7
09.02.2016;12:54:28;303.1
09.02.2016;12:54:30;303.6
09.02.2016;12:54:32;304
09.02.2016;12:54:34;304.8
09.02.2016;12:54:36;305.1
09.02.2016;12:54:38;305.5
09.02.2016;12:54:40;305.9
09.02.2016;12:54:42;306.7
09.02.2016;12:54:44;307.2
09.02.2016;12:54:46;307.9
09.02.2016;12:54:48;308.3
09.02.2016;12:54:50;309.1
09.02.2016;12:54:52;309.6
09.02.2016;12:54:54;310.4
09.02.2016;12:54:56;310.9
09.02.2016;12:54:58;311.4
09.02.2016;12:55:00;312.2
09.02.2016;12:55:02;312.5
09.02.2016;12:55:04;312.8
09.02.2016;12:55:06;313.2
09.02.2016;12:55:08;313.7
09.02.2016;12:55:10;314.3
09.02.2016;12:55:12;315.1
09.02.2016;12:55:14;315.4
09.02.2016;12:55:16;316.2
09.02.2016;12:55:18;316.5
09.02.2016;12:55:20;317.2
09.02.2016;12:55:22;317.6
09.02.2016;12:55:24;318.1
09.02.2016;12:55:26;318.4
09.02.2016;12:55:28;318.6
09.02.2016;12:55:30;318.6
09.02.2016;12:55:32;318.8
09.02.2016;12:55:34;318.9
09.02.2016;12:55:36;318.9
09.02.2016;12:55:38;318.9
09.02.2016;12:55:40;319.2
09.02.2016;12:55:42;319.4
09.02.2016;12:55:44;319.7
09.02.2016;12:55:46;319.5
09.02.2016;12:55:48;319.5
09.02.2016;12:55:50;319.5
09.02.2016;12:55:52;319.9
09.02.2016;12:55:54;320.2
09.02.2016;12:55:56;320.6
09.02.2016;12:55:58;320.9
09.02.2016;12:56:00;321.3
09.02.2016;12:56:02;321.3
09.02.2016;12:56:04;321.6
09.02.2016;12:56:06;321.9
09.02.2016;12:56:08;322.2
09.02.2016;12:56:10;322.2
09.02.2016;12:56:12;322.4
09.02.2016;12:56:14;322.4
09.02.2016;12:56:16;322.1
09.02.2016;12:56:18;322.1
09.02.2016;12:56:20;322.5
09.02.2016;12:56:22;322.9
09.02.2016;12:56:24;323.8
09.02.2016;12:56:26;324.2
09.02.2016;12:56:28;324.9
09.02.2016;12:56:30;325.3
09.02.2016;12:56:32;326.1
09.02.2016;12:56:34;326.6
09.02.2016;12:56:36;327.7
09.02.2016;12:56:38;328.2
09.02.2016;12:56:40;329.2
09.02.2016;12:56:42;329.4
09.02.2016;12:56:44;329.4
09.02.2016;12:56:46;329.4
09.02.2016;12:56:48;329.4
09.02.2016;12:56:50;329.4
09.02.2016;12:56:52;329.4
09.02.2016;12:56:54;329.7
09.02.2016;12:56:56;329.7
09.02.2016;12:56:58;329.9
09.02.2016;12:57:00;330.7
09.02.2016;12:57:02;330.9
09.02.2016;12:57:04;331.2
09.02.2016;12:57:06;332
09.02.2016;12:57:08;332.3
09.02.2016;12:57:10;332.6
09.02.2016;12:57:12;332.6
09.02.2016;12:57:14;332.6
09.02.2016;12:57:16;332.7
09.02.2016;12:57:18;332.4
09.02.2016;12:57:20;332.2
09.02.2016;12:57:22;331.9
09.02.2016;12:57:24;331.6
09.02.2016;12:57:26;331.2
09.02.2016;12:57:28;330.9
09.02.2016;12:57:30;330.6
09.02.2016;12:57:32;330.3
09.02.2016;12:57:34;329.9
09.02.2016;12:57:36;329.3
09.02.2016;12:57:38;328.9
09.02.2016;12:57:40;328.6
09.02.2016;12:57:42;328.2
09.02.2016;12:57:44;327.9
09.02.2016;12:57:46;327.6
09.02.2016;12:57:48;326.9
09.02.2016;12:57:50;326.6
09.02.2016;12:57:52;326.1
09.02.2016;12:57:54;325.4
09.02.2016;12:57:56;325.1
09.02.2016;12:57:58;324.8
09.02.2016;12:58:00;323.9
09.02.2016;12:58:02;323.6
09.02.2016;12:58:04;322.9
09.02.2016;12:58:06;322.5
09.02.2016;12:58:08;321.8
09.02.2016;12:58:10;321.4
09.02.2016;12:58:12;321.1
09.02.2016;12:58:14;320.8
09.02.2016;12:58:16;320.4
09.02.2016;12:58:18;319.7
09.02.2016;12:58:20;319.3
09.02.2016;12:58:22;319
09.02.2016;12:58:24;318.7
09.02.2016;12:58:26;318.4
09.02.2016;12:58:28;318.4
09.02.2016;12:58:30;318.4
09.02.2016;12:58:32;318.4
09.02.2016;12:58:34;318.4
09.02.2016;12:58:36;318.2
09.02.2016;12:58:38;318.2
09.02.2016;12:58:40;318
09.02.2016;12:58:42;317.7
09.02.2016;12:58:44;317.4
09.02.2016;12:58:46;316.9
09.02.2016;12:58:48;316.6
09.02.2016;12:58:50;316.2
09.02.2016;12:58:52;316
09.02.2016;12:58:54;316
09.02.2016;12:58:56;316.3
09.02.2016;12:58:58;316.7
09.02.2016;12:59:00;316.8
09.02.2016;12:59:02;316.8
09.02.2016;12:59:04;317.1
09.02.2016;12:59:06;317.4
09.02.2016;12:59:08;317.7
09.02.2016;12:59:10;318.4
09.02.2016;12:59:12;318.9
09.02.2016;12:59:14;320.2
09.02.2016;12:59:16;320.7
09.02.2016;12:59:18;321.7
09.02.2016;12:59:20;322
09.02.2016;12:59:22;322.7
09.02.2016;12:59:24;323.2
09.02.2016;12:59:26;324.1
09.02.2016;12:59:28;325.2
09.02.2016;12:59:30;325.7
09.02.2016;12:59:32;326.9
09.02.2016;12:59:34;327.6
09.02.2016;12:59:36;328.8
09.02.2016;12:59:38;329.4
09.02.2016;12:59:40;330.4
09.02.2016;12:59:42;330.9
09.02.2016;12:59:44;331.8
09.02.2016;12:59:46;332.3
09.02.2016;12:59:48;333
09.02.2016;12:59:50;333.4
09.02.2016;12:59:52;334.4
09.02.2016;12:59:54;334.9
09.02.2016;12:59:56;335.3
09.02.2016;12:59:58;335.7
09.02.2016;13:00:00;336
09.02.2016;13:00:02;336.3
09.02.2016;13:00:04;337.2
09.02.2016;13:00:06;337.6
09.02.2016;13:00:08;338.3
09.02.2016;13:00:10;338.8
09.02.2016;13:00:12;339.1
09.02.2016;13:00:14;339.4
09.02.2016;13:00:16;339.8
09.02.2016;13:00:18;340.3
09.02.2016;13:00:20;340.6
09.02.2016;13:00:22;340.9
09.02.2016;13:00:24;340.9
09.02.2016;13:00:26;341.2
09.02.2016;13:00:28;341.2
09.02.2016;13:00:30;341.2
09.02.2016;13:00:32;341.2
09.02.2016;13:00:34;341.2
09.02.2016;13:00:36;341.4
09.02.2016;13:00:38;341.6
09.02.2016;13:00:40;341.9
09.02.2016;13:00:42;342.3
09.02.2016;13:00:44;343.2
09.02.2016;13:00:46;343.6
09.02.2016;13:00:48;344.4
09.02.2016;13:00:50;344.8
09.02.2016;13:00:52;345.5
09.02.2016;13:00:54;345.8
09.02.2016;13:00:56;346.3
09.02.2016;13:00:58;347
09.02.2016;13:01:00;347.4
09.02.2016;13:01:02;347.7
09.02.2016;13:01:04;348.1
09.02.2016;13:01:06;348.3
09.02.2016;13:01:08;348
09.02.2016;13:01:10;347
09.02.2016;13:01:12;346.6
09.02.2016;13:01:14;346.2
09.02.2016;13:01:16;345.8
09.02.2016;13:01:18;345.7
09.02.2016;13:01:20;345.4
09.02.2016;13:01:22;345.3
09.02.2016;13:01:24;345.3
09.02.2016;13:01:26;345.1
09.02.2016;13:01:28;345.1
09.02.2016;13:01:30;344.9
09.02.2016;13:01:32;344.9
09.02.2016;13:01:34;344.8
09.02.2016;13:01:36;344.8
09.02.2016;13:01:38;344.6
09.02.2016;13:01:40;344.3
09.02.2016;13:01:42;344
09.02.2016;13:01:44;343.7
09.02.2016;13:01:46;343.7
09.02.2016;13:01:48;343.4
09.02.2016;13:01:50;343.2
09.02.2016;13:01:52;343
09.02.2016;13:01:54;343
09.02.2016;13:01:56;343
09.02.2016;13:01:58;342.8
09.02.2016;13:02:00;342.8
09.02.2016;13:02:02;342.6
09.02.2016;13:02:04;342.6
09.02.2016;13:02:06;342.3
09.02.2016;13:02:08;342
09.02.2016;13:02:10;341.4
09.02.2016;13:02:12;341.2
09.02.2016;13:02:14;341.2
09.02.2016;13:02:16;341.2
09.02.2016;13:02:18;341.2
09.02.2016;13:02:20;341.2
09.02.2016;13:02:22;341.2
09.02.2016;13:02:24;340.9
09.02.2016;13:02:26;340.7
09.02.2016;13:02:28;340.7
09.02.2016;13:02:30;340.9
09.02.2016;13:02:32;341.3
09.02.2016;13:02:34;341.8
09.02.2016;13:02:36;342.6
09.02.2016;13:02:38;342.9
09.02.2016;13:02:40;343.3
09.02.2016;13:02:42;344.1
09.02.2016;13:02:44;344.5
09.02.2016;13:02:46;345.3
09.02.2016;13:02:48;345.7
09.02.2016;13:02:50;346.9
09.02.2016;13:02:52;347.6
09.02.2016;13:02:54;348.6
09.02.2016;13:02:56;349.2
09.02.2016;13:02:58;350.8
09.02.2016;13:03:00;351.6
09.02.2016;13:03:02;352.9
09.02.2016;13:03:04;353.3
09.02.2016;13:03:06;354.1
09.02.2016;13:03:08;355.1
09.02.2016;13:03:10;355.4
09.02.2016;13:03:12;355.8
09.02.2016;13:03:14;357.2
09.02.2016;13:03:16;357.6
09.02.2016;13:03:18;358.9
09.02.2016;13:03:20;359.4
09.02.2016;13:03:22;360.7
09.02.2016;13:03:24;361.2
09.02.2016;13:03:26;361.5
09.02.2016;13:03:28;361.9
09.02.2016;13:03:30;362.1
09.02.2016;13:03:32;362.9
09.02.2016;13:03:34;363.4
09.02.2016;13:03:36;363.7
09.02.2016;13:03:38;363.7
09.02.2016;13:03:40;364
09.02.2016;13:03:42;364
09.02.2016;13:03:44;363.7
09.02.2016;13:03:46;363.6
09.02.2016;13:03:48;363.2
09.02.2016;13:03:50;362.4
09.02.2016;13:03:52;362.1
09.02.2016;13:03:54;361.8
09.02.2016;13:03:56;361.4
09.02.2016;13:03:58;361.2
09.02.2016;13:04:00;360.8
09.02.2016;13:04:02;360.5
09.02.2016;13:04:04;360.1
09.02.2016;13:04:06;359.7
09.02.2016;13:04:08;358.9
09.02.2016;13:04:10;358.5
09.02.2016;13:04:12;358.2
09.02.2016;13:04:14;357.7
09.02.2016;13:04:16;356.9
09.02.2016;13:04:18;356.6
09.02.2016;13:04:20;355.8
09.02.2016;13:04:22;355
09.02.2016;13:04:24;354.7
09.02.2016;13:04:26;354.1
09.02.2016;13:04:28;353.7
09.02.2016;13:04:30;353.3
09.02.2016;13:04:32;352.6
09.02.2016;13:04:34;352.2
09.02.2016;13:04:36;351.9
09.02.2016;13:04:38;351.5
09.02.2016;13:04:40;351.2
09.02.2016;13:04:42;350.5
09.02.2016;13:04:44;350.2
09.02.2016;13:04:46;349.9
09.02.2016;13:04:48;349.9
09.02.2016;13:04:50;349.6
09.02.2016;13:04:52;349.3
09.02.2016;13:04:54;349.1
09.02.2016;13:04:56;348.8
09.02.2016;13:04:58;348.6
09.02.2016;13:05:00;348.6
09.02.2016;13:05:02;348.4
09.02.2016;13:05:04;348.2
09.02.2016;13:05:06;347.9
09.02.2016;13:05:08;347.9
09.02.2016;13:05:10;347.7
09.02.2016;13:05:12;347.7
09.02.2016;13:05:14;347.9
09.02.2016;13:05:16;347.9
09.02.2016;13:05:18;348.2
09.02.2016;13:05:20;348.2
09.02.2016;13:05:22;348.2
09.02.2016;13:05:24;348.2
09.02.2016;13:05:26;348.2
09.02.2016;13:05:28;348.3
09.02.2016;13:05:30;348.3
09.02.2016;13:05:32;348.3
09.02.2016;13:05:34;348.8
09.02.2016;13:05:36;348.8
09.02.2016;13:05:38;349.1
09.02.2016;13:05:40;349.1
09.02.2016;13:05:42;349.1
09.02.2016;13:05:44;349.1
09.02.2016;13:05:46;349.1
09.02.2016;13:05:48;349.1
09.02.2016;13:05:50;349.1
09.02.2016;13:05:52;349.1
09.02.2016;13:05:54;348.8
09.02.2016;13:05:56;348.6
09.02.2016;13:05:58;348.3
09.02.2016;13:06:00;347.9
09.02.2016;13:06:02;347.7
09.02.2016;13:06:04;347.7
09.02.2016;13:06:06;347.7
09.02.2016;13:06:08;347.4
09.02.2016;13:06:10;347.4
09.02.2016;13:06:12;347.7
09.02.2016;13:06:14;347.9
09.02.2016;13:06:16;347.9
09.02.2016;13:06:18;348.1
09.02.2016;13:06:20;348.1
09.02.2016;13:06:22;347.8
09.02.2016;13:06:24;347.5
09.02.2016;13:06:26;347.5
09.02.2016;13:06:28;347.3
09.02.2016;13:06:30;347.2
09.02.2016;13:06:32;346.9
09.02.2016;13:06:34;346.9
09.02.2016;13:06:36;346.7
09.02.2016;13:06:38;346.7
09.02.2016;13:06:40;346.7
09.02.2016;13:06:42;346.5
09.02.2016;13:06:44;346.2
09.02.2016;13:06:46;346.2
09.02.2016;13:06:48;346.2
09.02.2016;13:06:50;346.1
09.02.2016;13:06:52;346.1
09.02.2016;13:06:54;346.1
09.02.2016;13:06:56;346
09.02.2016;13:06:58;346
09.02.2016;13:07:00;346
09.02.2016;13:07:02;346.2
09.02.2016;13:07:04;346.4
09.02.2016;13:07:06;346.4
09.02.2016;13:07:08;346.4
09.02.2016;13:07:10;346.3
09.02.2016;13:07:12;345.9
09.02.2016;13:07:14;345.9
09.02.2016;13:07:16;345.8
09.02.2016;13:07:18;345.8
09.02.2016;13:07:20;345.8
09.02.2016;13:07:22;345.8
09.02.2016;13:07:24;345.7
09.02.2016;13:07:26;345.4
09.02.2016;13:07:28;345.4
09.02.2016;13:07:30;345.2
09.02.2016;13:07:32;345
09.02.2016;13:07:34;345
09.02.2016;13:07:36;344.8
09.02.2016;13:07:38;344.8
09.02.2016;13:07:40;345.1
09.02.2016;13:07:42;345.1
09.02.2016;13:07:44;345.1
09.02.2016;13:07:46;345.1
09.02.2016;13:07:48;345.1
09.02.2016;13:07:50;345.1
09.02.2016;13:07:52;345.1
09.02.2016;13:07:54;345.1
09.02.2016;13:07:56;345.2
09.02.2016;13:07:58;345.5
09.02.2016;13:08:00;345.5
09.02.2016;13:08:02;345.8
09.02.2016;13:08:04;345.9
09.02.2016;13:08:06;346.2
09.02.2016;13:08:08;346.4
09.02.2016;13:08:10;346.7
09.02.2016;13:08:12;346.7
09.02.2016;13:08:14;346.9
09.02.2016;13:08:16;347.2
09.02.2016;13:08:18;347.4
09.02.2016;13:08:20;347.7
09.02.2016;13:08:22;347.7
09.02.2016;13:08:24;347.7
09.02.2016;13:08:26;347.5
09.02.2016;13:08:28;347.2
09.02.2016;13:08:30;347.2
09.02.2016;13:08:32;347.1
09.02.2016;13:08:34;347.1
09.02.2016;13:08:36;347.1
09.02.2016;13:08:38;346.9
09.02.2016;13:08:40;346.9
09.02.2016;13:08:42;346.9
09.02.2016;13:08:44;346.9
09.02.2016;13:08:46;346.6
09.02.2016;13:08:48;346.3
09.02.2016;13:08:50;346
09.02.2016;13:08:52;345.7
09.02.2016;13:08:54;345.5
09.02.2016;13:08:56;345.5
09.02.2016;13:08:58;345.5
09.02.2016;13:09:00;345.2
09.02.2016;13:09:02;344.9
09.02.2016;13:09:04;344.6
09.02.2016;13:09:06;344.3
09.02.2016;13:09:08;344.1
09.02.2016;13:09:10;344.1
09.02.2016;13:09:12;343.8
09.02.2016;13:09:14;343.8
09.02.2016;13:09:16;343.8
09.02.2016;13:09:18;343.8
09.02.2016;13:09:20;343.8
09.02.2016;13:09:22;343.8
09.02.2016;13:09:24;343.6
09.02.2016;13:09:26;343.6
09.02.2016;13:09:28;343.6
09.02.2016;13:09:30;343.3
09.02.2016;13:09:32;343.1
09.02.2016;13:09:34;343.1
09.02.2016;13:09:36;342.9
09.02.2016;13:09:38;343.1
09.02.2016;13:09:40;343.1
09.02.2016;13:09:42;343.1
09.02.2016;13:09:44;343.1
09.02.2016;13:09:46;343.1
09.02.2016;13:09:48;343.1
09.02.2016;13:09:50;343.2
09.02.2016;13:09:52;343.2
09.02.2016;13:09:54;343.2
09.02.2016;13:09:56;343
09.02.2016;13:09:58;343
09.02.2016;13:10:00;343
09.02.2016;13:10:02;343
09.02.2016;13:10:04;343
09.02.2016;13:10:06;343
09.02.2016;13:10:08;343
09.02.2016;13:10:10;343
09.02.2016;13:10:12;342.9
09.02.2016;13:10:14;342.9
09.02.2016;13:10:16;342.9
09.02.2016;13:10:18;342.7
09.02.2016;13:10:20;342.4
09.02.2016;13:10:22;342.3
09.02.2016;13:10:24;342.3
09.02.2016;13:10:26;342.1
09.02.2016;13:10:28;342.1
09.02.2016;13:10:30;342.1
09.02.2016;13:10:32;342.1
09.02.2016;13:10:34;342.1
09.02.2016;13:10:36;342.2
09.02.2016;13:10:38;342.2
09.02.2016;13:10:40;342.2
09.02.2016;13:10:42;342.3
09.02.2016;13:10:44;342.3
09.02.2016;13:10:46;342.3
09.02.2016;13:10:48;342.3
09.02.2016;13:10:50;342.3
09.02.2016;13:10:52;342.3
09.02.2016;13:10:54;342.3
09.02.2016;13:10:56;342.3
09.02.2016;13:10:58;342.3
09.02.2016;13:11:00;342.3
09.02.2016;13:11:02;342.1
09.02.2016;13:11:04;341.9
09.02.2016;13:11:06;341.6
09.02.2016;13:11:08;341.3
09.02.2016;13:11:10;341.1
09.02.2016;13:11:12;341.1
09.02.2016;13:11:14;340.8
09.02.2016;13:11:16;340.5
09.02.2016;13:11:18;340.3
09.02.2016;13:11:20;340.3
09.02.2016;13:11:22;340.3
09.02.2016;13:11:24;340.1
09.02.2016;13:11:26;339.9
09.02.2016;13:11:28;339.6
09.02.2016;13:11:30;339.4
09.02.2016;13:11:32;339.1
09.02.2016;13:11:34;338.7
09.02.2016;13:11:36;338.7
09.02.2016;13:11:38;338.5
09.02.2016;13:11:40;338.5
09.02.2016;13:11:42;338.5
09.02.2016;13:11:44;338.5
09.02.2016;13:11:46;338.5
09.02.2016;13:11:48;338.5
09.02.2016;13:11:50;338.5
09.02.2016;13:11:52;338.5
09.02.2016;13:11:54;338.5
09.02.2016;13:11:56;338.5
09.02.2016;13:11:58;338.2
09.02.2016;13:12:00;338
09.02.2016;13:12:02;338
09.02.2016;13:12:04;337.8
09.02.2016;13:12:06;337.8
09.02.2016;13:12:08;337.5
09.02.2016;13:12:10;337.2
09.02.2016;13:12:12;336.9
09.02.2016;13:12:14;336.7
09.02.2016;13:12:16;336.7
09.02.2016;13:12:18;336.5
09.02.2016;13:12:20;336.3
09.02.2016;13:12:22;336.6
09.02.2016;13:12:24;336.9
09.02.2016;13:12:26;338.1
09.02.2016;13:12:28;338.7
09.02.2016;13:12:30;339.7
09.02.2016;13:12:32;340.3
09.02.2016;13:12:34;341.4
09.02.2016;13:12:36;342
09.02.2016;13:12:38;343.3
09.02.2016;13:12:40;344.1
09.02.2016;13:12:42;345.4
09.02.2016;13:12:44;346.2
09.02.2016;13:12:46;347.7
09.02.2016;13:12:48;350.2
09.02.2016;13:12:50;357.2
09.02.2016;13:12:52;366.7
09.02.2016;13:12:54;378.6
09.02.2016;13:12:56;388.1
09.02.2016;13:12:58;397.1
09.02.2016;13:13:00;404
09.02.2016;13:13:02;410.1
09.02.2016;13:13:04;414
09.02.2016;13:13:06;417.4
09.02.2016;13:13:08;420.3
09.02.2016;13:13:10;426.2
09.02.2016;13:13:12;431.2
09.02.2016;13:13:14;435.3
09.02.2016;13:13:16;437.9
09.02.2016;13:13:18;442.2
09.02.2016;13:13:20;444.7
09.02.2016;13:13:22;446.3
09.02.2016;13:13:24;448.3
09.02.2016;13:13:26;451.1
09.02.2016;13:13:28;454.9
09.02.2016;13:13:30;457.9
09.02.2016;13:13:32;460.6
09.02.2016;13:13:34;463.9
09.02.2016;13:13:36;465.4
09.02.2016;13:13:38;466.8
09.02.2016;13:13:40;469.8
09.02.2016;13:13:42;471.4
09.02.2016;13:13:44;472.7
09.02.2016;13:13:46;476
09.02.2016;13:13:48;477.9
09.02.2016;13:13:50;477.9
09.02.2016;13:13:52;477.6
09.02.2016;13:13:54;478.2
09.02.2016;13:13:56;479.9
09.02.2016;13:13:58;480.9
09.02.2016;13:14:00;480.2
09.02.2016;13:14:02;479.7
09.02.2016;13:14:04;480.2
09.02.2016;13:14:06;481.2
09.02.2016;13:14:08;481.5
09.02.2016;13:14:10;480.6
09.02.2016;13:14:12;480.6
09.02.2016;13:14:14;483.2
09.02.2016;13:14:16;485.1
09.02.2016;13:14:18;486.1
09.02.2016;13:14:20;486.1
09.02.2016;13:14:22;487.8
09.02.2016;13:14:24;488.1
09.02.2016;13:14:26;488.6
09.02.2016;13:14:28;489.4
09.02.2016;13:14:30;489.4
09.02.2016;13:14:32;491.6
09.02.2016;13:14:34;494.2
09.02.2016;13:14:36;495.3
09.02.2016;13:14:38;495.9
09.02.2016;13:14:40;496.6
09.02.2016;13:14:42;500.6
09.02.2016;13:14:44;505
09.02.2016;13:14:46;505.4
09.02.2016;13:14:48;508.9
09.02.2016;13:14:50;509.6
09.02.2016;13:14:52;508.4
09.02.2016;13:14:54;508.7
09.02.2016;13:14:56;511.7
09.02.2016;13:14:58;511.4
09.02.2016;13:15:00;512.2
09.02.2016;13:15:02;512.2
09.02.2016;13:15:04;509.1
09.02.2016;13:15:06;507.8
09.02.2016;13:15:08;507.2
09.02.2016;13:15:10;504.9
09.02.2016;13:15:12;506.4
09.02.2016;13:15:14;504.1
09.02.2016;13:15:16;502.8
09.02.2016;13:15:18;502.8
09.02.2016;13:15:20;502.5
09.02.2016;13:15:22;502.9
09.02.2016;13:15:24;505.1
09.02.2016;13:15:26;507.4
09.02.2016;13:15:28;510.6
09.02.2016;13:15:30;510.7
09.02.2016;13:15:32;510.7
09.02.2016;13:15:34;510.1
09.02.2016;13:15:36;510.1
09.02.2016;13:15:38;511.7
09.02.2016;13:15:40;513.5
09.02.2016;13:15:42;513.7
09.02.2016;13:15:44;515.2
09.02.2016;13:15:46;517.4
09.02.2016;13:15:48;519.6
09.02.2016;13:15:50;520.3
09.02.2016;13:15:52;521.5
09.02.2016;13:15:54;524.4
09.02.2016;13:15:56;521.4
09.02.2016;13:15:58;518.9
09.02.2016;13:16:00;514.8
09.02.2016;13:16:02;512.3
09.02.2016;13:16:04;508.1
09.02.2016;13:16:06;508.3
09.02.2016;13:16:08;507
09.02.2016;13:16:10;506.6
09.02.2016;13:16:12;507.7
09.02.2016;13:16:14;506.2
09.02.2016;13:16:16;505.6
09.02.2016;13:16:18;505.4
09.02.2016;13:16:20;510.5
09.02.2016;13:16:22;511.6
09.02.2016;13:16:24;509.8
09.02.2016;13:16:26;511.8
09.02.2016;13:16:28;512.5
09.02.2016;13:16:30;513.4
09.02.2016;13:16:32;515.9
09.02.2016;13:16:34;516.7
09.02.2016;13:16:36;516.7
09.02.2016;13:16:38;516.3
09.02.2016;13:16:40;521.1
09.02.2016;13:16:42;522.6
09.02.2016;13:16:44;521.4
09.02.2016;13:16:46;519.9
09.02.2016;13:16:48;518.2
09.02.2016;13:16:50;517.9
09.02.2016;13:16:52;518.4
09.02.2016;13:16:54;517
09.02.2016;13:16:56;515
09.02.2016;13:16:58;513.6
09.02.2016;13:17:00;512
09.02.2016;13:17:02;513.6
09.02.2016;13:17:04;513.6
09.02.2016;13:17:06;513.3
09.02.2016;13:17:08;511.4
09.02.2016;13:17:10;509.3
09.02.2016;13:17:12;512
09.02.2016;13:17:14;513.9
09.02.2016;13:17:16;514.4
09.02.2016;13:17:18;511.7
09.02.2016;13:17:20;507.3
09.02.2016;13:17:22;504.6
09.02.2016;13:17:24;504.6
09.02.2016;13:17:26;504.6
09.02.2016;13:17:28;502.3
09.02.2016;13:17:30;507.1
09.02.2016;13:17:32;514.2
09.02.2016;13:17:34;513.2
09.02.2016;13:17:36;509.9
09.02.2016;13:17:38;515.8
09.02.2016;13:17:40;517.4
09.02.2016;13:17:42;519.4
09.02.2016;13:17:44;521.5
09.02.2016;13:17:46;523.4
09.02.2016;13:17:48;526.6
09.02.2016;13:17:50;527.3
09.02.2016;13:17:52;530.3
09.02.2016;13:17:54;530.8
09.02.2016;13:17:56;529.7
09.02.2016;13:17:58;528.4
09.02.2016;13:18:00;529.1
09.02.2016;13:18:02;529.1
09.02.2016;13:18:04;528.3
09.02.2016;13:18:06;525.6
09.02.2016;13:18:08;524.9
09.02.2016;13:18:10;524.9
09.02.2016;13:18:12;525.3
09.02.2016;13:18:14;527.3
09.02.2016;13:18:16;529.8
09.02.2016;13:18:18;526.3
09.02.2016;13:18:20;527.1
09.02.2016;13:18:22;531.3
09.02.2016;13:18:24;538.6
09.02.2016;13:18:26;546.2
09.02.2016;13:18:28;547.7
09.02.2016;13:18:30;542.5
09.02.2016;13:18:32;541.2
09.02.2016;13:18:34;546.3
09.02.2016;13:18:36;547.6
09.02.2016;13:18:38;548.4
09.02.2016;13:18:40;550.2
09.02.2016;13:18:42;546.9
09.02.2016;13:18:44;548.8
09.02.2016;13:18:46;557.3
09.02.2016;13:18:48;562.9
09.02.2016;13:18:50;565.7
09.02.2016;13:18:52;568.5
09.02.2016;13:18:54;568.9
09.02.2016;13:18:56;572.3
09.02.2016;13:18:58;574.9
09.02.2016;13:19:00;581.3
09.02.2016;13:19:02;587.1
09.02.2016;13:19:04;585.3
09.02.2016;13:19:06;587.6
09.02.2016;13:19:08;588.5
09.02.2016;13:19:10;590.3
09.02.2016;13:19:12;591.4
09.02.2016;13:19:14;592.4
09.02.2016;13:19:16;592.6
09.02.2016;13:19:18;593.5
09.02.2016;13:19:20;597.7
09.02.2016;13:19:22;602.6
09.02.2016;13:19:24;599.9
09.02.2016;13:19:26;598.1
09.02.2016;13:19:28;596.7
09.02.2016;13:19:30;590.8
09.02.2016;13:19:32;592.3
09.02.2016;13:19:34;588.9
09.02.2016;13:19:36;592.2
09.02.2016;13:19:38;595.7
09.02.2016;13:19:40;598.4
09.02.2016;13:19:42;601.4
09.02.2016;13:19:44;606.4
09.02.2016;13:19:46;611.5
09.02.2016;13:19:48;614.2
09.02.2016;13:19:50;615.1
09.02.2016;13:19:52;615.9
09.02.2016;13:19:54;614.2
09.02.2016;13:19:56;615.4
09.02.2016;13:19:58;614.6
09.02.2016;13:20:00;612
09.02.2016;13:20:02;610
09.02.2016;13:20:04;610.9
09.02.2016;13:20:06;609.7
09.02.2016;13:20:08;609
09.02.2016;13:20:10;609.2
09.02.2016;13:20:12;607
09.02.2016;13:20:14;603.9
09.02.2016;13:20:16;602.2
09.02.2016;13:20:18;599.3
09.02.2016;13:20:20;597.9
09.02.2016;13:20:22;599.7
09.02.2016;13:20:24;600.6
09.02.2016;13:20:26;601.1
09.02.2016;13:20:28;597.7
09.02.2016;13:20:30;595.8
09.02.2016;13:20:32;594.2
09.02.2016;13:20:34;594.7
09.02.2016;13:20:36;592.9
09.02.2016;13:20:38;591.9
09.02.2016;13:20:40;591.3
09.02.2016;13:20:42;587.9
09.02.2016;13:20:44;585.3
09.02.2016;13:20:46;584.7
09.02.2016;13:20:48;583.1
09.02.2016;13:20:50;582.1
09.02.2016;13:20:52;585.2
09.02.2016;13:20:54;587.4
09.02.2016;13:20:56;586.4
09.02.2016;13:20:58;586
09.02.2016;13:21:00;586.1
09.02.2016;13:21:02;587.4
09.02.2016;13:21:04;590.2
09.02.2016;13:21:06;590
09.02.2016;13:21:08;591.4
09.02.2016;13:21:10;593.3
09.02.2016;13:21:12;591.7
09.02.2016;13:21:14;590.9
09.02.2016;13:21:16;591.2
09.02.2016;13:21:18;590.8
09.02.2016;13:21:20;590.2
09.02.2016;13:21:22;589.8
09.02.2016;13:21:24;590.3
09.02.2016;13:21:26;585.2
09.02.2016;13:21:28;585.4
09.02.2016;13:21:30;585.9
09.02.2016;13:21:32;586.7
09.02.2016;13:21:34;581.9
09.02.2016;13:21:36;581.3
09.02.2016;13:21:38;581.8
09.02.2016;13:21:40;584.1
09.02.2016;13:21:42;585.6
09.02.2016;13:21:44;590.4
09.02.2016;13:21:46;588.9
09.02.2016;13:21:48;582.3
09.02.2016;13:21:50;583.8
09.02.2016;13:21:52;584.4
09.02.2016;13:21:54;583.2
09.02.2016;13:21:56;580.7
09.02.2016;13:21:58;579.6
09.02.2016;13:22:00;579.2
09.02.2016;13:22:02;581.7
09.02.2016;13:22:04;580.8
09.02.2016;13:22:06;579.9
09.02.2016;13:22:08;576.1
09.02.2016;13:22:10;574.9
09.02.2016;13:22:12;572.8
09.02.2016;13:22:14;571.6
09.02.2016;13:22:16;569.2
09.02.2016;13:22:18;562.7
09.02.2016;13:22:20;560.1
09.02.2016;13:22:22;557.3
09.02.2016;13:22:24;555.9
09.02.2016;13:22:26;553.5
09.02.2016;13:22:28;550.7
09.02.2016;13:22:30;545.4
09.02.2016;13:22:32;546.8
09.02.2016;13:22:34;545.6
09.02.2016;13:22:36;546.1
09.02.2016;13:22:38;542.2
09.02.2016;13:22:40;542.6
09.02.2016;13:22:42;538.4
09.02.2016;13:22:44;540.9
09.02.2016;13:22:46;537.2
09.02.2016;13:22:48;533.8
09.02.2016;13:22:50;527
09.02.2016;13:22:52;519
09.02.2016;13:22:54;514.1
09.02.2016;13:22:56;510.5
09.02.2016;13:22:58;506.4
09.02.2016;13:23:00;505.4
09.02.2016;13:23:02;503.6
09.02.2016;13:23:04;502.7
09.02.2016;13:23:06;498.7
09.02.2016;13:23:08;496.9
09.02.2016;13:23:10;494.6
09.02.2016;13:23:12;490.7
09.02.2016;13:23:14;487.5
09.02.2016;13:23:16;484.7
09.02.2016;13:23:18;486.3
09.02.2016;13:23:20;487.1
09.02.2016;13:23:22;486.7
09.02.2016;13:23:24;488.6
09.02.2016;13:23:26;489.1
09.02.2016;13:23:28;488.4
09.02.2016;13:23:30;491
09.02.2016;13:23:32;491.8
09.02.2016;13:23:34;489.8
09.02.2016;13:23:36;488.6
09.02.2016;13:23:38;488.6
09.02.2016;13:23:40;486.2
09.02.2016;13:23:42;484.5
09.02.2016;13:23:44;484.3
09.02.2016;13:23:46;481.1
09.02.2016;13:23:48;477.2
09.02.2016;13:23:50;473.9
09.02.2016;13:23:52;471.1
09.02.2016;13:23:54;470.2
09.02.2016;13:23:56;468.7
09.02.2016;13:23:58;464.8
09.02.2016;13:24:00;462.7
09.02.2016;13:24:02;460.3
09.02.2016;13:24:04;458.2
09.02.2016;13:24:06;453.6
09.02.2016;13:24:08;450.8
09.02.2016;13:24:10;449.9
09.02.2016;13:24:12;447.9
09.02.2016;13:24:14;446.2
09.02.2016;13:24:16;444.8
09.02.2016;13:24:18;444.4
09.02.2016;13:24:20;445
09.02.2016;13:24:22;445
09.02.2016;13:24:24;445.3
09.02.2016;13:24:26;443.6
09.02.2016;13:24:28;443.2
09.02.2016;13:24:30;442.4
09.02.2016;13:24:32;442.5
09.02.2016;13:24:34;442.5
09.02.2016;13:24:36;440.4
09.02.2016;13:24:38;439.4
09.02.2016;13:24:40;440.1
09.02.2016;13:24:42;438.7
09.02.2016;13:24:44;439.2
09.02.2016;13:24:46;437.9
09.02.2016;13:24:48;440.5
09.02.2016;13:24:50;443.1
09.02.2016;13:24:52;446.8
09.02.2016;13:24:54;448.4
09.02.2016;13:24:56;448.2
09.02.2016;13:24:58;448.7
09.02.2016;13:25:00;451.1
09.02.2016;13:25:02;450.6
09.02.2016;13:25:04;450.1
09.02.2016;13:25:06;448.9
09.02.2016;13:25:08;451.2
09.02.2016;13:25:10;449.4
09.02.2016;13:25:12;446.1
09.02.2016;13:25:14;443.8
09.02.2016;13:25:16;442.6
09.02.2016;13:25:18;442.2
09.02.2016;13:25:20;442.9
09.02.2016;13:25:22;440.4
09.02.2016;13:25:24;439.2
09.02.2016;13:25:26;438.7
09.02.2016;13:25:28;438.3
09.02.2016;13:25:30;437.8
09.02.2016;13:25:32;436.9
09.02.2016;13:25:34;436.9
09.02.2016;13:25:36;438.7
09.02.2016;13:25:38;441.3
09.02.2016;13:25:40;440.1
09.02.2016;13:25:42;439.2
09.02.2016;13:25:44;437.3
09.02.2016;13:25:46;436.7
09.02.2016;13:25:48;436.6
09.02.2016;13:25:50;437.4
09.02.2016;13:25:52;437.3
09.02.2016;13:25:54;436.3
09.02.2016;13:25:56;437.9
09.02.2016;13:25:58;439.7
09.02.2016;13:26:00;442.4
09.02.2016;13:26:02;444.4
09.02.2016;13:26:04;444.4
09.02.2016;13:26:06;445.2
09.02.2016;13:26:08;445.3
09.02.2016;13:26:10;446.8
09.02.2016;13:26:12;445.7
09.02.2016;13:26:14;445.6
09.02.2016;13:26:16;447.9
09.02.2016;13:26:18;449.2
09.02.2016;13:26:20;448.2
09.02.2016;13:26:22;446.8
09.02.2016;13:26:24;446.8
09.02.2016;13:26:26;445.8
09.02.2016;13:26:28;447.3
09.02.2016;13:26:30;447.3
09.02.2016;13:26:32;448.2
09.02.2016;13:26:34;447.4
09.02.2016;13:26:36;445.7
09.02.2016;13:26:38;445
09.02.2016;13:26:40;445
09.02.2016;13:26:42;445.4
09.02.2016;13:26:44;444.8
09.02.2016;13:26:46;444.8
09.02.2016;13:26:48;443.6
09.02.2016;13:26:50;441.7
09.02.2016;13:26:52;441.3
09.02.2016;13:26:54;438.6
09.02.2016;13:26:56;437.1
09.02.2016;13:26:58;436.1
09.02.2016;13:27:00;437.1
09.02.2016;13:27:02;439.9
09.02.2016;13:27:04;440.6
09.02.2016;13:27:06;440.1
09.02.2016;13:27:08;437.1
09.02.2016;13:27:10;434.7
09.02.2016;13:27:12;435.3
09.02.2016;13:27:14;434.2
09.02.2016;13:27:16;432.7
09.02.2016;13:27:18;431.6
09.02.2016;13:27:20;434.3
09.02.2016;13:27:22;436.3
09.02.2016;13:27:24;437.6
09.02.2016;13:27:26;437.6
09.02.2016;13:27:28;437.3
09.02.2016;13:27:30;439.4
09.02.2016;13:27:32;440.9
09.02.2016;13:27:34;442.9
09.02.2016;13:27:36;443.5
09.02.2016;13:27:38;444.3
09.02.2016;13:27:40;444.9
09.02.2016;13:27:42;445.8
09.02.2016;13:27:44;445
09.02.2016;13:27:46;443.7
09.02.2016;13:27:48;441.8
09.02.2016;13:27:50;440.5
09.02.2016;13:27:52;441.1
09.02.2016;13:27:54;443
09.02.2016;13:27:56;443
09.02.2016;13:27:58;443
09.02.2016;13:28:00;443
09.02.2016;13:28:02;442.2
09.02.2016;13:28:04;440.6
09.02.2016;13:28:06;441.7
09.02.2016;13:28:08;443.6
09.02.2016;13:28:10;444.7
09.02.2016;13:28:12;443.2
09.02.2016;13:28:14;441.8
09.02.2016;13:28:16;439.5
09.02.2016;13:28:18;439
09.02.2016;13:28:20;437.7
09.02.2016;13:28:22;436.8
09.02.2016;13:28:24;435.6
09.02.2016;13:28:26;434.5
09.02.2016;13:28:28;434.1
09.02.2016;13:28:30;434.6
09.02.2016;13:28:32;436.9
09.02.2016;13:28:34;437.8
09.02.2016;13:28:36;437.8
09.02.2016;13:28:38;438.9
09.02.2016;13:28:40;440.5
09.02.2016;13:28:42;440.5
09.02.2016;13:28:44;440
09.02.2016;13:28:46;440.3
09.02.2016;13:28:48;440.3
09.02.2016;13:28:50;438.6
09.02.2016;13:28:52;439.6
09.02.2016;13:28:54;439.1
09.02.2016;13:28:56;440.3
09.02.2016;13:28:58;440.3
09.02.2016;13:29:00;439.9
09.02.2016;13:29:02;441.6
09.02.2016;13:29:04;442.2
09.02.2016;13:29:06;442.6
09.02.2016;13:29:08;442.6
09.02.2016;13:29:10;443.9
09.02.2016;13:29:12;444.6
09.02.2016;13:29:14;445.6
09.02.2016;13:29:16;448.7
09.02.2016;13:29:18;448.3
09.02.2016;13:29:20;450.4
09.02.2016;13:29:22;451.2
09.02.2016;13:29:24;454
09.02.2016;13:29:26;455.1
09.02.2016;13:29:28;456.4
09.02.2016;13:29:30;458.2
09.02.2016;13:29:32;457.2
09.02.2016;13:29:34;455.4
09.02.2016;13:29:36;454.4
09.02.2016;13:29:38;455.5
09.02.2016;13:29:40;456.6
09.02.2016;13:29:42;456.2
09.02.2016;13:29:44;456.3
09.02.2016;13:29:46;454.6
09.02.2016;13:29:48;453.6
09.02.2016;13:29:50;451
09.02.2016;13:29:52;449.7
09.02.2016;13:29:54;449.7
09.02.2016;13:29:56;450.7
09.02.2016;13:29:58;450.2
09.02.2016;13:30:00;449.7
09.02.2016;13:30:02;447.9
09.02.2016;13:30:04;447.6
09.02.2016;13:30:06;447.1
09.02.2016;13:30:08;448.2
09.02.2016;13:30:10;451.5
09.02.2016;13:30:12;450.9
09.02.2016;13:30:14;451.2
09.02.2016;13:30:16;453.4
09.02.2016;13:30:18;452.5
09.02.2016;13:30:20;454.2
09.02.2016;13:30:22;455.8
09.02.2016;13:30:24;453.5
09.02.2016;13:30:26;451.9
09.02.2016;13:30:28;454.6
09.02.2016;13:30:30;455.6
09.02.2016;13:30:32;456.1
09.02.2016;13:30:34;456.2
09.02.2016;13:30:36;454.6
09.02.2016;13:30:38;454.3
09.02.2016;13:30:40;456.4
09.02.2016;13:30:42;456.4
09.02.2016;13:30:44;457.4
09.02.2016;13:30:46;458.3
09.02.2016;13:30:48;457.1
09.02.2016;13:30:50;455.4
09.02.2016;13:30:52;457.7
09.02.2016;13:30:54;456.5
09.02.2016;13:30:56;458.3
09.02.2016;13:30:58;458.3
09.02.2016;13:31:00;455.1
09.02.2016;13:31:02;454.6
09.02.2016;13:31:04;453.8
09.02.2016;13:31:06;453.8
09.02.2016;13:31:08;452.6
09.02.2016;13:31:10;454
09.02.2016;13:31:12;457.2
09.02.2016;13:31:14;457.2
09.02.2016;13:31:16;454.6
09.02.2016;13:31:18;453.2
09.02.2016;13:31:20;453.2
09.02.2016;13:31:22;451.8
09.02.2016;13:31:24;452.5
09.02.2016;13:31:26;452.5
09.02.2016;13:31:28;450.4
09.02.2016;13:31:30;450.9
09.02.2016;13:31:32;451.6
09.02.2016;13:31:34;451.6
09.02.2016;13:31:36;449.8
09.02.2016;13:31:38;447.9
09.02.2016;13:31:40;447.1
09.02.2016;13:31:42;445.7
09.02.2016;13:31:44;445.3
09.02.2016;13:31:46;443.6
09.02.2016;13:31:48;442.1
09.02.2016;13:31:50;442.1
09.02.2016;13:31:52;441.1
09.02.2016;13:31:54;441.4
09.02.2016;13:31:56;443.8
09.02.2016;13:31:58;443.8
09.02.2016;13:32:00;443.7
09.02.2016;13:32:02;442.2
09.02.2016;13:32:04;443.1
09.02.2016;13:32:06;445.4
09.02.2016;13:32:08;445.4
09.02.2016;13:32:10;446.2
09.02.2016;13:32:12;445.2
09.02.2016;13:32:14;445.2
09.02.2016;13:32:16;444.9
09.02.2016;13:32:18;443.7
09.02.2016;13:32:20;443.7
09.02.2016;13:32:22;445.2
09.02.2016;13:32:24;446
09.02.2016;13:32:26;446.7
09.02.2016;13:32:28;445.9
09.02.2016;13:32:30;447.8
09.02.2016;13:32:32;449.6
09.02.2016;13:32:34;447.9
09.02.2016;13:32:36;448.1
09.02.2016;13:32:38;448.2
09.02.2016;13:32:40;448.8
09.02.2016;13:32:42;449.6
09.02.2016;13:32:44;448.1
09.02.2016;13:32:46;445.3
09.02.2016;13:32:48;444.3
09.02.2016;13:32:50;445.4
09.02.2016;13:32:52;444.6
09.02.2016;13:32:54;444.6
09.02.2016;13:32:56;444.6
09.02.2016;13:32:58;444.2
09.02.2016;13:33:00;444.4
09.02.2016;13:33:02;443.2
09.02.2016;13:33:04;445.6
09.02.2016;13:33:06;445.6
09.02.2016;13:33:08;442.9
09.02.2016;13:33:10;441.2
09.02.2016;13:33:12;439.5
09.02.2016;13:33:14;439.8
09.02.2016;13:33:16;442.4
09.02.2016;13:33:18;442.8
09.02.2016;13:33:20;441.4
09.02.2016;13:33:22;440.3
09.02.2016;13:33:24;440.7
09.02.2016;13:33:26;441.5
09.02.2016;13:33:28;442.1
09.02.2016;13:33:30;441.8
09.02.2016;13:33:32;441.8
09.02.2016;13:33:34;442.1
09.02.2016;13:33:36;441.3
09.02.2016;13:33:38;441.9
09.02.2016;13:33:40;442.3
09.02.2016;13:33:42;442.6
09.02.2016;13:33:44;442.6
09.02.2016;13:33:46;442.2
09.02.2016;13:33:48;443.9
09.02.2016;13:33:50;445.3
09.02.2016;13:33:52;444
09.02.2016;13:33:54;442.6
09.02.2016;13:33:56;441.7
09.02.2016;13:33:58;444.2
09.02.2016;13:34:00;446.7
09.02.2016;13:34:02;447.3
09.02.2016;13:34:04;451.4
09.02.2016;13:34:06;453.5
09.02.2016;13:34:08;452.3
09.02.2016;13:34:10;450.2
09.02.2016;13:34:12;453.2
09.02.2016;13:34:14;455
09.02.2016;13:34:16;455
09.02.2016;13:34:18;454.6
09.02.2016;13:34:20;455.3
09.02.2016;13:34:22;454.7
09.02.2016;13:34:24;443.9
09.02.2016;13:34:26;431.8
09.02.2016;13:34:28;421.2
09.02.2016;13:34:30;410
09.02.2016;13:34:32;395.2
09.02.2016;13:34:34;385.9
09.02.2016;13:34:36;382.1
09.02.2016;13:34:38;380.8
09.02.2016;13:34:40;380.3
09.02.2016;13:34:42;379.9
09.02.2016;13:34:44;379.1
09.02.2016;13:34:46;378.4
09.02.2016;13:34:48;378.4
09.02.2016;13:34:50;377.8
09.02.2016;13:34:52;377.4
09.02.2016;13:34:54;376.4
09.02.2016;13:34:56;375.2
09.02.2016;13:34:58;374.6
09.02.2016;13:35:00;373.1
09.02.2016;13:35:02;372.4
09.02.2016;13:35:04;371.1
09.02.2016;13:35:06;369.9
09.02.2016;13:35:08;368.3
09.02.2016;13:35:10;367.6
09.02.2016;13:35:12;366
09.02.2016;13:35:14;365.3
09.02.2016;13:35:16;364.4
09.02.2016;13:35:18;363.8
09.02.2016;13:35:20;362.8
09.02.2016;13:35:22;362.1
09.02.2016;13:35:24;361.1
09.02.2016;13:35:26;360.6
09.02.2016;13:35:28;360.6
09.02.2016;13:35:30;360.2
09.02.2016;13:35:32;359.8
09.02.2016;13:35:34;358.7
09.02.2016;13:35:36;358.2
09.02.2016;13:35:38;358.2
09.02.2016;13:35:40;357.6
09.02.2016;13:35:42;357.4
09.02.2016;13:35:44;357.2
09.02.2016;13:35:46;357.2
09.02.2016;13:35:48;356.8
09.02.2016;13:35:50;356.8
09.02.2016;13:35:52;356.1
09.02.2016;13:35:54;355.6
09.02.2016;13:35:56;354.7
09.02.2016;13:35:58;354.2
09.02.2016;13:36:00;353.3
09.02.2016;13:36:02;352.9
09.02.2016;13:36:04;352.4
09.02.2016;13:36:06;351.5
09.02.2016;13:36:08;351.1
09.02.2016;13:36:10;350.8
09.02.2016;13:36:12;350.5
09.02.2016;13:36:14;350.3
09.02.2016;13:36:16;350.7
09.02.2016;13:36:18;350.7
09.02.2016;13:36:20;351
09.02.2016;13:36:22;351
09.02.2016;13:36:24;350.6
09.02.2016;13:36:26;350.6
09.02.2016;13:36:28;350.3
09.02.2016;13:36:30;350.2
09.02.2016;13:36:32;350.5
09.02.2016;13:36:34;350.5
09.02.2016;13:36:36;350.1
09.02.2016;13:36:38;349.7
09.02.2016;13:36:40;349.7
09.02.2016;13:36:42;349.8
09.02.2016;13:36:44;350.1
09.02.2016;13:36:46;349.9
09.02.2016;13:36:48;349.6
09.02.2016;13:36:50;349.3
09.02.2016;13:36:52;349.1
09.02.2016;13:36:54;348.7
09.02.2016;13:36:56;347.9
09.02.2016;13:36:58;347.1
09.02.2016;13:37:00;346.8
09.02.2016;13:37:02;346.6
09.02.2016;13:37:04;346.3
09.02.2016;13:37:06;346.6
09.02.2016;13:37:08;346.6
09.02.2016;13:37:10;346.6
09.02.2016;13:37:12;346.3
09.02.2016;13:37:14;346.1
09.02.2016;13:37:16;346.1
09.02.2016;13:37:18;346.1
09.02.2016;13:37:20;345.9
09.02.2016;13:37:22;345.5
09.02.2016;13:37:24;345.3
09.02.2016;13:37:26;345.3
09.02.2016;13:37:28;345.1
09.02.2016;13:37:30;344.8
09.02.2016;13:37:32;344.7
09.02.2016;13:37:34;344.7
09.02.2016;13:37:36;344.7
09.02.2016;13:37:38;344.3
09.02.2016;13:37:40;344
09.02.2016;13:37:42;343.7
09.02.2016;13:37:44;343.7
09.02.2016;13:37:46;343.9
09.02.2016;13:37:48;344.1
09.02.2016;13:37:50;343.8
09.02.2016;13:37:52;343.8
09.02.2016;13:37:54;343.8
09.02.2016;13:37:56;343.7
09.02.2016;13:37:58;343.4
09.02.2016;13:38:00;343.4
09.02.2016;13:38:02;343.1
09.02.2016;13:38:04;342.8
09.02.2016;13:38:06;342.8
09.02.2016;13:38:08;342.6
09.02.2016;13:38:10;342.4
09.02.2016;13:38:12;342.4
09.02.2016;13:38:14;342.6
09.02.2016;13:38:16;343.2
09.02.2016;13:38:18;343.4
09.02.2016;13:38:20;343.4
09.02.2016;13:38:22;343.1
09.02.2016;13:38:24;343.1
09.02.2016;13:38:26;343
09.02.2016;13:38:28;343.6
09.02.2016;13:38:30;343.6
09.02.2016;13:38:32;344.3
09.02.2016;13:38:34;344.7
09.02.2016;13:38:36;345.2
09.02.2016;13:38:38;345.2
09.02.2016;13:38:40;345.1
09.02.2016;13:38:42;344.7
09.02.2016;13:38:44;344.6
09.02.2016;13:38:46;344.7
09.02.2016;13:38:48;344.7
09.02.2016;13:38:50;344.9
09.02.2016;13:38:52;344.7
09.02.2016;13:38:54;344.7
09.02.2016;13:38:56;345.1
09.02.2016;13:38:58;346.3
09.02.2016;13:39:00;346.9
09.02.2016;13:39:02;347.1
09.02.2016;13:39:04;346.9
09.02.2016;13:39:06;346.6
09.02.2016;13:39:08;346.2
09.02.2016;13:39:10;346.2
09.02.2016;13:39:12;346
09.02.2016;13:39:14;346.2
09.02.2016;13:39:16;346.7
09.02.2016;13:39:18;347.1
09.02.2016;13:39:20;347.1
09.02.2016;13:39:22;347.1
09.02.2016;13:39:24;347.1
09.02.2016;13:39:26;347.3
09.02.2016;13:39:28;346.9
09.02.2016;13:39:30;346.6
09.02.2016;13:39:32;346.6
09.02.2016;13:39:34;346.4
09.02.2016;13:39:36;346.8
09.02.2016;13:39:38;347.2
09.02.2016;13:39:40;347.5
09.02.2016;13:39:42;348.2
09.02.2016;13:39:44;348.4
09.02.2016;13:39:46;348.4
09.02.2016;13:39:48;349.3
09.02.2016;13:39:50;349.7
09.02.2016;13:39:52;349.7
09.02.2016;13:39:54;351
09.02.2016;13:39:56;351.6
09.02.2016;13:39:58;352.1
09.02.2016;13:40:00;352.3
09.02.2016;13:40:02;352.3
09.02.2016;13:40:04;352.1
09.02.2016;13:40:06;352.8
09.02.2016;13:40:08;353.1
09.02.2016;13:40:10;353.1
09.02.2016;13:40:12;353.4
09.02.2016;13:40:14;353.4
09.02.2016;13:40:16;353.6
09.02.2016;13:40:18;354
09.02.2016;13:40:20;354
09.02.2016;13:40:22;354
09.02.2016;13:40:24;354.3
09.02.2016;13:40:26;354.3
09.02.2016;13:40:28;354.1
09.02.2016;13:40:30;354.1
09.02.2016;13:40:32;354.1
09.02.2016;13:40:34;354.6
09.02.2016;13:40:36;354.9
09.02.2016;13:40:38;355.4
09.02.2016;13:40:40;356.3
09.02.2016;13:40:42;356.6
09.02.2016;13:40:44;356.9
09.02.2016;13:40:46;357.1
09.02.2016;13:40:48;357.1
09.02.2016;13:40:50;357.1
09.02.2016;13:40:52;357.4
09.02.2016;13:40:54;357.8
09.02.2016;13:40:56;358.1
09.02.2016;13:40:58;358.1
09.02.2016;13:41:00;358.2
09.02.2016;13:41:02;358.4
09.02.2016;13:41:04;358.4
09.02.2016;13:41:06;358.2
09.02.2016;13:41:08;357.9
09.02.2016;13:41:10;357.4
09.02.2016;13:41:12;357.1
09.02.2016;13:41:14;357.1
09.02.2016;13:41:16;357.1
09.02.2016;13:41:18;357.2
09.02.2016;13:41:20;357.6
09.02.2016;13:41:22;357.9
09.02.2016;13:41:24;357.9
09.02.2016;13:41:26;358.3
09.02.2016;13:41:28;358.3
09.02.2016;13:41:30;358.7
09.02.2016;13:41:32;359.5
09.02.2016;13:41:34;359.8
09.02.2016;13:41:36;360.2
09.02.2016;13:41:38;360.2
09.02.2016;13:41:40;360.2
09.02.2016;13:41:42;360.2
09.02.2016;13:41:44;361.4
09.02.2016;13:41:46;362.4
09.02.2016;13:41:48;363.3
09.02.2016;13:41:50;363.3
09.02.2016;13:41:52;362.9
09.02.2016;13:41:54;362.8
09.02.2016;13:41:56;363.2
09.02.2016;13:41:58;363.5
09.02.2016;13:42:00;363.7
09.02.2016;13:42:02;363.8
09.02.2016;13:42:04;363.5
09.02.2016;13:42:06;363.3
09.02.2016;13:42:08;363.7
09.02.2016;13:42:10;363.7
09.02.2016;13:42:12;363.4
09.02.2016;13:42:14;363.4
09.02.2016;13:42:16;363.7
09.02.2016;13:42:18;363.7
09.02.2016;13:42:20;364.1
09.02.2016;13:42:22;364.1
09.02.2016;13:42:24;364.1
09.02.2016;13:42:26;364.1
09.02.2016;13:42:28;363.8
09.02.2016;13:42:30;363.4
09.02.2016;13:42:32;363.2
09.02.2016;13:42:34;363.2
09.02.2016;13:42:36;364.2
09.02.2016;13:42:38;364.6
09.02.2016;13:42:40;365.3
09.02.2016;13:42:42;365.7
09.02.2016;13:42:44;366.1
09.02.2016;13:42:46;366.3
09.02.2016;13:42:48;366.3
09.02.2016;13:42:50;367
09.02.2016;13:42:52;367.2
09.02.2016;13:42:54;367.2
09.02.2016;13:42:56;367.4
09.02.2016;13:42:58;368.4
09.02.2016;13:43:00;368.7
09.02.2016;13:43:02;368.7
09.02.2016;13:43:04;368.4
09.02.2016;13:43:06;368.2
09.02.2016;13:43:08;368.2
09.02.2016;13:43:10;367.9
09.02.2016;13:43:12;367.9
09.02.2016;13:43:14;367.9
09.02.2016;13:43:16;367.9
09.02.2016;13:43:18;367.6
09.02.2016;13:43:20;367.1
09.02.2016;13:43:22;367.7
09.02.2016;13:43:24;368.5
09.02.2016;13:43:26;368.8
09.02.2016;13:43:28;368.2
09.02.2016;13:43:30;367.8
09.02.2016;13:43:32;367.8
09.02.2016;13:43:34;367.8
09.02.2016;13:43:36;367.8
09.02.2016;13:43:38;367.5
09.02.2016;13:43:40;367.5
09.02.2016;13:43:42;367.3
09.02.2016;13:43:44;367.3
09.02.2016;13:43:46;367.7
09.02.2016;13:43:48;368.7
09.02.2016;13:43:50;368.9
09.02.2016;13:43:52;369.4
09.02.2016;13:43:54;370.6
09.02.2016;13:43:56;370.8
09.02.2016;13:43:58;372.1
09.02.2016;13:44:00;373.2
09.02.2016;13:44:02;373.6
09.02.2016;13:44:04;374.7
09.02.2016;13:44:06;375.1
09.02.2016;13:44:08;375.1
09.02.2016;13:44:10;375.1
09.02.2016;13:44:12;375.2
09.02.2016;13:44:14;375.2
09.02.2016;13:44:16;375.6
09.02.2016;13:44:18;376.9
09.02.2016;13:44:20;377.2
09.02.2016;13:44:22;378.1
09.02.2016;13:44:24;378.3
09.02.2016;13:44:26;378.3
09.02.2016;13:44:28;379.2
09.02.2016;13:44:30;379.2
09.02.2016;13:44:32;378.9
09.02.2016;13:44:34;378.6
09.02.2016;13:44:36;378.9
09.02.2016;13:44:38;378.9
09.02.2016;13:44:40;378.9
09.02.2016;13:44:42;380.1
09.02.2016;13:44:44;379.8
09.02.2016;13:44:46;379.8
09.02.2016;13:44:48;380.3
09.02.2016;13:44:50;380
09.02.2016;13:44:52;379.7
09.02.2016;13:44:54;379.7
09.02.2016;13:44:56;380.3
09.02.2016;13:44:58;380.3
09.02.2016;13:45:00;380.9
09.02.2016;13:45:02;380.9
09.02.2016;13:45:04;380.7
09.02.2016;13:45:06;380.7
09.02.2016;13:45:08;380.2
09.02.2016;13:45:10;380.5
09.02.2016;13:45:12;380.1
09.02.2016;13:45:14;379.6
09.02.2016;13:45:16;379.2
09.02.2016;13:45:18;378.2
09.02.2016;13:45:20;377.6
09.02.2016;13:45:22;376.4
09.02.2016;13:45:24;376.2
09.02.2016;13:45:26;376.2
09.02.2016;13:45:28;376.2
09.02.2016;13:45:30;375.8
09.02.2016;13:45:32;375.5
09.02.2016;13:45:34;374.4
09.02.2016;13:45:36;374.1
09.02.2016;13:45:38;373.7
09.02.2016;13:45:40;372.9
09.02.2016;13:45:42;373.3
09.02.2016;13:45:44;373.7
09.02.2016;13:45:46;374.1
09.02.2016;13:45:48;374.3
09.02.2016;13:45:50;373.8
09.02.2016;13:45:52;373.4
09.02.2016;13:45:54;373
09.02.2016;13:45:56;372.8
09.02.2016;13:45:58;372.3
09.02.2016;13:46:00;371.2
09.02.2016;13:46:02;371
09.02.2016;13:46:04;371
09.02.2016;13:46:06;371.4
09.02.2016;13:46:08;371.7
09.02.2016;13:46:10;372
09.02.2016;13:46:12;372
09.02.2016;13:46:14;372
09.02.2016;13:46:16;372.6
09.02.2016;13:46:18;372.3
09.02.2016;13:46:20;372.7
09.02.2016;13:46:22;372.4
09.02.2016;13:46:24;371.5
09.02.2016;13:46:26;371.2
09.02.2016;13:46:28;370.5
09.02.2016;13:46:30;370.1
09.02.2016;13:46:32;369.9
09.02.2016;13:46:34;369.4
09.02.2016;13:46:36;369.1
09.02.2016;13:46:38;369.1
09.02.2016;13:46:40;369.1
09.02.2016;13:46:42;369.6
09.02.2016;13:46:44;368.8
09.02.2016;13:46:46;368.3
09.02.2016;13:46:48;367.3
09.02.2016;13:46:50;366.9
09.02.2016;13:46:52;366.5
09.02.2016;13:46:54;365.9
09.02.2016;13:46:56;365.6
09.02.2016;13:46:58;365.3
09.02.2016;13:47:00;364.9
09.02.2016;13:47:02;364.3
09.02.2016;13:47:04;363.2
09.02.2016;13:47:06;362.6
09.02.2016;13:47:08;361.5
09.02.2016;13:47:10;361.5
09.02.2016;13:47:12;362.1
09.02.2016;13:47:14;361.7
09.02.2016;13:47:16;361.4
09.02.2016;13:47:18;361.4
09.02.2016;13:47:20;361.4
09.02.2016;13:47:22;361.4
09.02.2016;13:47:24;361.4
09.02.2016;13:47:26;361.4
09.02.2016;13:47:28;361.3
09.02.2016;13:47:30;360.7
09.02.2016;13:47:32;360.3
09.02.2016;13:47:34;360.3
09.02.2016;13:47:36;360.6
09.02.2016;13:47:38;360.4
09.02.2016;13:47:40;360
09.02.2016;13:47:42;360
09.02.2016;13:47:44;359.2
09.02.2016;13:47:46;358.7
09.02.2016;13:47:48;358.4
09.02.2016;13:47:50;357.9
09.02.2016;13:47:52;358.7
09.02.2016;13:47:54;358.7
09.02.2016;13:47:56;357.8
09.02.2016;13:47:58;357.2
09.02.2016;13:48:00;356.5
09.02.2016;13:48:02;356.4
09.02.2016;13:48:04;356.7
09.02.2016;13:48:06;356.4
09.02.2016;13:48:08;356.2
09.02.2016;13:48:10;355.6
09.02.2016;13:48:12;355.4
09.02.2016;13:48:14;355.1
09.02.2016;13:48:16;354.8
09.02.2016;13:48:18;355.3
09.02.2016;13:48:20;355.3
09.02.2016;13:48:22;355.1
09.02.2016;13:48:24;356.4
09.02.2016;13:48:26;358.1
09.02.2016;13:48:28;358.6
09.02.2016;13:48:30;358.6
09.02.2016;13:48:32;358.9
09.02.2016;13:48:34;360.9
09.02.2016;13:48:36;361.6
09.02.2016;13:48:38;364.4
09.02.2016;13:48:40;365.8
09.02.2016;13:48:42;366.6
09.02.2016;13:48:44;367.2
09.02.2016;13:48:46;367.9
09.02.2016;13:48:48;368.9
09.02.2016;13:48:50;369.7
09.02.2016;13:48:52;372.8
09.02.2016;13:48:54;373.4
09.02.2016;13:48:56;374.1
09.02.2016;13:48:58;374.3
09.02.2016;13:49:00;376.1
09.02.2016;13:49:02;379.9
09.02.2016;13:49:04;382.8
09.02.2016;13:49:06;383.1
09.02.2016;13:49:08;384.7
09.02.2016;13:49:10;387.3
09.02.2016;13:49:12;389.1
09.02.2016;13:49:14;390.9
09.02.2016;13:49:16;392.5
09.02.2016;13:49:18;394.4
09.02.2016;13:49:20;397.8
09.02.2016;13:49:22;400.1
09.02.2016;13:49:24;402.5
09.02.2016;13:49:26;404.9
09.02.2016;13:49:28;406.7
09.02.2016;13:49:30;407.6
09.02.2016;13:49:32;408.8
09.02.2016;13:49:34;410.2
09.02.2016;13:49:36;411.7
09.02.2016;13:49:38;413.9
09.02.2016;13:49:40;415.1
09.02.2016;13:49:42;416.2
09.02.2016;13:49:44;416.4
09.02.2016;13:49:46;416.1
09.02.2016;13:49:48;417.1
09.02.2016;13:49:50;417.6
09.02.2016;13:49:52;419.1
09.02.2016;13:49:54;420.4
09.02.2016;13:49:56;421.1
09.02.2016;13:49:58;421
09.02.2016;13:50:00;419.8
09.02.2016;13:50:02;420.6
09.02.2016;13:50:04;420.8
09.02.2016;13:50:06;421.8
09.02.2016;13:50:08;422.1
09.02.2016;13:50:10;422.1
09.02.2016;13:50:12;421
09.02.2016;13:50:14;421.6
09.02.2016;13:50:16;422.7
09.02.2016;13:50:18;423.4
09.02.2016;13:50:20;423.7
09.02.2016;13:50:22;424.6
09.02.2016;13:50:24;425
09.02.2016;13:50:26;426.1
09.02.2016;13:50:28;427.2
09.02.2016;13:50:30;427.4
09.02.2016;13:50:32;427.4
09.02.2016;13:50:34;429.1
09.02.2016;13:50:36;428.3
09.02.2016;13:50:38;426.7
09.02.2016;13:50:40;426.7
09.02.2016;13:50:42;427.2
09.02.2016;13:50:44;427.7
09.02.2016;13:50:46;427.7
09.02.2016;13:50:48;427.7
09.02.2016;13:50:50;427.7
09.02.2016;13:50:52;426.7
09.02.2016;13:50:54;426.3
09.02.2016;13:50:56;426.3
09.02.2016;13:50:58;427.7
09.02.2016;13:51:00;429.2
09.02.2016;13:51:02;428.9
09.02.2016;13:51:04;428.2
09.02.2016;13:51:06;429.1
09.02.2016;13:51:08;428.2
09.02.2016;13:51:10;428.6
09.02.2016;13:51:12;429
09.02.2016;13:51:14;429.1
09.02.2016;13:51:16;429.1
09.02.2016;13:51:18;427.2
09.02.2016;13:51:20;424.7
09.02.2016;13:51:22;425.7
09.02.2016;13:51:24;426.6
09.02.2016;13:51:26;427.1
09.02.2016;13:51:28;428.2
09.02.2016;13:51:30;427.8
09.02.2016;13:51:32;430.1
09.02.2016;13:51:34;432
09.02.2016;13:51:36;431.2
09.02.2016;13:51:38;431.2
09.02.2016;13:51:40;431.6
09.02.2016;13:51:42;432.2
09.02.2016;13:51:44;432.2
09.02.2016;13:51:46;431.9
09.02.2016;13:51:48;431.4
09.02.2016;13:51:50;431.4
09.02.2016;13:51:52;432.9
09.02.2016;13:51:54;434.2
09.02.2016;13:51:56;433.7
09.02.2016;13:51:58;433.9
09.02.2016;13:52:00;434.4
09.02.2016;13:52:02;435.3
09.02.2016;13:52:04;435.3
09.02.2016;13:52:06;434.2
09.02.2016;13:52:08;433.8
09.02.2016;13:52:10;432.6
09.02.2016;13:52:12;430.4
09.02.2016;13:52:14;430.2
09.02.2016;13:52:16;430.4
09.02.2016;13:52:18;429.1
09.02.2016;13:52:20;428.5
09.02.2016;13:52:22;428.9
09.02.2016;13:52:24;430.3
09.02.2016;13:52:26;430.3
09.02.2016;13:52:28;427.8
09.02.2016;13:52:30;426.4
09.02.2016;13:52:32;426.1
09.02.2016;13:52:34;427.2
09.02.2016;13:52:36;427.4
09.02.2016;13:52:38;426.1
09.02.2016;13:52:40;424.6
09.02.2016;13:52:42;423.8
09.02.2016;13:52:44;423.4
09.02.2016;13:52:46;423.1
09.02.2016;13:52:48;422.7
09.02.2016;13:52:50;423.8
09.02.2016;13:52:52;424.4
09.02.2016;13:52:54;425.4
09.02.2016;13:52:56;425.4
09.02.2016;13:52:58;424.7
09.02.2016;13:53:00;424.1
09.02.2016;13:53:02;423.7
09.02.2016;13:53:04;422.7
09.02.2016;13:53:06;421.4
09.02.2016;13:53:08;420.7
09.02.2016;13:53:10;419.7
09.02.2016;13:53:12;419.7
09.02.2016;13:53:14;418.7
09.02.2016;13:53:16;417.9
09.02.2016;13:53:18;416.9
09.02.2016;13:53:20;416.3
09.02.2016;13:53:22;415.3
09.02.2016;13:53:24;414.8
09.02.2016;13:53:26;413.6
09.02.2016;13:53:28;412.3
09.02.2016;13:53:30;411.3
09.02.2016;13:53:32;409.4
09.02.2016;13:53:34;408.2
09.02.2016;13:53:36;407.9
09.02.2016;13:53:38;409.8
09.02.2016;13:53:40;410.2
09.02.2016;13:53:42;409.3
09.02.2016;13:53:44;409.9
09.02.2016;13:53:46;409.9
09.02.2016;13:53:48;411.3
09.02.2016;13:53:50;411.3
09.02.2016;13:53:52;411.7
09.02.2016;13:53:54;411.9
09.02.2016;13:53:56;409.2
09.02.2016;13:53:58;407.6
09.02.2016;13:54:00;406
09.02.2016;13:54:02;404.2
09.02.2016;13:54:04;403.1
09.02.2016;13:54:06;402.8
09.02.2016;13:54:08;402.8
09.02.2016;13:54:10;402.8
09.02.2016;13:54:12;403.7
09.02.2016;13:54:14;404.8
09.02.2016;13:54:16;404.8
09.02.2016;13:54:18;404.6
09.02.2016;13:54:20;405.3
09.02.2016;13:54:22;404.1
09.02.2016;13:54:24;403.7
09.02.2016;13:54:26;403.9
09.02.2016;13:54:28;402.9
09.02.2016;13:54:30;401.7
09.02.2016;13:54:32;401.1
09.02.2016;13:54:34;400.2
09.02.2016;13:54:36;399.1
09.02.2016;13:54:38;400.2
09.02.2016;13:54:40;400.5
09.02.2016;13:54:42;400.6
09.02.2016;13:54:44;402.5
09.02.2016;13:54:46;402.8
09.02.2016;13:54:48;402.3
09.02.2016;13:54:50;402.1
09.02.2016;13:54:52;401.2
09.02.2016;13:54:54;400.9
09.02.2016;13:54:56;399.6
09.02.2016;13:54:58;398.3
09.02.2016;13:55:00;397.3
09.02.2016;13:55:02;395.7
09.02.2016;13:55:04;394.5
09.02.2016;13:55:06;393.7
09.02.2016;13:55:08;392.6
09.02.2016;13:55:10;392.2
09.02.2016;13:55:12;392
09.02.2016;13:55:14;392
09.02.2016;13:55:16;390.8
09.02.2016;13:55:18;391.2
09.02.2016;13:55:20;391.2
09.02.2016;13:55:22;392.8
09.02.2016;13:55:24;393.2
09.02.2016;13:55:26;393.6
09.02.2016;13:55:28;393.7
09.02.2016;13:55:30;392.9
09.02.2016;13:55:32;391.6
09.02.2016;13:55:34;391.6
09.02.2016;13:55:36;392.9
09.02.2016;13:55:38;393.9
09.02.2016;13:55:40;393.9
09.02.2016;13:55:42;393.7
09.02.2016;13:55:44;393.6
09.02.2016;13:55:46;392.6
09.02.2016;13:55:48;391.6
09.02.2016;13:55:50;391.2
09.02.2016;13:55:52;390.2
09.02.2016;13:55:54;389.1
09.02.2016;13:55:56;388.9
09.02.2016;13:55:58;388.2
09.02.2016;13:56:00;388.2
09.02.2016;13:56:02;387.7
09.02.2016;13:56:04;386.8
09.02.2016;13:56:06;386.3
09.02.2016;13:56:08;385.4
09.02.2016;13:56:10;384.4
09.02.2016;13:56:12;383.2
09.02.2016;13:56:14;382.7
09.02.2016;13:56:16;383.1
09.02.2016;13:56:18;383.3
09.02.2016;13:56:20;382.6
09.02.2016;13:56:22;382.3
09.02.2016;13:56:24;382.8
09.02.2016;13:56:26;383
09.02.2016;13:56:28;382.4
09.02.2016;13:56:30;381.9
09.02.2016;13:56:32;381.7
09.02.2016;13:56:34;381.4
09.02.2016;13:56:36;380.3
09.02.2016;13:56:38;380.3
09.02.2016;13:56:40;380.7
09.02.2016;13:56:42;380.3
09.02.2016;13:56:44;379.9
09.02.2016;13:56:46;379.6
09.02.2016;13:56:48;380.1
09.02.2016;13:56:50;380.2
09.02.2016;13:56:52;379.7
09.02.2016;13:56:54;378.8
09.02.2016;13:56:56;378.8
09.02.2016;13:56:58;378.9
09.02.2016;13:57:00;378.9
09.02.2016;13:57:02;378.9
09.02.2016;13:57:04;378.9
09.02.2016;13:57:06;378.3
09.02.2016;13:57:08;378.3
09.02.2016;13:57:10;377.7
09.02.2016;13:57:12;377.3
09.02.2016;13:57:14;377
09.02.2016;13:57:16;377.2
09.02.2016;13:57:18;377.4
09.02.2016;13:57:20;377.2
09.02.2016;13:57:22;377.2
09.02.2016;13:57:24;377.2
09.02.2016;13:57:26;377.2
09.02.2016;13:57:28;376.9
09.02.2016;13:57:30;376.4
09.02.2016;13:57:32;377
09.02.2016;13:57:34;377.9
09.02.2016;13:57:36;378.1
09.02.2016;13:57:38;378.1
09.02.2016;13:57:40;378.1
09.02.2016;13:57:42;377.2
09.02.2016;13:57:44;376.6
09.02.2016;13:57:46;376.3
09.02.2016;13:57:48;376.9
09.02.2016;13:57:50;376.7
09.02.2016;13:57:52;376.7
09.02.2016;13:57:54;376.2
09.02.2016;13:57:56;375.8
09.02.2016;13:57:58;374.9
09.02.2016;13:58:00;374.4
09.02.2016;13:58:02;374.8
09.02.2016;13:58:04;374.9
09.02.2016;13:58:06;374.8
09.02.2016;13:58:08;375.9
09.02.2016;13:58:10;376.1
09.02.2016;13:58:12;376.1
09.02.2016;13:58:14;376.4
09.02.2016;13:58:16;376
09.02.2016;13:58:18;376.4
09.02.2016;13:58:20;376.4
09.02.2016;13:58:22;376.8
09.02.2016;13:58:24;376.5
09.02.2016;13:58:26;376.5
09.02.2016;13:58:28;376.2
09.02.2016;13:58:30;376.2
09.02.2016;13:58:32;376.2
09.02.2016;13:58:34;377
09.02.2016;13:58:36;377.4
09.02.2016;13:58:38;377.4
09.02.2016;13:58:40;377.9
09.02.2016;13:58:42;378.3
09.02.2016;13:58:44;378.7
09.02.2016;13:58:46;379.6
09.02.2016;13:58:48;381.1
09.02.2016;13:58:50;381.1
09.02.2016;13:58:52;382.8
09.02.2016;13:58:54;383.8
09.02.2016;13:58:56;384.4
09.02.2016;13:58:58;385.9
09.02.2016;13:59:00;387.6
09.02.2016;13:59:02;387.8
09.02.2016;13:59:04;389.4
09.02.2016;13:59:06;391.3
09.02.2016;13:59:08;392.8
09.02.2016;13:59:10;392.3
09.02.2016;13:59:12;392.6
09.02.2016;13:59:14;395
09.02.2016;13:59:16;396.3
09.02.2016;13:59:18;397.8
09.02.2016;13:59:20;398.1
09.02.2016;13:59:22;399.6
09.02.2016;13:59:24;401.7
09.02.2016;13:59:26;402.8
09.02.2016;13:59:28;403.3
09.02.2016;13:59:30;404.4
09.02.2016;13:59:32;406.6
09.02.2016;13:59:34;408.2
09.02.2016;13:59:36;409.8
09.02.2016;13:59:38;410.5
09.02.2016;13:59:40;411.2
09.02.2016;13:59:42;413.7
09.02.2016;13:59:44;414.7
09.02.2016;13:59:46;415.5
09.02.2016;13:59:48;415.3
09.02.2016;13:59:50;415.8
09.02.2016;13:59:52;416.8
09.02.2016;13:59:54;417.3
09.02.2016;13:59:56;417.9
09.02.2016;13:59:58;418.3
09.02.2016;14:00:00;416.2
09.02.2016;14:00:02;414.8
09.02.2016;14:00:04;414.3
09.02.2016;14:00:06;414.3
09.02.2016;14:00:08;413.3
09.02.2016;14:00:10;413.7
09.02.2016;14:00:12;413
09.02.2016;14:00:14;413.6
09.02.2016;14:00:16;413.8
09.02.2016;14:00:18;412.7
09.02.2016;14:00:20;413.7
09.02.2016;14:00:22;413.7
09.02.2016;14:00:24;413.2
09.02.2016;14:00:26;413.2
09.02.2016;14:00:28;412.6
09.02.2016;14:00:30;412.1
09.02.2016;14:00:32;411.8
09.02.2016;14:00:34;411.4
09.02.2016;14:00:36;411
09.02.2016;14:00:38;411.6
09.02.2016;14:00:40;412
09.02.2016;14:00:42;411.4
09.02.2016;14:00:44;412.5
09.02.2016;14:00:46;412.5
09.02.2016;14:00:48;410.3
09.02.2016;14:00:50;408.1
09.02.2016;14:00:52;406.9
09.02.2016;14:00:54;406.4
09.02.2016;14:00:56;406.3
09.02.2016;14:00:58;404.4
09.02.2016;14:01:00;404.1
09.02.2016;14:01:02;403.4
09.02.2016;14:01:04;403
09.02.2016;14:01:06;402.3
09.02.2016;14:01:08;400.8
09.02.2016;14:01:10;400.3
09.02.2016;14:01:12;399.3
09.02.2016;14:01:14;400.6
09.02.2016;14:01:16;401.4
09.02.2016;14:01:18;401.8
09.02.2016;14:01:20;401.8
09.02.2016;14:01:22;399.9
09.02.2016;14:01:24;399.9
09.02.2016;14:01:26;400.2
09.02.2016;14:01:28;400.2
09.02.2016;14:01:30;400.9
09.02.2016;14:01:32;401.2
09.02.2016;14:01:34;400.7
09.02.2016;14:01:36;401.4
09.02.2016;14:01:38;402.4
09.02.2016;14:01:40;402.4
09.02.2016;14:01:42;403.3
09.02.2016;14:01:44;403.1
09.02.2016;14:01:46;402.7
09.02.2016;14:01:48;402.9
09.02.2016;14:01:50;403.8
09.02.2016;14:01:52;404.2
09.02.2016;14:01:54;405.7
09.02.2016;14:01:56;405.7
09.02.2016;14:01:58;406.4
09.02.2016;14:02:00;405.8
09.02.2016;14:02:02;407.1
09.02.2016;14:02:04;407.1
09.02.2016;14:02:06;407.1
09.02.2016;14:02:08;406.8
09.02.2016;14:02:10;406.3
09.02.2016;14:02:12;407.1
09.02.2016;14:02:14;406.6
09.02.2016;14:02:16;406.3
09.02.2016;14:02:18;405.8
09.02.2016;14:02:20;406.4
09.02.2016;14:02:22;406.7
09.02.2016;14:02:24;408
09.02.2016;14:02:26;409.8
09.02.2016;14:02:28;409.8
09.02.2016;14:02:30;409.8
09.02.2016;14:02:32;410.2
09.02.2016;14:02:34;411.2
09.02.2016;14:02:36;411.8
09.02.2016;14:02:38;410.6
09.02.2016;14:02:40;410.2
09.02.2016;14:02:42;408.7
09.02.2016;14:02:44;409
09.02.2016;14:02:46;408.3
09.02.2016;14:02:48;409.3
09.02.2016;14:02:50;409.9
09.02.2016;14:02:52;410.9
09.02.2016;14:02:54;411.4
09.02.2016;14:02:56;412.8
09.02.2016;14:02:58;413.3
09.02.2016;14:03:00;413.4
09.02.2016;14:03:02;415.6
09.02.2016;14:03:04;415
09.02.2016;14:03:06;415.3
09.02.2016;14:03:08;416.5
09.02.2016;14:03:10;416.9
09.02.2016;14:03:12;416.9
09.02.2016;14:03:14;418.3
09.02.2016;14:03:16;418.6
09.02.2016;14:03:18;419.1
09.02.2016;14:03:20;419.1
09.02.2016;14:03:22;418.7
09.02.2016;14:03:24;419.2
09.02.2016;14:03:26;418.8
09.02.2016;14:03:28;417.7
09.02.2016;14:03:30;416.4
09.02.2016;14:03:32;414.1
09.02.2016;14:03:34;413.3
09.02.2016;14:03:36;413
09.02.2016;14:03:38;413
09.02.2016;14:03:40;414.2
09.02.2016;14:03:42;416.4
09.02.2016;14:03:44;417.3
09.02.2016;14:03:46;418.4
09.02.2016;14:03:48;419.4
09.02.2016;14:03:50;420.8
09.02.2016;14:03:52;421.2
09.02.2016;14:03:54;420.7
09.02.2016;14:03:56;420.9
09.02.2016;14:03:58;422.4
09.02.2016;14:04:00;423.1
09.02.2016;14:04:02;423.4
09.02.2016;14:04:04;423.2
09.02.2016;14:04:06;422.8
09.02.2016;14:04:08;422.4
09.02.2016;14:04:10;421.8
09.02.2016;14:04:12;421.2
09.02.2016;14:04:14;420.2
09.02.2016;14:04:16;418.6
09.02.2016;14:04:18;418.1
09.02.2016;14:04:20;416.7
09.02.2016;14:04:22;416.7
09.02.2016;14:04:24;416.7
09.02.2016;14:04:26;415.6
09.02.2016;14:04:28;414.2
09.02.2016;14:04:30;411.9
09.02.2016;14:04:32;410.9
09.02.2016;14:04:34;411.4
09.02.2016;14:04:36;410.9
09.02.2016;14:04:38;409.7
09.02.2016;14:04:40;408.7
09.02.2016;14:04:42;407.4
09.02.2016;14:04:44;406.8
09.02.2016;14:04:46;405.4
09.02.2016;14:04:48;404.7
09.02.2016;14:04:50;404.9
09.02.2016;14:04:52;404.3
09.02.2016;14:04:54;404.3
09.02.2016;14:04:56;404.5
09.02.2016;14:04:58;403.8
09.02.2016;14:05:00;403.3
09.02.2016;14:05:02;403.5
09.02.2016;14:05:04;403.9
09.02.2016;14:05:06;404.1
09.02.2016;14:05:08;404.1
09.02.2016;14:05:10;404.8
09.02.2016;14:05:12;405.7
09.02.2016;14:05:14;405.1
09.02.2016;14:05:16;404.7
09.02.2016;14:05:18;404.4
09.02.2016;14:05:20;405.8
09.02.2016;14:05:22;406.1
09.02.2016;14:05:24;407.7
09.02.2016;14:05:26;408.6
09.02.2016;14:05:28;408.6
09.02.2016;14:05:30;408.2
09.02.2016;14:05:32;407.7
09.02.2016;14:05:34;407.2
09.02.2016;14:05:36;406.4
09.02.2016;14:05:38;406.1
09.02.2016;14:05:40;406.1
09.02.2016;14:05:42;405.7
09.02.2016;14:05:44;405.1
09.02.2016;14:05:46;403.8
09.02.2016;14:05:48;403.4
09.02.2016;14:05:50;403.2
09.02.2016;14:05:52;402.4
09.02.2016;14:05:54;401.2
09.02.2016;14:05:56;400.4
09.02.2016;14:05:58;399.1
09.02.2016;14:06:00;398
09.02.2016;14:06:02;398.3
09.02.2016;14:06:04;397.9
09.02.2016;14:06:06;398.3
09.02.2016;14:06:08;397.4
09.02.2016;14:06:10;397.1
09.02.2016;14:06:12;396.3
09.02.2016;14:06:14;396.2
09.02.2016;14:06:16;396.2
09.02.2016;14:06:18;396.1
09.02.2016;14:06:20;396.3
09.02.2016;14:06:22;396.3
09.02.2016;14:06:24;396.3
09.02.2016;14:06:26;396.2
09.02.2016;14:06:28;395.3
09.02.2016;14:06:30;395.3
09.02.2016;14:06:32;396.4
09.02.2016;14:06:34;396.9
09.02.2016;14:06:36;396.9
09.02.2016;14:06:38;397.2
09.02.2016;14:06:40;397.2
09.02.2016;14:06:42;396.8
09.02.2016;14:06:44;397.7
09.02.2016;14:06:46;398.2
09.02.2016;14:06:48;398.6
09.02.2016;14:06:50;398.9
09.02.2016;14:06:52;398.6
09.02.2016;14:06:54;398.4
09.02.2016;14:06:56;398.7
09.02.2016;14:06:58;398.1
09.02.2016;14:07:00;397.1
09.02.2016;14:07:02;397
09.02.2016;14:07:04;397.3
09.02.2016;14:07:06;398.8
09.02.2016;14:07:08;399.7
09.02.2016;14:07:10;400.4
09.02.2016;14:07:12;400.4
09.02.2016;14:07:14;401.6
09.02.2016;14:07:16;402.3
09.02.2016;14:07:18;403.6
09.02.2016;14:07:20;403.6
09.02.2016;14:07:22;404.2
09.02.2016;14:07:24;405.4
09.02.2016;14:07:26;405.4
09.02.2016;14:07:28;405.7
09.02.2016;14:07:30;405.1
09.02.2016;14:07:32;404.6
09.02.2016;14:07:34;403.6
09.02.2016;14:07:36;403
09.02.2016;14:07:38;403.3
09.02.2016;14:07:40;403.9
09.02.2016;14:07:42;403.4
09.02.2016;14:07:44;403.7
09.02.2016;14:07:46;404.3
09.02.2016;14:07:48;403.9
09.02.2016;14:07:50;402.3
09.02.2016;14:07:52;401.9
09.02.2016;14:07:54;400.3
09.02.2016;14:07:56;399.1
09.02.2016;14:07:58;397.9
09.02.2016;14:08:00;397.1
09.02.2016;14:08:02;396.6
09.02.2016;14:08:04;395.6
09.02.2016;14:08:06;393.7
09.02.2016;14:08:08;391.9
09.02.2016;14:08:10;390.3
09.02.2016;14:08:12;389.1
09.02.2016;14:08:14;387.9
09.02.2016;14:08:16;387.3
09.02.2016;14:08:18;386.4
09.02.2016;14:08:20;385.8
09.02.2016;14:08:22;385.4
09.02.2016;14:08:24;384.3
09.02.2016;14:08:26;383.9
09.02.2016;14:08:28;383.5
09.02.2016;14:08:30;383.5
09.02.2016;14:08:32;382.8
09.02.2016;14:08:34;381.8
09.02.2016;14:08:36;381.3
09.02.2016;14:08:38;379.7
09.02.2016;14:08:40;379.1
09.02.2016;14:08:42;379.2
09.02.2016;14:08:44;379.4
09.02.2016;14:08:46;379
09.02.2016;14:08:48;378.3
09.02.2016;14:08:50;377.6
09.02.2016;14:08:52;377.6
09.02.2016;14:08:54;378
09.02.2016;14:08:56;378.8
09.02.2016;14:08:58;380
09.02.2016;14:09:00;381.1
09.02.2016;14:09:02;382.3
09.02.2016;14:09:04;382.3
09.02.2016;14:09:06;381.9
09.02.2016;14:09:08;381.7
09.02.2016;14:09:10;381.4
09.02.2016;14:09:12;380.6
09.02.2016;14:09:14;380.6
09.02.2016;14:09:16;381.1
09.02.2016;14:09:18;381.2
09.02.2016;14:09:20;381.2
09.02.2016;14:09:22;381.2
09.02.2016;14:09:24;381.2
09.02.2016;14:09:26;381.2
09.02.2016;14:09:28;380.9
09.02.2016;14:09:30;380.7
09.02.2016;14:09:32;380.3
09.02.2016;14:09:34;379.6
09.02.2016;14:09:36;379.1
09.02.2016;14:09:38;379.1
09.02.2016;14:09:40;378.7
09.02.2016;14:09:42;377.6
09.02.2016;14:09:44;376.3
09.02.2016;14:09:46;374.8
09.02.2016;14:09:48;373.9
09.02.2016;14:09:50;373.1
09.02.2016;14:09:52;372.6
09.02.2016;14:09:54;371.8
09.02.2016;14:09:56;371.4
09.02.2016;14:09:58;371.1
09.02.2016;14:10:00;370.6
09.02.2016;14:10:02;370
09.02.2016;14:10:04;371.1
09.02.2016;14:10:06;371.7
09.02.2016;14:10:08;372.7
09.02.2016;14:10:10;374.2
09.02.2016;14:10:12;374.2
09.02.2016;14:10:14;373.7
09.02.2016;14:10:16;373.4
09.02.2016;14:10:18;372.7
09.02.2016;14:10:20;372.1
09.02.2016;14:10:22;370.6
09.02.2016;14:10:24;370.1
09.02.2016;14:10:26;370.5
09.02.2016;14:10:28;370.5
09.02.2016;14:10:30;370.6
09.02.2016;14:10:32;372.1
09.02.2016;14:10:34;372.6
09.02.2016;14:10:36;373.3
09.02.2016;14:10:38;373.6
09.02.2016;14:10:40;373.4
09.02.2016;14:10:42;373.6
09.02.2016;14:10:44;373.6
09.02.2016;14:10:46;373.4
09.02.2016;14:10:48;373.9
09.02.2016;14:10:50;374.3
09.02.2016;14:10:52;375.2
09.02.2016;14:10:54;375.9
09.02.2016;14:10:56;375.9
09.02.2016;14:10:58;375.9
09.02.2016;14:11:00;378
09.02.2016;14:11:02;378.9
09.02.2016;14:11:04;379.3
09.02.2016;14:11:06;380
09.02.2016;14:11:08;380.6
09.02.2016;14:11:10;380.2
09.02.2016;14:11:12;380.2
09.02.2016;14:11:14;380.5
09.02.2016;14:11:16;380.8
09.02.2016;14:11:18;381.4
09.02.2016;14:11:20;381.1
09.02.2016;14:11:22;380.1
09.02.2016;14:11:24;380.3
09.02.2016;14:11:26;380
09.02.2016;14:11:28;379.4
09.02.2016;14:11:30;379.1
09.02.2016;14:11:32;380.1
09.02.2016;14:11:34;380.1
09.02.2016;14:11:36;380.1
09.02.2016;14:11:38;378.7
09.02.2016;14:11:40;378.2
09.02.2016;14:11:42;377.4
09.02.2016;14:11:44;375.9
09.02.2016;14:11:46;375.4
09.02.2016;14:11:48;376.4
09.02.2016;14:11:50;376.4
09.02.2016;14:11:52;375.6
09.02.2016;14:11:54;375.1
09.02.2016;14:11:56;375.4
09.02.2016;14:11:58;375.8
09.02.2016;14:12:00;375.8
09.02.2016;14:12:02;375.7
09.02.2016;14:12:04;376.6
09.02.2016;14:12:06;377
09.02.2016;14:12:08;376.8
09.02.2016;14:12:10;377
09.02.2016;14:12:12;376.7
09.02.2016;14:12:14;375.8
09.02.2016;14:12:16;375.8
09.02.2016;14:12:18;374.9
09.02.2016;14:12:20;374.9
09.02.2016;14:12:22;374.9
09.02.2016;14:12:24;374.9
09.02.2016;14:12:26;374.9
09.02.2016;14:12:28;375.6
09.02.2016;14:12:30;376.1
09.02.2016;14:12:32;376.1
09.02.2016;14:12:34;376.1
09.02.2016;14:12:36;375.6
09.02.2016;14:12:38;376.1
09.02.2016;14:12:40;375.7
09.02.2016;14:12:42;376.8
09.02.2016;14:12:44;376.9
09.02.2016;14:12:46;376.9
09.02.2016;14:12:48;377.1
09.02.2016;14:12:50;378.6
09.02.2016;14:12:52;378.8
09.02.2016;14:12:54;378.8
09.02.2016;14:12:56;379.2
09.02.2016;14:12:58;379.2
09.02.2016;14:13:00;380.5
09.02.2016;14:13:02;381.5
09.02.2016;14:13:04;380.9
09.02.2016;14:13:06;380.8
09.02.2016;14:13:08;382.2
09.02.2016;14:13:10;383.5
09.02.2016;14:13:12;384.3
09.02.2016;14:13:14;384
09.02.2016;14:13:16;383.7
09.02.2016;14:13:18;383.9
09.02.2016;14:13:20;384.6
09.02.2016;14:13:22;384.6
09.02.2016;14:13:24;384.4
09.02.2016;14:13:26;384.2
09.02.2016;14:13:28;383.6
09.02.2016;14:13:30;383.2
